season,team,match_number,date,opponent,venue,goals_for,goals_against,result,points,cumulative_points,goal_difference,goals_for_total,goals_against_total,match_id,source_url,downloaded_at
2020-21,Arsenal,1,2020-09-12,Fulham,A,3,0,W,3,3,3,3,0,1,https://www.football-data.co.uk/mmz4281/2021/E0.csv,2026-05-25
2020-21,Arsenal,2,2020-09-19,West Ham,H,2,1,W,3,6,4,5,1,12,https://www.football-data.co.uk/mmz4281/2021/E0.csv,2026-05-25
2020-21,Arsenal,3,2020-09-28,Liverpool,A,1,3,L,0,6,2,6,4,28,https://www.football-data.co.uk/mmz4281/2021/E0.csv,2026-05-25
2020-21,Arsenal,4,2020-10-04,Sheffield United,H,2,1,W,3,9,3,8,5,35,https://www.football-data.co.uk/mmz4281/2021/E0.csv,2026-05-25
2020-21,Arsenal,5,2020-10-17,Man City,A,0,1,L,0,9,2,8,6,41,https://www.football-data.co.uk/mmz4281/2021/E0.csv,2026-05-25
2020-21,Arsenal,6,2020-10-25,Leicester,H,0,1,L,0,9,1,8,7,56,https://www.football-data.co.uk/mmz4281/2021/E0.csv,2026-05-25
2020-21,Arsenal,7,2020-11-01,Man United,A,1,0,W,3,12,2,9,7,65,https://www.football-data.co.uk/mmz4281/2021/E0.csv,2026-05-25
2020-21,Arsenal,8,2020-11-08,Aston Villa,H,0,3,L,0,12,-1,9,10,78,https://www.football-data.co.uk/mmz4281/2021/E0.csv,2026-05-25
2020-21,Arsenal,9,2020-11-22,Leeds,A,0,0,D,1,13,-1,9,10,85,https://www.football-data.co.uk/mmz4281/2021/E0.csv,2026-05-25
2020-21,Arsenal,10,2020-11-29,Wolves,H,1,2,L,0,13,-2,10,12,96,https://www.football-data.co.uk/mmz4281/2021/E0.csv,2026-05-25
2020-21,Arsenal,11,2020-12-06,Tottenham,A,0,2,L,0,13,-4,10,14,105,https://www.football-data.co.uk/mmz4281/2021/E0.csv,2026-05-25
2020-21,Arsenal,12,2020-12-13,Burnley,H,0,1,L,0,13,-5,10,15,116,https://www.football-data.co.uk/mmz4281/2021/E0.csv,2026-05-25
2020-21,Arsenal,13,2020-12-16,Southampton,H,1,1,D,1,14,-5,11,16,120,https://www.football-data.co.uk/mmz4281/2021/E0.csv,2026-05-25
2020-21,Arsenal,14,2020-12-19,Everton,A,1,2,L,0,14,-6,12,18,130,https://www.football-data.co.uk/mmz4281/2021/E0.csv,2026-05-25
2020-21,Arsenal,15,2020-12-26,Chelsea,H,3,1,W,3,17,-4,15,19,141,https://www.football-data.co.uk/mmz4281/2021/E0.csv,2026-05-25
2020-21,Arsenal,16,2020-12-29,Brighton,A,1,0,W,3,20,-3,16,19,150,https://www.football-data.co.uk/mmz4281/2021/E0.csv,2026-05-25
2020-21,Arsenal,17,2021-01-02,West Brom,A,4,0,W,3,23,1,20,19,161,https://www.football-data.co.uk/mmz4281/2021/E0.csv,2026-05-25
2020-21,Arsenal,18,2021-01-14,Crystal Palace,H,0,0,D,1,24,1,20,19,170,https://www.football-data.co.uk/mmz4281/2021/E0.csv,2026-05-25
2020-21,Arsenal,19,2021-01-18,Newcastle,H,3,0,W,3,27,4,23,19,179,https://www.football-data.co.uk/mmz4281/2021/E0.csv,2026-05-25
2020-21,Arsenal,20,2021-01-26,Southampton,A,3,1,W,3,30,6,26,20,188,https://www.football-data.co.uk/mmz4281/2021/E0.csv,2026-05-25
2020-21,Arsenal,21,2021-01-30,Man United,H,0,0,D,1,31,6,26,20,200,https://www.football-data.co.uk/mmz4281/2021/E0.csv,2026-05-25
2020-21,Arsenal,22,2021-02-02,Wolves,A,1,2,L,0,31,5,27,22,207,https://www.football-data.co.uk/mmz4281/2021/E0.csv,2026-05-25
2020-21,Arsenal,23,2021-02-06,Aston Villa,A,0,1,L,0,31,4,27,23,216,https://www.football-data.co.uk/mmz4281/2021/E0.csv,2026-05-25
2020-21,Arsenal,24,2021-02-14,Leeds,H,4,2,W,3,34,6,31,25,232,https://www.football-data.co.uk/mmz4281/2021/E0.csv,2026-05-25
2020-21,Arsenal,25,2021-02-21,Man City,H,0,1,L,0,34,5,31,26,245,https://www.football-data.co.uk/mmz4281/2021/E0.csv,2026-05-25
2020-21,Arsenal,26,2021-02-28,Leicester,A,3,1,W,3,37,7,34,27,254,https://www.football-data.co.uk/mmz4281/2021/E0.csv,2026-05-25
2020-21,Arsenal,27,2021-03-06,Burnley,A,1,1,D,1,38,7,35,28,266,https://www.football-data.co.uk/mmz4281/2021/E0.csv,2026-05-25
2020-21,Arsenal,28,2021-03-14,Tottenham,H,2,1,W,3,41,8,37,29,284,https://www.football-data.co.uk/mmz4281/2021/E0.csv,2026-05-25
2020-21,Arsenal,29,2021-03-21,West Ham,A,3,3,D,1,42,8,40,32,289,https://www.football-data.co.uk/mmz4281/2021/E0.csv,2026-05-25
2020-21,Arsenal,30,2021-04-03,Liverpool,H,0,3,L,0,42,5,40,35,294,https://www.football-data.co.uk/mmz4281/2021/E0.csv,2026-05-25
2020-21,Arsenal,31,2021-04-11,Sheffield United,A,3,0,W,3,45,8,43,35,308,https://www.football-data.co.uk/mmz4281/2021/E0.csv,2026-05-25
2020-21,Arsenal,32,2021-04-18,Fulham,H,1,1,D,1,46,8,44,36,314,https://www.football-data.co.uk/mmz4281/2021/E0.csv,2026-05-25
2020-21,Arsenal,33,2021-04-23,Everton,H,0,1,L,0,46,7,44,37,321,https://www.football-data.co.uk/mmz4281/2021/E0.csv,2026-05-25
2020-21,Arsenal,34,2021-05-02,Newcastle,A,2,0,W,3,49,9,46,37,334,https://www.football-data.co.uk/mmz4281/2021/E0.csv,2026-05-25
2020-21,Arsenal,35,2021-05-09,West Brom,H,3,1,W,3,52,11,49,38,346,https://www.football-data.co.uk/mmz4281/2021/E0.csv,2026-05-25
2020-21,Arsenal,36,2021-05-12,Chelsea,A,1,0,W,3,55,12,50,38,350,https://www.football-data.co.uk/mmz4281/2021/E0.csv,2026-05-25
2020-21,Arsenal,37,2021-05-19,Crystal Palace,A,3,1,W,3,58,14,53,39,368,https://www.football-data.co.uk/mmz4281/2021/E0.csv,2026-05-25
2020-21,Arsenal,38,2021-05-23,Brighton,H,2,0,W,3,61,16,55,39,371,https://www.football-data.co.uk/mmz4281/2021/E0.csv,2026-05-25
2020-21,Aston Villa,1,2020-09-21,Sheffield United,H,1,0,W,3,3,1,1,0,17,https://www.football-data.co.uk/mmz4281/2021/E0.csv,2026-05-25
2020-21,Aston Villa,2,2020-09-28,Fulham,A,3,0,W,3,6,4,4,0,27,https://www.football-data.co.uk/mmz4281/2021/E0.csv,2026-05-25
2020-21,Aston Villa,3,2020-10-04,Liverpool,H,7,2,W,3,9,9,11,2,38,https://www.football-data.co.uk/mmz4281/2021/E0.csv,2026-05-25
2020-21,Aston Villa,4,2020-10-18,Leicester,A,1,0,W,3,12,10,12,2,46,https://www.football-data.co.uk/mmz4281/2021/E0.csv,2026-05-25
2020-21,Aston Villa,5,2020-10-23,Leeds,H,0,3,L,0,12,7,12,5,49,https://www.football-data.co.uk/mmz4281/2021/E0.csv,2026-05-25
2020-21,Aston Villa,6,2020-11-01,Southampton,H,3,4,L,0,12,6,15,9,63,https://www.football-data.co.uk/mmz4281/2021/E0.csv,2026-05-25
2020-21,Aston Villa,7,2020-11-08,Arsenal,A,3,0,W,3,15,9,18,9,78,https://www.football-data.co.uk/mmz4281/2021/E0.csv,2026-05-25
2020-21,Aston Villa,8,2020-11-21,Brighton,H,1,2,L,0,15,8,19,11,80,https://www.football-data.co.uk/mmz4281/2021/E0.csv,2026-05-25
2020-21,Aston Villa,9,2020-11-30,West Ham,A,1,2,L,0,15,7,20,13,98,https://www.football-data.co.uk/mmz4281/2021/E0.csv,2026-05-25
2020-21,Aston Villa,10,2020-12-12,Wolves,A,1,0,W,3,18,8,21,13,109,https://www.football-data.co.uk/mmz4281/2021/E0.csv,2026-05-25
2020-21,Aston Villa,11,2020-12-17,Burnley,H,0,0,D,1,19,8,21,13,126,https://www.football-data.co.uk/mmz4281/2021/E0.csv,2026-05-25
2020-21,Aston Villa,12,2020-12-20,West Brom,A,3,0,W,3,22,11,24,13,135,https://www.football-data.co.uk/mmz4281/2021/E0.csv,2026-05-25
2020-21,Aston Villa,13,2020-12-26,Crystal Palace,H,3,0,W,3,25,14,27,13,139,https://www.football-data.co.uk/mmz4281/2021/E0.csv,2026-05-25
2020-21,Aston Villa,14,2020-12-28,Chelsea,A,1,1,D,1,26,14,28,14,149,https://www.football-data.co.uk/mmz4281/2021/E0.csv,2026-05-25
2020-21,Aston Villa,15,2021-01-01,Man United,A,1,2,L,0,26,13,29,16,157,https://www.football-data.co.uk/mmz4281/2021/E0.csv,2026-05-25
2020-21,Aston Villa,16,2021-01-20,Man City,A,0,2,L,0,26,11,29,18,182,https://www.football-data.co.uk/mmz4281/2021/E0.csv,2026-05-25
2020-21,Aston Villa,17,2021-01-23,Newcastle,H,2,0,W,3,29,13,31,18,185,https://www.football-data.co.uk/mmz4281/2021/E0.csv,2026-05-25
2020-21,Aston Villa,18,2021-01-27,Burnley,A,2,3,L,0,29,12,33,21,190,https://www.football-data.co.uk/mmz4281/2021/E0.csv,2026-05-25
2020-21,Aston Villa,19,2021-01-30,Southampton,A,1,0,W,3,32,13,34,21,201,https://www.football-data.co.uk/mmz4281/2021/E0.csv,2026-05-25
2020-21,Aston Villa,20,2021-02-03,West Ham,H,1,3,L,0,32,11,35,24,213,https://www.football-data.co.uk/mmz4281/2021/E0.csv,2026-05-25
2020-21,Aston Villa,21,2021-02-06,Arsenal,H,1,0,W,3,35,12,36,24,216,https://www.football-data.co.uk/mmz4281/2021/E0.csv,2026-05-25
2020-21,Aston Villa,22,2021-02-13,Brighton,A,0,0,D,1,36,12,36,24,229,https://www.football-data.co.uk/mmz4281/2021/E0.csv,2026-05-25
2020-21,Aston Villa,23,2021-02-21,Leicester,H,1,2,L,0,36,11,37,26,244,https://www.football-data.co.uk/mmz4281/2021/E0.csv,2026-05-25
2020-21,Aston Villa,24,2021-02-27,Leeds,A,1,0,W,3,39,12,38,26,251,https://www.football-data.co.uk/mmz4281/2021/E0.csv,2026-05-25
2020-21,Aston Villa,25,2021-03-03,Sheffield United,A,0,1,L,0,39,11,38,27,261,https://www.football-data.co.uk/mmz4281/2021/E0.csv,2026-05-25
2020-21,Aston Villa,26,2021-03-06,Wolves,H,0,0,D,1,40,11,38,27,268,https://www.football-data.co.uk/mmz4281/2021/E0.csv,2026-05-25
2020-21,Aston Villa,27,2021-03-12,Newcastle,A,1,1,D,1,41,11,39,28,277,https://www.football-data.co.uk/mmz4281/2021/E0.csv,2026-05-25
2020-21,Aston Villa,28,2021-03-21,Tottenham,H,0,2,L,0,41,9,39,30,290,https://www.football-data.co.uk/mmz4281/2021/E0.csv,2026-05-25
2020-21,Aston Villa,29,2021-04-04,Fulham,H,3,1,W,3,44,11,42,31,297,https://www.football-data.co.uk/mmz4281/2021/E0.csv,2026-05-25
2020-21,Aston Villa,30,2021-04-10,Liverpool,A,1,2,L,0,44,10,43,33,303,https://www.football-data.co.uk/mmz4281/2021/E0.csv,2026-05-25
2020-21,Aston Villa,31,2021-04-21,Man City,H,1,2,L,0,44,9,44,35,319,https://www.football-data.co.uk/mmz4281/2021/E0.csv,2026-05-25
2020-21,Aston Villa,32,2021-04-25,West Brom,H,2,2,D,1,45,9,46,37,327,https://www.football-data.co.uk/mmz4281/2021/E0.csv,2026-05-25
2020-21,Aston Villa,33,2021-05-01,Everton,A,2,1,W,3,48,10,48,38,333,https://www.football-data.co.uk/mmz4281/2021/E0.csv,2026-05-25
2020-21,Aston Villa,34,2021-05-09,Man United,H,1,3,L,0,48,8,49,41,344,https://www.football-data.co.uk/mmz4281/2021/E0.csv,2026-05-25
2020-21,Aston Villa,35,2021-05-13,Everton,H,0,0,D,1,49,8,49,41,351,https://www.football-data.co.uk/mmz4281/2021/E0.csv,2026-05-25
2020-21,Aston Villa,36,2021-05-16,Crystal Palace,A,2,3,L,0,49,7,51,44,357,https://www.football-data.co.uk/mmz4281/2021/E0.csv,2026-05-25
2020-21,Aston Villa,37,2021-05-19,Tottenham,A,2,1,W,3,52,8,53,45,367,https://www.football-data.co.uk/mmz4281/2021/E0.csv,2026-05-25
2020-21,Aston Villa,38,2021-05-23,Chelsea,H,2,1,W,3,55,9,55,46,372,https://www.football-data.co.uk/mmz4281/2021/E0.csv,2026-05-25
2020-21,Brighton,1,2020-09-14,Chelsea,H,1,3,L,0,0,-2,1,3,7,https://www.football-data.co.uk/mmz4281/2021/E0.csv,2026-05-25
2020-21,Brighton,2,2020-09-20,Newcastle,A,3,0,W,3,3,1,4,3,14,https://www.football-data.co.uk/mmz4281/2021/E0.csv,2026-05-25
2020-21,Brighton,3,2020-09-26,Man United,H,2,3,L,0,3,0,6,6,19,https://www.football-data.co.uk/mmz4281/2021/E0.csv,2026-05-25
2020-21,Brighton,4,2020-10-03,Everton,A,2,4,L,0,3,-2,8,10,30,https://www.football-data.co.uk/mmz4281/2021/E0.csv,2026-05-25
2020-21,Brighton,5,2020-10-18,Crystal Palace,A,1,1,D,1,4,-2,9,11,44,https://www.football-data.co.uk/mmz4281/2021/E0.csv,2026-05-25
2020-21,Brighton,6,2020-10-26,West Brom,H,1,1,D,1,5,-2,10,12,57,https://www.football-data.co.uk/mmz4281/2021/E0.csv,2026-05-25
2020-21,Brighton,7,2020-11-01,Tottenham,A,1,2,L,0,5,-3,11,14,66,https://www.football-data.co.uk/mmz4281/2021/E0.csv,2026-05-25
2020-21,Brighton,8,2020-11-06,Burnley,H,0,0,D,1,6,-3,11,14,69,https://www.football-data.co.uk/mmz4281/2021/E0.csv,2026-05-25
2020-21,Brighton,9,2020-11-21,Aston Villa,A,2,1,W,3,9,-2,13,15,80,https://www.football-data.co.uk/mmz4281/2021/E0.csv,2026-05-25
2020-21,Brighton,10,2020-11-28,Liverpool,H,1,1,D,1,10,-2,14,16,90,https://www.football-data.co.uk/mmz4281/2021/E0.csv,2026-05-25
2020-21,Brighton,11,2020-12-07,Southampton,H,1,2,L,0,10,-3,15,18,107,https://www.football-data.co.uk/mmz4281/2021/E0.csv,2026-05-25
2020-21,Brighton,12,2020-12-13,Leicester,A,0,3,L,0,10,-6,15,21,117,https://www.football-data.co.uk/mmz4281/2021/E0.csv,2026-05-25
2020-21,Brighton,13,2020-12-16,Fulham,A,0,0,D,1,11,-6,15,21,123,https://www.football-data.co.uk/mmz4281/2021/E0.csv,2026-05-25
2020-21,Brighton,14,2020-12-20,Sheffield United,H,1,1,D,1,12,-6,16,22,132,https://www.football-data.co.uk/mmz4281/2021/E0.csv,2026-05-25
2020-21,Brighton,15,2020-12-27,West Ham,A,2,2,D,1,13,-6,18,24,145,https://www.football-data.co.uk/mmz4281/2021/E0.csv,2026-05-25
2020-21,Brighton,16,2020-12-29,Arsenal,H,0,1,L,0,13,-7,18,25,150,https://www.football-data.co.uk/mmz4281/2021/E0.csv,2026-05-25
2020-21,Brighton,17,2021-01-02,Wolves,H,3,3,D,1,14,-7,21,28,160,https://www.football-data.co.uk/mmz4281/2021/E0.csv,2026-05-25
2020-21,Brighton,18,2021-01-13,Man City,A,0,1,L,0,14,-8,21,29,168,https://www.football-data.co.uk/mmz4281/2021/E0.csv,2026-05-25
2020-21,Brighton,19,2021-01-16,Leeds,A,1,0,W,3,17,-7,22,29,172,https://www.football-data.co.uk/mmz4281/2021/E0.csv,2026-05-25
2020-21,Brighton,20,2021-01-27,Fulham,H,0,0,D,1,18,-7,22,29,192,https://www.football-data.co.uk/mmz4281/2021/E0.csv,2026-05-25
2020-21,Brighton,21,2021-01-31,Tottenham,H,1,0,W,3,21,-6,23,29,205,https://www.football-data.co.uk/mmz4281/2021/E0.csv,2026-05-25
2020-21,Brighton,22,2021-02-03,Liverpool,A,1,0,W,3,24,-5,24,29,214,https://www.football-data.co.uk/mmz4281/2021/E0.csv,2026-05-25
2020-21,Brighton,23,2021-02-06,Burnley,A,1,1,D,1,25,-5,25,30,217,https://www.football-data.co.uk/mmz4281/2021/E0.csv,2026-05-25
2020-21,Brighton,24,2021-02-13,Aston Villa,H,0,0,D,1,26,-5,25,30,229,https://www.football-data.co.uk/mmz4281/2021/E0.csv,2026-05-25
2020-21,Brighton,25,2021-02-22,Crystal Palace,H,1,2,L,0,26,-6,26,32,247,https://www.football-data.co.uk/mmz4281/2021/E0.csv,2026-05-25
2020-21,Brighton,26,2021-02-27,West Brom,A,0,1,L,0,26,-7,26,33,250,https://www.football-data.co.uk/mmz4281/2021/E0.csv,2026-05-25
2020-21,Brighton,27,2021-03-06,Leicester,H,1,2,L,0,26,-8,27,35,269,https://www.football-data.co.uk/mmz4281/2021/E0.csv,2026-05-25
2020-21,Brighton,28,2021-03-14,Southampton,A,2,1,W,3,29,-7,29,36,282,https://www.football-data.co.uk/mmz4281/2021/E0.csv,2026-05-25
2020-21,Brighton,29,2021-03-20,Newcastle,H,3,0,W,3,32,-4,32,36,288,https://www.football-data.co.uk/mmz4281/2021/E0.csv,2026-05-25
2020-21,Brighton,30,2021-04-04,Man United,A,1,2,L,0,32,-5,33,38,298,https://www.football-data.co.uk/mmz4281/2021/E0.csv,2026-05-25
2020-21,Brighton,31,2021-04-12,Everton,H,0,0,D,1,33,-5,33,38,310,https://www.football-data.co.uk/mmz4281/2021/E0.csv,2026-05-25
2020-21,Brighton,32,2021-04-20,Chelsea,A,0,0,D,1,34,-5,33,38,317,https://www.football-data.co.uk/mmz4281/2021/E0.csv,2026-05-25
2020-21,Brighton,33,2021-04-24,Sheffield United,A,0,1,L,0,34,-6,33,39,324,https://www.football-data.co.uk/mmz4281/2021/E0.csv,2026-05-25
2020-21,Brighton,34,2021-05-01,Leeds,H,2,0,W,3,37,-4,35,39,331,https://www.football-data.co.uk/mmz4281/2021/E0.csv,2026-05-25
2020-21,Brighton,35,2021-05-09,Wolves,A,1,2,L,0,37,-5,36,41,343,https://www.football-data.co.uk/mmz4281/2021/E0.csv,2026-05-25
2020-21,Brighton,36,2021-05-15,West Ham,H,1,1,D,1,38,-5,37,42,356,https://www.football-data.co.uk/mmz4281/2021/E0.csv,2026-05-25
2020-21,Brighton,37,2021-05-18,Man City,H,3,2,W,3,41,-4,40,44,363,https://www.football-data.co.uk/mmz4281/2021/E0.csv,2026-05-25
2020-21,Brighton,38,2021-05-23,Arsenal,A,0,2,L,0,41,-6,40,46,371,https://www.football-data.co.uk/mmz4281/2021/E0.csv,2026-05-25
2020-21,Burnley,1,2020-09-20,Leicester,A,2,4,L,0,0,-2,2,4,16,https://www.football-data.co.uk/mmz4281/2021/E0.csv,2026-05-25
2020-21,Burnley,2,2020-09-26,Southampton,H,0,1,L,0,0,-3,2,5,22,https://www.football-data.co.uk/mmz4281/2021/E0.csv,2026-05-25
2020-21,Burnley,3,2020-10-03,Newcastle,A,1,3,L,0,0,-5,3,8,32,https://www.football-data.co.uk/mmz4281/2021/E0.csv,2026-05-25
2020-21,Burnley,4,2020-10-19,West Brom,A,0,0,D,1,1,-5,3,8,47,https://www.football-data.co.uk/mmz4281/2021/E0.csv,2026-05-25
2020-21,Burnley,5,2020-10-26,Tottenham,H,0,1,L,0,1,-6,3,9,58,https://www.football-data.co.uk/mmz4281/2021/E0.csv,2026-05-25
2020-21,Burnley,6,2020-10-31,Chelsea,H,0,3,L,0,1,-9,3,12,61,https://www.football-data.co.uk/mmz4281/2021/E0.csv,2026-05-25
2020-21,Burnley,7,2020-11-06,Brighton,A,0,0,D,1,2,-9,3,12,69,https://www.football-data.co.uk/mmz4281/2021/E0.csv,2026-05-25
2020-21,Burnley,8,2020-11-23,Crystal Palace,H,1,0,W,3,5,-8,4,12,87,https://www.football-data.co.uk/mmz4281/2021/E0.csv,2026-05-25
2020-21,Burnley,9,2020-11-28,Man City,A,0,5,L,0,5,-13,4,17,91,https://www.football-data.co.uk/mmz4281/2021/E0.csv,2026-05-25
2020-21,Burnley,10,2020-12-05,Everton,H,1,1,D,1,6,-13,5,18,99,https://www.football-data.co.uk/mmz4281/2021/E0.csv,2026-05-25
2020-21,Burnley,11,2020-12-13,Arsenal,A,1,0,W,3,9,-12,6,18,116,https://www.football-data.co.uk/mmz4281/2021/E0.csv,2026-05-25
2020-21,Burnley,12,2020-12-17,Aston Villa,A,0,0,D,1,10,-12,6,18,126,https://www.football-data.co.uk/mmz4281/2021/E0.csv,2026-05-25
2020-21,Burnley,13,2020-12-21,Wolves,H,2,1,W,3,13,-11,8,19,136,https://www.football-data.co.uk/mmz4281/2021/E0.csv,2026-05-25
2020-21,Burnley,14,2020-12-27,Leeds,A,0,1,L,0,13,-12,8,20,144,https://www.football-data.co.uk/mmz4281/2021/E0.csv,2026-05-25
2020-21,Burnley,15,2020-12-29,Sheffield United,H,1,0,W,3,16,-11,9,20,151,https://www.football-data.co.uk/mmz4281/2021/E0.csv,2026-05-25
2020-21,Burnley,16,2021-01-12,Man United,H,0,1,L,0,16,-12,9,21,166,https://www.football-data.co.uk/mmz4281/2021/E0.csv,2026-05-25
2020-21,Burnley,17,2021-01-16,West Ham,A,0,1,L,0,16,-13,9,22,173,https://www.football-data.co.uk/mmz4281/2021/E0.csv,2026-05-25
2020-21,Burnley,18,2021-01-21,Liverpool,A,1,0,W,3,19,-12,10,22,184,https://www.football-data.co.uk/mmz4281/2021/E0.csv,2026-05-25
2020-21,Burnley,19,2021-01-27,Aston Villa,H,3,2,W,3,22,-11,13,24,190,https://www.football-data.co.uk/mmz4281/2021/E0.csv,2026-05-25
2020-21,Burnley,20,2021-01-31,Chelsea,A,0,2,L,0,22,-13,13,26,202,https://www.football-data.co.uk/mmz4281/2021/E0.csv,2026-05-25
2020-21,Burnley,21,2021-02-03,Man City,H,0,2,L,0,22,-15,13,28,210,https://www.football-data.co.uk/mmz4281/2021/E0.csv,2026-05-25
2020-21,Burnley,22,2021-02-06,Brighton,H,1,1,D,1,23,-15,14,29,217,https://www.football-data.co.uk/mmz4281/2021/E0.csv,2026-05-25
2020-21,Burnley,23,2021-02-13,Crystal Palace,A,3,0,W,3,26,-12,17,29,227,https://www.football-data.co.uk/mmz4281/2021/E0.csv,2026-05-25
2020-21,Burnley,24,2021-02-17,Fulham,H,1,1,D,1,27,-12,18,30,236,https://www.football-data.co.uk/mmz4281/2021/E0.csv,2026-05-25
2020-21,Burnley,25,2021-02-20,West Brom,H,0,0,D,1,28,-12,18,30,240,https://www.football-data.co.uk/mmz4281/2021/E0.csv,2026-05-25
2020-21,Burnley,26,2021-02-28,Tottenham,A,0,4,L,0,28,-16,18,34,255,https://www.football-data.co.uk/mmz4281/2021/E0.csv,2026-05-25
2020-21,Burnley,27,2021-03-03,Leicester,H,1,1,D,1,29,-16,19,35,260,https://www.football-data.co.uk/mmz4281/2021/E0.csv,2026-05-25
2020-21,Burnley,28,2021-03-06,Arsenal,H,1,1,D,1,30,-16,20,36,266,https://www.football-data.co.uk/mmz4281/2021/E0.csv,2026-05-25
2020-21,Burnley,29,2021-03-13,Everton,A,2,1,W,3,33,-15,22,37,280,https://www.football-data.co.uk/mmz4281/2021/E0.csv,2026-05-25
2020-21,Burnley,30,2021-04-04,Southampton,A,2,3,L,0,33,-16,24,40,295,https://www.football-data.co.uk/mmz4281/2021/E0.csv,2026-05-25
2020-21,Burnley,31,2021-04-11,Newcastle,H,1,2,L,0,33,-17,25,42,305,https://www.football-data.co.uk/mmz4281/2021/E0.csv,2026-05-25
2020-21,Burnley,32,2021-04-18,Man United,A,1,3,L,0,33,-19,26,45,315,https://www.football-data.co.uk/mmz4281/2021/E0.csv,2026-05-25
2020-21,Burnley,33,2021-04-25,Wolves,A,4,0,W,3,36,-15,30,45,325,https://www.football-data.co.uk/mmz4281/2021/E0.csv,2026-05-25
2020-21,Burnley,34,2021-05-03,West Ham,H,1,2,L,0,36,-16,31,47,337,https://www.football-data.co.uk/mmz4281/2021/E0.csv,2026-05-25
2020-21,Burnley,35,2021-05-10,Fulham,A,2,0,W,3,39,-14,33,47,347,https://www.football-data.co.uk/mmz4281/2021/E0.csv,2026-05-25
2020-21,Burnley,36,2021-05-15,Leeds,H,0,4,L,0,39,-18,33,51,354,https://www.football-data.co.uk/mmz4281/2021/E0.csv,2026-05-25
2020-21,Burnley,37,2021-05-19,Liverpool,H,0,3,L,0,39,-21,33,54,369,https://www.football-data.co.uk/mmz4281/2021/E0.csv,2026-05-25
2020-21,Burnley,38,2021-05-23,Sheffield United,A,0,1,L,0,39,-22,33,55,378,https://www.football-data.co.uk/mmz4281/2021/E0.csv,2026-05-25
2020-21,Chelsea,1,2020-09-14,Brighton,A,3,1,W,3,3,2,3,1,7,https://www.football-data.co.uk/mmz4281/2021/E0.csv,2026-05-25
2020-21,Chelsea,2,2020-09-20,Liverpool,H,0,2,L,0,3,0,3,3,15,https://www.football-data.co.uk/mmz4281/2021/E0.csv,2026-05-25
2020-21,Chelsea,3,2020-09-26,West Brom,A,3,3,D,1,4,0,6,6,21,https://www.football-data.co.uk/mmz4281/2021/E0.csv,2026-05-25
2020-21,Chelsea,4,2020-10-03,Crystal Palace,H,4,0,W,3,7,4,10,6,29,https://www.football-data.co.uk/mmz4281/2021/E0.csv,2026-05-25
2020-21,Chelsea,5,2020-10-17,Southampton,H,3,3,D,1,8,4,13,9,40,https://www.football-data.co.uk/mmz4281/2021/E0.csv,2026-05-25
2020-21,Chelsea,6,2020-10-24,Man United,A,0,0,D,1,9,4,13,9,52,https://www.football-data.co.uk/mmz4281/2021/E0.csv,2026-05-25
2020-21,Chelsea,7,2020-10-31,Burnley,A,3,0,W,3,12,7,16,9,61,https://www.football-data.co.uk/mmz4281/2021/E0.csv,2026-05-25
2020-21,Chelsea,8,2020-11-07,Sheffield United,H,4,1,W,3,15,10,20,10,73,https://www.football-data.co.uk/mmz4281/2021/E0.csv,2026-05-25
2020-21,Chelsea,9,2020-11-21,Newcastle,A,2,0,W,3,18,12,22,10,79,https://www.football-data.co.uk/mmz4281/2021/E0.csv,2026-05-25
2020-21,Chelsea,10,2020-11-29,Tottenham,H,0,0,D,1,19,12,22,10,95,https://www.football-data.co.uk/mmz4281/2021/E0.csv,2026-05-25
2020-21,Chelsea,11,2020-12-05,Leeds,H,3,1,W,3,22,14,25,11,102,https://www.football-data.co.uk/mmz4281/2021/E0.csv,2026-05-25
2020-21,Chelsea,12,2020-12-12,Everton,A,0,1,L,0,22,13,25,12,112,https://www.football-data.co.uk/mmz4281/2021/E0.csv,2026-05-25
2020-21,Chelsea,13,2020-12-15,Wolves,A,1,2,L,0,22,12,26,14,118,https://www.football-data.co.uk/mmz4281/2021/E0.csv,2026-05-25
2020-21,Chelsea,14,2020-12-21,West Ham,H,3,0,W,3,25,15,29,14,137,https://www.football-data.co.uk/mmz4281/2021/E0.csv,2026-05-25
2020-21,Chelsea,15,2020-12-26,Arsenal,A,1,3,L,0,25,13,30,17,141,https://www.football-data.co.uk/mmz4281/2021/E0.csv,2026-05-25
2020-21,Chelsea,16,2020-12-28,Aston Villa,H,1,1,D,1,26,13,31,18,149,https://www.football-data.co.uk/mmz4281/2021/E0.csv,2026-05-25
2020-21,Chelsea,17,2021-01-03,Man City,H,1,3,L,0,26,11,32,21,163,https://www.football-data.co.uk/mmz4281/2021/E0.csv,2026-05-25
2020-21,Chelsea,18,2021-01-16,Fulham,A,1,0,W,3,29,12,33,21,174,https://www.football-data.co.uk/mmz4281/2021/E0.csv,2026-05-25
2020-21,Chelsea,19,2021-01-19,Leicester,A,0,2,L,0,29,10,33,23,181,https://www.football-data.co.uk/mmz4281/2021/E0.csv,2026-05-25
2020-21,Chelsea,20,2021-01-27,Wolves,H,0,0,D,1,30,10,33,23,191,https://www.football-data.co.uk/mmz4281/2021/E0.csv,2026-05-25
2020-21,Chelsea,21,2021-01-31,Burnley,H,2,0,W,3,33,12,35,23,202,https://www.football-data.co.uk/mmz4281/2021/E0.csv,2026-05-25
2020-21,Chelsea,22,2021-02-04,Tottenham,A,1,0,W,3,36,13,36,23,215,https://www.football-data.co.uk/mmz4281/2021/E0.csv,2026-05-25
2020-21,Chelsea,23,2021-02-07,Sheffield United,A,2,1,W,3,39,14,38,24,224,https://www.football-data.co.uk/mmz4281/2021/E0.csv,2026-05-25
2020-21,Chelsea,24,2021-02-15,Newcastle,H,2,0,W,3,42,16,40,24,235,https://www.football-data.co.uk/mmz4281/2021/E0.csv,2026-05-25
2020-21,Chelsea,25,2021-02-20,Southampton,A,1,1,D,1,43,16,41,25,239,https://www.football-data.co.uk/mmz4281/2021/E0.csv,2026-05-25
2020-21,Chelsea,26,2021-02-28,Man United,H,0,0,D,1,44,16,41,25,256,https://www.football-data.co.uk/mmz4281/2021/E0.csv,2026-05-25
2020-21,Chelsea,27,2021-03-04,Liverpool,A,1,0,W,3,47,17,42,25,265,https://www.football-data.co.uk/mmz4281/2021/E0.csv,2026-05-25
2020-21,Chelsea,28,2021-03-08,Everton,H,2,0,W,3,50,19,44,25,274,https://www.football-data.co.uk/mmz4281/2021/E0.csv,2026-05-25
2020-21,Chelsea,29,2021-03-13,Leeds,A,0,0,D,1,51,19,44,25,278,https://www.football-data.co.uk/mmz4281/2021/E0.csv,2026-05-25
2020-21,Chelsea,30,2021-04-03,West Brom,H,2,5,L,0,51,16,46,30,291,https://www.football-data.co.uk/mmz4281/2021/E0.csv,2026-05-25
2020-21,Chelsea,31,2021-04-10,Crystal Palace,A,4,1,W,3,54,19,50,31,304,https://www.football-data.co.uk/mmz4281/2021/E0.csv,2026-05-25
2020-21,Chelsea,32,2021-04-20,Brighton,H,0,0,D,1,55,19,50,31,317,https://www.football-data.co.uk/mmz4281/2021/E0.csv,2026-05-25
2020-21,Chelsea,33,2021-04-24,West Ham,A,1,0,W,3,58,20,51,31,323,https://www.football-data.co.uk/mmz4281/2021/E0.csv,2026-05-25
2020-21,Chelsea,34,2021-05-01,Fulham,H,2,0,W,3,61,22,53,31,332,https://www.football-data.co.uk/mmz4281/2021/E0.csv,2026-05-25
2020-21,Chelsea,35,2021-05-08,Man City,A,2,1,W,3,64,23,55,32,341,https://www.football-data.co.uk/mmz4281/2021/E0.csv,2026-05-25
2020-21,Chelsea,36,2021-05-12,Arsenal,H,0,1,L,0,64,22,55,33,350,https://www.football-data.co.uk/mmz4281/2021/E0.csv,2026-05-25
2020-21,Chelsea,37,2021-05-18,Leicester,H,2,1,W,3,67,23,57,34,364,https://www.football-data.co.uk/mmz4281/2021/E0.csv,2026-05-25
2020-21,Chelsea,38,2021-05-23,Aston Villa,A,1,2,L,0,67,22,58,36,372,https://www.football-data.co.uk/mmz4281/2021/E0.csv,2026-05-25
2020-21,Crystal Palace,1,2020-09-12,Southampton,H,1,0,W,3,3,1,1,0,2,https://www.football-data.co.uk/mmz4281/2021/E0.csv,2026-05-25
2020-21,Crystal Palace,2,2020-09-19,Man United,A,3,1,W,3,6,3,4,1,11,https://www.football-data.co.uk/mmz4281/2021/E0.csv,2026-05-25
2020-21,Crystal Palace,3,2020-09-26,Everton,H,1,2,L,0,6,2,5,3,20,https://www.football-data.co.uk/mmz4281/2021/E0.csv,2026-05-25
2020-21,Crystal Palace,4,2020-10-03,Chelsea,A,0,4,L,0,6,-2,5,7,29,https://www.football-data.co.uk/mmz4281/2021/E0.csv,2026-05-25
2020-21,Crystal Palace,5,2020-10-18,Brighton,H,1,1,D,1,7,-2,6,8,44,https://www.football-data.co.uk/mmz4281/2021/E0.csv,2026-05-25
2020-21,Crystal Palace,6,2020-10-24,Fulham,A,2,1,W,3,10,-1,8,9,51,https://www.football-data.co.uk/mmz4281/2021/E0.csv,2026-05-25
2020-21,Crystal Palace,7,2020-10-30,Wolves,A,0,2,L,0,10,-3,8,11,59,https://www.football-data.co.uk/mmz4281/2021/E0.csv,2026-05-25
2020-21,Crystal Palace,8,2020-11-07,Leeds,H,4,1,W,3,13,0,12,12,72,https://www.football-data.co.uk/mmz4281/2021/E0.csv,2026-05-25
2020-21,Crystal Palace,9,2020-11-23,Burnley,A,0,1,L,0,13,-1,12,13,87,https://www.football-data.co.uk/mmz4281/2021/E0.csv,2026-05-25
2020-21,Crystal Palace,10,2020-11-27,Newcastle,H,0,2,L,0,13,-3,12,15,89,https://www.football-data.co.uk/mmz4281/2021/E0.csv,2026-05-25
2020-21,Crystal Palace,11,2020-12-06,West Brom,A,5,1,W,3,16,1,17,16,103,https://www.football-data.co.uk/mmz4281/2021/E0.csv,2026-05-25
2020-21,Crystal Palace,12,2020-12-13,Tottenham,H,1,1,D,1,17,1,18,17,114,https://www.football-data.co.uk/mmz4281/2021/E0.csv,2026-05-25
2020-21,Crystal Palace,13,2020-12-16,West Ham,A,1,1,D,1,18,1,19,18,125,https://www.football-data.co.uk/mmz4281/2021/E0.csv,2026-05-25
2020-21,Crystal Palace,14,2020-12-19,Liverpool,H,0,7,L,0,18,-6,19,25,128,https://www.football-data.co.uk/mmz4281/2021/E0.csv,2026-05-25
2020-21,Crystal Palace,15,2020-12-26,Aston Villa,A,0,3,L,0,18,-9,19,28,139,https://www.football-data.co.uk/mmz4281/2021/E0.csv,2026-05-25
2020-21,Crystal Palace,16,2020-12-28,Leicester,H,1,1,D,1,19,-9,20,29,148,https://www.football-data.co.uk/mmz4281/2021/E0.csv,2026-05-25
2020-21,Crystal Palace,17,2021-01-02,Sheffield United,H,2,0,W,3,22,-7,22,29,159,https://www.football-data.co.uk/mmz4281/2021/E0.csv,2026-05-25
2020-21,Crystal Palace,18,2021-01-14,Arsenal,A,0,0,D,1,23,-7,22,29,170,https://www.football-data.co.uk/mmz4281/2021/E0.csv,2026-05-25
2020-21,Crystal Palace,19,2021-01-17,Man City,A,0,4,L,0,23,-11,22,33,178,https://www.football-data.co.uk/mmz4281/2021/E0.csv,2026-05-25
2020-21,Crystal Palace,20,2021-01-26,West Ham,H,2,3,L,0,23,-12,24,36,186,https://www.football-data.co.uk/mmz4281/2021/E0.csv,2026-05-25
2020-21,Crystal Palace,21,2021-01-30,Wolves,H,1,0,W,3,26,-11,25,36,197,https://www.football-data.co.uk/mmz4281/2021/E0.csv,2026-05-25
2020-21,Crystal Palace,22,2021-02-02,Newcastle,A,2,1,W,3,29,-10,27,37,209,https://www.football-data.co.uk/mmz4281/2021/E0.csv,2026-05-25
2020-21,Crystal Palace,23,2021-02-08,Leeds,A,0,2,L,0,29,-12,27,39,225,https://www.football-data.co.uk/mmz4281/2021/E0.csv,2026-05-25
2020-21,Crystal Palace,24,2021-02-13,Burnley,H,0,3,L,0,29,-15,27,42,227,https://www.football-data.co.uk/mmz4281/2021/E0.csv,2026-05-25
2020-21,Crystal Palace,25,2021-02-22,Brighton,A,2,1,W,3,32,-14,29,43,247,https://www.football-data.co.uk/mmz4281/2021/E0.csv,2026-05-25
2020-21,Crystal Palace,26,2021-02-28,Fulham,H,0,0,D,1,33,-14,29,43,253,https://www.football-data.co.uk/mmz4281/2021/E0.csv,2026-05-25
2020-21,Crystal Palace,27,2021-03-03,Man United,H,0,0,D,1,34,-14,29,43,262,https://www.football-data.co.uk/mmz4281/2021/E0.csv,2026-05-25
2020-21,Crystal Palace,28,2021-03-07,Tottenham,A,1,4,L,0,34,-17,30,47,273,https://www.football-data.co.uk/mmz4281/2021/E0.csv,2026-05-25
2020-21,Crystal Palace,29,2021-03-13,West Brom,H,1,0,W,3,37,-16,31,47,279,https://www.football-data.co.uk/mmz4281/2021/E0.csv,2026-05-25
2020-21,Crystal Palace,30,2021-04-05,Everton,A,1,1,D,1,38,-16,32,48,299,https://www.football-data.co.uk/mmz4281/2021/E0.csv,2026-05-25
2020-21,Crystal Palace,31,2021-04-10,Chelsea,H,1,4,L,0,38,-19,33,52,304,https://www.football-data.co.uk/mmz4281/2021/E0.csv,2026-05-25
2020-21,Crystal Palace,32,2021-04-26,Leicester,A,1,2,L,0,38,-20,34,54,328,https://www.football-data.co.uk/mmz4281/2021/E0.csv,2026-05-25
2020-21,Crystal Palace,33,2021-05-01,Man City,H,0,2,L,0,38,-22,34,56,330,https://www.football-data.co.uk/mmz4281/2021/E0.csv,2026-05-25
2020-21,Crystal Palace,34,2021-05-08,Sheffield United,A,2,0,W,3,41,-20,36,56,340,https://www.football-data.co.uk/mmz4281/2021/E0.csv,2026-05-25
2020-21,Crystal Palace,35,2021-05-11,Southampton,A,1,3,L,0,41,-22,37,59,349,https://www.football-data.co.uk/mmz4281/2021/E0.csv,2026-05-25
2020-21,Crystal Palace,36,2021-05-16,Aston Villa,H,3,2,W,3,44,-21,40,61,357,https://www.football-data.co.uk/mmz4281/2021/E0.csv,2026-05-25
2020-21,Crystal Palace,37,2021-05-19,Arsenal,H,1,3,L,0,44,-23,41,64,368,https://www.football-data.co.uk/mmz4281/2021/E0.csv,2026-05-25
2020-21,Crystal Palace,38,2021-05-23,Liverpool,A,0,2,L,0,44,-25,41,66,376,https://www.football-data.co.uk/mmz4281/2021/E0.csv,2026-05-25
2020-21,Everton,1,2020-09-13,Tottenham,A,1,0,W,3,3,1,1,0,6,https://www.football-data.co.uk/mmz4281/2021/E0.csv,2026-05-25
2020-21,Everton,2,2020-09-19,West Brom,H,5,2,W,3,6,4,6,2,9,https://www.football-data.co.uk/mmz4281/2021/E0.csv,2026-05-25
2020-21,Everton,3,2020-09-26,Crystal Palace,A,2,1,W,3,9,5,8,3,20,https://www.football-data.co.uk/mmz4281/2021/E0.csv,2026-05-25
2020-21,Everton,4,2020-10-03,Brighton,H,4,2,W,3,12,7,12,5,30,https://www.football-data.co.uk/mmz4281/2021/E0.csv,2026-05-25
2020-21,Everton,5,2020-10-17,Liverpool,H,2,2,D,1,13,7,14,7,39,https://www.football-data.co.uk/mmz4281/2021/E0.csv,2026-05-25
2020-21,Everton,6,2020-10-25,Southampton,A,0,2,L,0,13,5,14,9,54,https://www.football-data.co.uk/mmz4281/2021/E0.csv,2026-05-25
2020-21,Everton,7,2020-11-01,Newcastle,A,1,2,L,0,13,4,15,11,64,https://www.football-data.co.uk/mmz4281/2021/E0.csv,2026-05-25
2020-21,Everton,8,2020-11-07,Man United,H,1,3,L,0,13,2,16,14,71,https://www.football-data.co.uk/mmz4281/2021/E0.csv,2026-05-25
2020-21,Everton,9,2020-11-22,Fulham,A,3,2,W,3,16,3,19,16,83,https://www.football-data.co.uk/mmz4281/2021/E0.csv,2026-05-25
2020-21,Everton,10,2020-11-28,Leeds,H,0,1,L,0,16,2,19,17,92,https://www.football-data.co.uk/mmz4281/2021/E0.csv,2026-05-25
2020-21,Everton,11,2020-12-05,Burnley,A,1,1,D,1,17,2,20,18,99,https://www.football-data.co.uk/mmz4281/2021/E0.csv,2026-05-25
2020-21,Everton,12,2020-12-12,Chelsea,H,1,0,W,3,20,3,21,18,112,https://www.football-data.co.uk/mmz4281/2021/E0.csv,2026-05-25
2020-21,Everton,13,2020-12-16,Leicester,A,2,0,W,3,23,5,23,18,122,https://www.football-data.co.uk/mmz4281/2021/E0.csv,2026-05-25
2020-21,Everton,14,2020-12-19,Arsenal,H,2,1,W,3,26,6,25,19,130,https://www.football-data.co.uk/mmz4281/2021/E0.csv,2026-05-25
2020-21,Everton,15,2020-12-26,Sheffield United,A,1,0,W,3,29,7,26,19,143,https://www.football-data.co.uk/mmz4281/2021/E0.csv,2026-05-25
2020-21,Everton,16,2021-01-01,West Ham,H,0,1,L,0,29,6,26,20,156,https://www.football-data.co.uk/mmz4281/2021/E0.csv,2026-05-25
2020-21,Everton,17,2021-01-12,Wolves,A,2,1,W,3,32,7,28,21,167,https://www.football-data.co.uk/mmz4281/2021/E0.csv,2026-05-25
2020-21,Everton,18,2021-01-27,Leicester,H,1,1,D,1,33,7,29,22,193,https://www.football-data.co.uk/mmz4281/2021/E0.csv,2026-05-25
2020-21,Everton,19,2021-01-30,Newcastle,H,0,2,L,0,33,5,29,24,196,https://www.football-data.co.uk/mmz4281/2021/E0.csv,2026-05-25
2020-21,Everton,20,2021-02-03,Leeds,A,2,1,W,3,36,6,31,25,212,https://www.football-data.co.uk/mmz4281/2021/E0.csv,2026-05-25
2020-21,Everton,21,2021-02-06,Man United,A,3,3,D,1,37,6,34,28,220,https://www.football-data.co.uk/mmz4281/2021/E0.csv,2026-05-25
2020-21,Everton,22,2021-02-14,Fulham,H,0,2,L,0,37,4,34,30,233,https://www.football-data.co.uk/mmz4281/2021/E0.csv,2026-05-25
2020-21,Everton,23,2021-02-17,Man City,H,1,3,L,0,37,2,35,33,237,https://www.football-data.co.uk/mmz4281/2021/E0.csv,2026-05-25
2020-21,Everton,24,2021-02-20,Liverpool,A,2,0,W,3,40,4,37,33,241,https://www.football-data.co.uk/mmz4281/2021/E0.csv,2026-05-25
2020-21,Everton,25,2021-03-01,Southampton,H,1,0,W,3,43,5,38,33,258,https://www.football-data.co.uk/mmz4281/2021/E0.csv,2026-05-25
2020-21,Everton,26,2021-03-04,West Brom,A,1,0,W,3,46,6,39,33,264,https://www.football-data.co.uk/mmz4281/2021/E0.csv,2026-05-25
2020-21,Everton,27,2021-03-08,Chelsea,A,0,2,L,0,46,4,39,35,274,https://www.football-data.co.uk/mmz4281/2021/E0.csv,2026-05-25
2020-21,Everton,28,2021-03-13,Burnley,H,1,2,L,0,46,3,40,37,280,https://www.football-data.co.uk/mmz4281/2021/E0.csv,2026-05-25
2020-21,Everton,29,2021-04-05,Crystal Palace,H,1,1,D,1,47,3,41,38,299,https://www.football-data.co.uk/mmz4281/2021/E0.csv,2026-05-25
2020-21,Everton,30,2021-04-12,Brighton,A,0,0,D,1,48,3,41,38,310,https://www.football-data.co.uk/mmz4281/2021/E0.csv,2026-05-25
2020-21,Everton,31,2021-04-16,Tottenham,H,2,2,D,1,49,3,43,40,311,https://www.football-data.co.uk/mmz4281/2021/E0.csv,2026-05-25
2020-21,Everton,32,2021-04-23,Arsenal,A,1,0,W,3,52,4,44,40,321,https://www.football-data.co.uk/mmz4281/2021/E0.csv,2026-05-25
2020-21,Everton,33,2021-05-01,Aston Villa,H,1,2,L,0,52,3,45,42,333,https://www.football-data.co.uk/mmz4281/2021/E0.csv,2026-05-25
2020-21,Everton,34,2021-05-09,West Ham,A,1,0,W,3,55,4,46,42,345,https://www.football-data.co.uk/mmz4281/2021/E0.csv,2026-05-25
2020-21,Everton,35,2021-05-13,Aston Villa,A,0,0,D,1,56,4,46,42,351,https://www.football-data.co.uk/mmz4281/2021/E0.csv,2026-05-25
2020-21,Everton,36,2021-05-16,Sheffield United,H,0,1,L,0,56,3,46,43,360,https://www.football-data.co.uk/mmz4281/2021/E0.csv,2026-05-25
2020-21,Everton,37,2021-05-19,Wolves,H,1,0,W,3,59,4,47,43,365,https://www.football-data.co.uk/mmz4281/2021/E0.csv,2026-05-25
2020-21,Everton,38,2021-05-23,Man City,A,0,5,L,0,59,-1,47,48,377,https://www.football-data.co.uk/mmz4281/2021/E0.csv,2026-05-25
2020-21,Fulham,1,2020-09-12,Arsenal,H,0,3,L,0,0,-3,0,3,1,https://www.football-data.co.uk/mmz4281/2021/E0.csv,2026-05-25
2020-21,Fulham,2,2020-09-19,Leeds,A,3,4,L,0,0,-4,3,7,10,https://www.football-data.co.uk/mmz4281/2021/E0.csv,2026-05-25
2020-21,Fulham,3,2020-09-28,Aston Villa,H,0,3,L,0,0,-7,3,10,27,https://www.football-data.co.uk/mmz4281/2021/E0.csv,2026-05-25
2020-21,Fulham,4,2020-10-04,Wolves,A,0,1,L,0,0,-8,3,11,36,https://www.football-data.co.uk/mmz4281/2021/E0.csv,2026-05-25
2020-21,Fulham,5,2020-10-18,Sheffield United,A,1,1,D,1,1,-8,4,12,43,https://www.football-data.co.uk/mmz4281/2021/E0.csv,2026-05-25
2020-21,Fulham,6,2020-10-24,Crystal Palace,H,1,2,L,0,1,-9,5,14,51,https://www.football-data.co.uk/mmz4281/2021/E0.csv,2026-05-25
2020-21,Fulham,7,2020-11-02,West Brom,H,2,0,W,3,4,-7,7,14,67,https://www.football-data.co.uk/mmz4281/2021/E0.csv,2026-05-25
2020-21,Fulham,8,2020-11-07,West Ham,A,0,1,L,0,4,-8,7,15,74,https://www.football-data.co.uk/mmz4281/2021/E0.csv,2026-05-25
2020-21,Fulham,9,2020-11-22,Everton,H,2,3,L,0,4,-9,9,18,83,https://www.football-data.co.uk/mmz4281/2021/E0.csv,2026-05-25
2020-21,Fulham,10,2020-11-30,Leicester,A,2,1,W,3,7,-8,11,19,97,https://www.football-data.co.uk/mmz4281/2021/E0.csv,2026-05-25
2020-21,Fulham,11,2020-12-05,Man City,A,0,2,L,0,7,-10,11,21,100,https://www.football-data.co.uk/mmz4281/2021/E0.csv,2026-05-25
2020-21,Fulham,12,2020-12-13,Liverpool,H,1,1,D,1,8,-10,12,22,115,https://www.football-data.co.uk/mmz4281/2021/E0.csv,2026-05-25
2020-21,Fulham,13,2020-12-16,Brighton,H,0,0,D,1,9,-10,12,22,123,https://www.football-data.co.uk/mmz4281/2021/E0.csv,2026-05-25
2020-21,Fulham,14,2020-12-19,Newcastle,A,1,1,D,1,10,-10,13,23,131,https://www.football-data.co.uk/mmz4281/2021/E0.csv,2026-05-25
2020-21,Fulham,15,2020-12-26,Southampton,H,0,0,D,1,11,-10,13,23,140,https://www.football-data.co.uk/mmz4281/2021/E0.csv,2026-05-25
2020-21,Fulham,16,2021-01-13,Tottenham,A,1,1,D,1,12,-10,14,24,169,https://www.football-data.co.uk/mmz4281/2021/E0.csv,2026-05-25
2020-21,Fulham,17,2021-01-16,Chelsea,H,0,1,L,0,12,-11,14,25,174,https://www.football-data.co.uk/mmz4281/2021/E0.csv,2026-05-25
2020-21,Fulham,18,2021-01-20,Man United,H,1,2,L,0,12,-12,15,27,183,https://www.football-data.co.uk/mmz4281/2021/E0.csv,2026-05-25
2020-21,Fulham,19,2021-01-27,Brighton,A,0,0,D,1,13,-12,15,27,192,https://www.football-data.co.uk/mmz4281/2021/E0.csv,2026-05-25
2020-21,Fulham,20,2021-01-30,West Brom,A,2,2,D,1,14,-12,17,29,199,https://www.football-data.co.uk/mmz4281/2021/E0.csv,2026-05-25
2020-21,Fulham,21,2021-02-03,Leicester,H,0,2,L,0,14,-14,17,31,211,https://www.football-data.co.uk/mmz4281/2021/E0.csv,2026-05-25
2020-21,Fulham,22,2021-02-06,West Ham,H,0,0,D,1,15,-14,17,31,219,https://www.football-data.co.uk/mmz4281/2021/E0.csv,2026-05-25
2020-21,Fulham,23,2021-02-14,Everton,A,2,0,W,3,18,-12,19,31,233,https://www.football-data.co.uk/mmz4281/2021/E0.csv,2026-05-25
2020-21,Fulham,24,2021-02-17,Burnley,A,1,1,D,1,19,-12,20,32,236,https://www.football-data.co.uk/mmz4281/2021/E0.csv,2026-05-25
2020-21,Fulham,25,2021-02-20,Sheffield United,H,1,0,W,3,22,-11,21,32,242,https://www.football-data.co.uk/mmz4281/2021/E0.csv,2026-05-25
2020-21,Fulham,26,2021-02-28,Crystal Palace,A,0,0,D,1,23,-11,21,32,253,https://www.football-data.co.uk/mmz4281/2021/E0.csv,2026-05-25
2020-21,Fulham,27,2021-03-04,Tottenham,H,0,1,L,0,23,-12,21,33,263,https://www.football-data.co.uk/mmz4281/2021/E0.csv,2026-05-25
2020-21,Fulham,28,2021-03-07,Liverpool,A,1,0,W,3,26,-11,22,33,271,https://www.football-data.co.uk/mmz4281/2021/E0.csv,2026-05-25
2020-21,Fulham,29,2021-03-13,Man City,H,0,3,L,0,26,-14,22,36,281,https://www.football-data.co.uk/mmz4281/2021/E0.csv,2026-05-25
2020-21,Fulham,30,2021-03-19,Leeds,H,1,2,L,0,26,-15,23,38,287,https://www.football-data.co.uk/mmz4281/2021/E0.csv,2026-05-25
2020-21,Fulham,31,2021-04-04,Aston Villa,A,1,3,L,0,26,-17,24,41,297,https://www.football-data.co.uk/mmz4281/2021/E0.csv,2026-05-25
2020-21,Fulham,32,2021-04-09,Wolves,H,0,1,L,0,26,-18,24,42,301,https://www.football-data.co.uk/mmz4281/2021/E0.csv,2026-05-25
2020-21,Fulham,33,2021-04-18,Arsenal,A,1,1,D,1,27,-18,25,43,314,https://www.football-data.co.uk/mmz4281/2021/E0.csv,2026-05-25
2020-21,Fulham,34,2021-05-01,Chelsea,A,0,2,L,0,27,-20,25,45,332,https://www.football-data.co.uk/mmz4281/2021/E0.csv,2026-05-25
2020-21,Fulham,35,2021-05-10,Burnley,H,0,2,L,0,27,-22,25,47,347,https://www.football-data.co.uk/mmz4281/2021/E0.csv,2026-05-25
2020-21,Fulham,36,2021-05-15,Southampton,A,1,3,L,0,27,-24,26,50,355,https://www.football-data.co.uk/mmz4281/2021/E0.csv,2026-05-25
2020-21,Fulham,37,2021-05-18,Man United,A,1,1,D,1,28,-24,27,51,361,https://www.football-data.co.uk/mmz4281/2021/E0.csv,2026-05-25
2020-21,Fulham,38,2021-05-23,Newcastle,H,0,2,L,0,28,-26,27,53,373,https://www.football-data.co.uk/mmz4281/2021/E0.csv,2026-05-25
2020-21,Leeds,1,2020-09-12,Liverpool,A,3,4,L,0,0,-1,3,4,3,https://www.football-data.co.uk/mmz4281/2021/E0.csv,2026-05-25
2020-21,Leeds,2,2020-09-19,Fulham,H,4,3,W,3,3,0,7,7,10,https://www.football-data.co.uk/mmz4281/2021/E0.csv,2026-05-25
2020-21,Leeds,3,2020-09-27,Sheffield United,A,1,0,W,3,6,1,8,7,23,https://www.football-data.co.uk/mmz4281/2021/E0.csv,2026-05-25
2020-21,Leeds,4,2020-10-03,Man City,H,1,1,D,1,7,1,9,8,31,https://www.football-data.co.uk/mmz4281/2021/E0.csv,2026-05-25
2020-21,Leeds,5,2020-10-19,Wolves,H,0,1,L,0,7,0,9,9,48,https://www.football-data.co.uk/mmz4281/2021/E0.csv,2026-05-25
2020-21,Leeds,6,2020-10-23,Aston Villa,A,3,0,W,3,10,3,12,9,49,https://www.football-data.co.uk/mmz4281/2021/E0.csv,2026-05-25
2020-21,Leeds,7,2020-11-02,Leicester,H,1,4,L,0,10,0,13,13,68,https://www.football-data.co.uk/mmz4281/2021/E0.csv,2026-05-25
2020-21,Leeds,8,2020-11-07,Crystal Palace,A,1,4,L,0,10,-3,14,17,72,https://www.football-data.co.uk/mmz4281/2021/E0.csv,2026-05-25
2020-21,Leeds,9,2020-11-22,Arsenal,H,0,0,D,1,11,-3,14,17,85,https://www.football-data.co.uk/mmz4281/2021/E0.csv,2026-05-25
2020-21,Leeds,10,2020-11-28,Everton,A,1,0,W,3,14,-2,15,17,92,https://www.football-data.co.uk/mmz4281/2021/E0.csv,2026-05-25
2020-21,Leeds,11,2020-12-05,Chelsea,A,1,3,L,0,14,-4,16,20,102,https://www.football-data.co.uk/mmz4281/2021/E0.csv,2026-05-25
2020-21,Leeds,12,2020-12-11,West Ham,H,1,2,L,0,14,-5,17,22,108,https://www.football-data.co.uk/mmz4281/2021/E0.csv,2026-05-25
2020-21,Leeds,13,2020-12-16,Newcastle,H,5,2,W,3,17,-2,22,24,121,https://www.football-data.co.uk/mmz4281/2021/E0.csv,2026-05-25
2020-21,Leeds,14,2020-12-20,Man United,A,2,6,L,0,17,-6,24,30,134,https://www.football-data.co.uk/mmz4281/2021/E0.csv,2026-05-25
2020-21,Leeds,15,2020-12-27,Burnley,H,1,0,W,3,20,-5,25,30,144,https://www.football-data.co.uk/mmz4281/2021/E0.csv,2026-05-25
2020-21,Leeds,16,2020-12-29,West Brom,A,5,0,W,3,23,0,30,30,153,https://www.football-data.co.uk/mmz4281/2021/E0.csv,2026-05-25
2020-21,Leeds,17,2021-01-02,Tottenham,A,0,3,L,0,23,-3,30,33,158,https://www.football-data.co.uk/mmz4281/2021/E0.csv,2026-05-25
2020-21,Leeds,18,2021-01-16,Brighton,H,0,1,L,0,23,-4,30,34,172,https://www.football-data.co.uk/mmz4281/2021/E0.csv,2026-05-25
2020-21,Leeds,19,2021-01-26,Newcastle,A,2,1,W,3,26,-3,32,35,187,https://www.football-data.co.uk/mmz4281/2021/E0.csv,2026-05-25
2020-21,Leeds,20,2021-01-31,Leicester,A,3,1,W,3,29,-1,35,36,203,https://www.football-data.co.uk/mmz4281/2021/E0.csv,2026-05-25
2020-21,Leeds,21,2021-02-03,Everton,H,1,2,L,0,29,-2,36,38,212,https://www.football-data.co.uk/mmz4281/2021/E0.csv,2026-05-25
2020-21,Leeds,22,2021-02-08,Crystal Palace,H,2,0,W,3,32,0,38,38,225,https://www.football-data.co.uk/mmz4281/2021/E0.csv,2026-05-25
2020-21,Leeds,23,2021-02-14,Arsenal,A,2,4,L,0,32,-2,40,42,232,https://www.football-data.co.uk/mmz4281/2021/E0.csv,2026-05-25
2020-21,Leeds,24,2021-02-19,Wolves,A,0,1,L,0,32,-3,40,43,238,https://www.football-data.co.uk/mmz4281/2021/E0.csv,2026-05-25
2020-21,Leeds,25,2021-02-23,Southampton,H,3,0,W,3,35,0,43,43,248,https://www.football-data.co.uk/mmz4281/2021/E0.csv,2026-05-25
2020-21,Leeds,26,2021-02-27,Aston Villa,H,0,1,L,0,35,-1,43,44,251,https://www.football-data.co.uk/mmz4281/2021/E0.csv,2026-05-25
2020-21,Leeds,27,2021-03-08,West Ham,A,0,2,L,0,35,-3,43,46,275,https://www.football-data.co.uk/mmz4281/2021/E0.csv,2026-05-25
2020-21,Leeds,28,2021-03-13,Chelsea,H,0,0,D,1,36,-3,43,46,278,https://www.football-data.co.uk/mmz4281/2021/E0.csv,2026-05-25
2020-21,Leeds,29,2021-03-19,Fulham,A,2,1,W,3,39,-2,45,47,287,https://www.football-data.co.uk/mmz4281/2021/E0.csv,2026-05-25
2020-21,Leeds,30,2021-04-03,Sheffield United,H,2,1,W,3,42,-1,47,48,292,https://www.football-data.co.uk/mmz4281/2021/E0.csv,2026-05-25
2020-21,Leeds,31,2021-04-10,Man City,A,2,1,W,3,45,0,49,49,302,https://www.football-data.co.uk/mmz4281/2021/E0.csv,2026-05-25
2020-21,Leeds,32,2021-04-19,Liverpool,H,1,1,D,1,46,0,50,50,316,https://www.football-data.co.uk/mmz4281/2021/E0.csv,2026-05-25
2020-21,Leeds,33,2021-04-25,Man United,H,0,0,D,1,47,0,50,50,326,https://www.football-data.co.uk/mmz4281/2021/E0.csv,2026-05-25
2020-21,Leeds,34,2021-05-01,Brighton,A,0,2,L,0,47,-2,50,52,331,https://www.football-data.co.uk/mmz4281/2021/E0.csv,2026-05-25
2020-21,Leeds,35,2021-05-08,Tottenham,H,3,1,W,3,50,0,53,53,339,https://www.football-data.co.uk/mmz4281/2021/E0.csv,2026-05-25
2020-21,Leeds,36,2021-05-15,Burnley,A,4,0,W,3,53,4,57,53,354,https://www.football-data.co.uk/mmz4281/2021/E0.csv,2026-05-25
2020-21,Leeds,37,2021-05-18,Southampton,A,2,0,W,3,56,6,59,53,362,https://www.football-data.co.uk/mmz4281/2021/E0.csv,2026-05-25
2020-21,Leeds,38,2021-05-23,West Brom,H,3,1,W,3,59,8,62,54,374,https://www.football-data.co.uk/mmz4281/2021/E0.csv,2026-05-25
2020-21,Leicester,1,2020-09-13,West Brom,A,3,0,W,3,3,3,3,0,5,https://www.football-data.co.uk/mmz4281/2021/E0.csv,2026-05-25
2020-21,Leicester,2,2020-09-20,Burnley,H,4,2,W,3,6,5,7,2,16,https://www.football-data.co.uk/mmz4281/2021/E0.csv,2026-05-25
2020-21,Leicester,3,2020-09-27,Man City,A,5,2,W,3,9,8,12,4,25,https://www.football-data.co.uk/mmz4281/2021/E0.csv,2026-05-25
2020-21,Leicester,4,2020-10-04,West Ham,H,0,3,L,0,9,5,12,7,33,https://www.football-data.co.uk/mmz4281/2021/E0.csv,2026-05-25
2020-21,Leicester,5,2020-10-18,Aston Villa,H,0,1,L,0,9,4,12,8,46,https://www.football-data.co.uk/mmz4281/2021/E0.csv,2026-05-25
2020-21,Leicester,6,2020-10-25,Arsenal,A,1,0,W,3,12,5,13,8,56,https://www.football-data.co.uk/mmz4281/2021/E0.csv,2026-05-25
2020-21,Leicester,7,2020-11-02,Leeds,A,4,1,W,3,15,8,17,9,68,https://www.football-data.co.uk/mmz4281/2021/E0.csv,2026-05-25
2020-21,Leicester,8,2020-11-08,Wolves,H,1,0,W,3,18,9,18,9,76,https://www.football-data.co.uk/mmz4281/2021/E0.csv,2026-05-25
2020-21,Leicester,9,2020-11-22,Liverpool,A,0,3,L,0,18,6,18,12,86,https://www.football-data.co.uk/mmz4281/2021/E0.csv,2026-05-25
2020-21,Leicester,10,2020-11-30,Fulham,H,1,2,L,0,18,5,19,14,97,https://www.football-data.co.uk/mmz4281/2021/E0.csv,2026-05-25
2020-21,Leicester,11,2020-12-06,Sheffield United,A,2,1,W,3,21,6,21,15,104,https://www.football-data.co.uk/mmz4281/2021/E0.csv,2026-05-25
2020-21,Leicester,12,2020-12-13,Brighton,H,3,0,W,3,24,9,24,15,117,https://www.football-data.co.uk/mmz4281/2021/E0.csv,2026-05-25
2020-21,Leicester,13,2020-12-16,Everton,H,0,2,L,0,24,7,24,17,122,https://www.football-data.co.uk/mmz4281/2021/E0.csv,2026-05-25
2020-21,Leicester,14,2020-12-20,Tottenham,A,2,0,W,3,27,9,26,17,133,https://www.football-data.co.uk/mmz4281/2021/E0.csv,2026-05-25
2020-21,Leicester,15,2020-12-26,Man United,H,2,2,D,1,28,9,28,19,138,https://www.football-data.co.uk/mmz4281/2021/E0.csv,2026-05-25
2020-21,Leicester,16,2020-12-28,Crystal Palace,A,1,1,D,1,29,9,29,20,148,https://www.football-data.co.uk/mmz4281/2021/E0.csv,2026-05-25
2020-21,Leicester,17,2021-01-03,Newcastle,A,2,1,W,3,32,10,31,21,162,https://www.football-data.co.uk/mmz4281/2021/E0.csv,2026-05-25
2020-21,Leicester,18,2021-01-16,Southampton,H,2,0,W,3,35,12,33,21,175,https://www.football-data.co.uk/mmz4281/2021/E0.csv,2026-05-25
2020-21,Leicester,19,2021-01-19,Chelsea,H,2,0,W,3,38,14,35,21,181,https://www.football-data.co.uk/mmz4281/2021/E0.csv,2026-05-25
2020-21,Leicester,20,2021-01-27,Everton,A,1,1,D,1,39,14,36,22,193,https://www.football-data.co.uk/mmz4281/2021/E0.csv,2026-05-25
2020-21,Leicester,21,2021-01-31,Leeds,H,1,3,L,0,39,12,37,25,203,https://www.football-data.co.uk/mmz4281/2021/E0.csv,2026-05-25
2020-21,Leicester,22,2021-02-03,Fulham,A,2,0,W,3,42,14,39,25,211,https://www.football-data.co.uk/mmz4281/2021/E0.csv,2026-05-25
2020-21,Leicester,23,2021-02-07,Wolves,A,0,0,D,1,43,14,39,25,222,https://www.football-data.co.uk/mmz4281/2021/E0.csv,2026-05-25
2020-21,Leicester,24,2021-02-13,Liverpool,H,3,1,W,3,46,16,42,26,226,https://www.football-data.co.uk/mmz4281/2021/E0.csv,2026-05-25
2020-21,Leicester,25,2021-02-21,Aston Villa,A,2,1,W,3,49,17,44,27,244,https://www.football-data.co.uk/mmz4281/2021/E0.csv,2026-05-25
2020-21,Leicester,26,2021-02-28,Arsenal,H,1,3,L,0,49,15,45,30,254,https://www.football-data.co.uk/mmz4281/2021/E0.csv,2026-05-25
2020-21,Leicester,27,2021-03-03,Burnley,A,1,1,D,1,50,15,46,31,260,https://www.football-data.co.uk/mmz4281/2021/E0.csv,2026-05-25
2020-21,Leicester,28,2021-03-06,Brighton,A,2,1,W,3,53,16,48,32,269,https://www.football-data.co.uk/mmz4281/2021/E0.csv,2026-05-25
2020-21,Leicester,29,2021-03-14,Sheffield United,H,5,0,W,3,56,21,53,32,283,https://www.football-data.co.uk/mmz4281/2021/E0.csv,2026-05-25
2020-21,Leicester,30,2021-04-03,Man City,H,0,2,L,0,56,19,53,34,293,https://www.football-data.co.uk/mmz4281/2021/E0.csv,2026-05-25
2020-21,Leicester,31,2021-04-11,West Ham,A,2,3,L,0,56,18,55,37,306,https://www.football-data.co.uk/mmz4281/2021/E0.csv,2026-05-25
2020-21,Leicester,32,2021-04-22,West Brom,H,3,0,W,3,59,21,58,37,320,https://www.football-data.co.uk/mmz4281/2021/E0.csv,2026-05-25
2020-21,Leicester,33,2021-04-26,Crystal Palace,H,2,1,W,3,62,22,60,38,328,https://www.football-data.co.uk/mmz4281/2021/E0.csv,2026-05-25
2020-21,Leicester,34,2021-04-30,Southampton,A,1,1,D,1,63,22,61,39,329,https://www.football-data.co.uk/mmz4281/2021/E0.csv,2026-05-25
2020-21,Leicester,35,2021-05-07,Newcastle,H,2,4,L,0,63,20,63,43,338,https://www.football-data.co.uk/mmz4281/2021/E0.csv,2026-05-25
2020-21,Leicester,36,2021-05-11,Man United,A,2,1,W,3,66,21,65,44,348,https://www.football-data.co.uk/mmz4281/2021/E0.csv,2026-05-25
2020-21,Leicester,37,2021-05-18,Chelsea,A,1,2,L,0,66,20,66,46,364,https://www.football-data.co.uk/mmz4281/2021/E0.csv,2026-05-25
2020-21,Leicester,38,2021-05-23,Tottenham,H,2,4,L,0,66,18,68,50,375,https://www.football-data.co.uk/mmz4281/2021/E0.csv,2026-05-25
2020-21,Liverpool,1,2020-09-12,Leeds,H,4,3,W,3,3,1,4,3,3,https://www.football-data.co.uk/mmz4281/2021/E0.csv,2026-05-25
2020-21,Liverpool,2,2020-09-20,Chelsea,A,2,0,W,3,6,3,6,3,15,https://www.football-data.co.uk/mmz4281/2021/E0.csv,2026-05-25
2020-21,Liverpool,3,2020-09-28,Arsenal,H,3,1,W,3,9,5,9,4,28,https://www.football-data.co.uk/mmz4281/2021/E0.csv,2026-05-25
2020-21,Liverpool,4,2020-10-04,Aston Villa,A,2,7,L,0,9,0,11,11,38,https://www.football-data.co.uk/mmz4281/2021/E0.csv,2026-05-25
2020-21,Liverpool,5,2020-10-17,Everton,A,2,2,D,1,10,0,13,13,39,https://www.football-data.co.uk/mmz4281/2021/E0.csv,2026-05-25
2020-21,Liverpool,6,2020-10-24,Sheffield United,H,2,1,W,3,13,1,15,14,53,https://www.football-data.co.uk/mmz4281/2021/E0.csv,2026-05-25
2020-21,Liverpool,7,2020-10-31,West Ham,H,2,1,W,3,16,2,17,15,62,https://www.football-data.co.uk/mmz4281/2021/E0.csv,2026-05-25
2020-21,Liverpool,8,2020-11-08,Man City,A,1,1,D,1,17,2,18,16,77,https://www.football-data.co.uk/mmz4281/2021/E0.csv,2026-05-25
2020-21,Liverpool,9,2020-11-22,Leicester,H,3,0,W,3,20,5,21,16,86,https://www.football-data.co.uk/mmz4281/2021/E0.csv,2026-05-25
2020-21,Liverpool,10,2020-11-28,Brighton,A,1,1,D,1,21,5,22,17,90,https://www.football-data.co.uk/mmz4281/2021/E0.csv,2026-05-25
2020-21,Liverpool,11,2020-12-06,Wolves,H,4,0,W,3,24,9,26,17,106,https://www.football-data.co.uk/mmz4281/2021/E0.csv,2026-05-25
2020-21,Liverpool,12,2020-12-13,Fulham,A,1,1,D,1,25,9,27,18,115,https://www.football-data.co.uk/mmz4281/2021/E0.csv,2026-05-25
2020-21,Liverpool,13,2020-12-16,Tottenham,H,2,1,W,3,28,10,29,19,124,https://www.football-data.co.uk/mmz4281/2021/E0.csv,2026-05-25
2020-21,Liverpool,14,2020-12-19,Crystal Palace,A,7,0,W,3,31,17,36,19,128,https://www.football-data.co.uk/mmz4281/2021/E0.csv,2026-05-25
2020-21,Liverpool,15,2020-12-27,West Brom,H,1,1,D,1,32,17,37,20,146,https://www.football-data.co.uk/mmz4281/2021/E0.csv,2026-05-25
2020-21,Liverpool,16,2020-12-30,Newcastle,A,0,0,D,1,33,17,37,20,155,https://www.football-data.co.uk/mmz4281/2021/E0.csv,2026-05-25
2020-21,Liverpool,17,2021-01-04,Southampton,A,0,1,L,0,33,16,37,21,164,https://www.football-data.co.uk/mmz4281/2021/E0.csv,2026-05-25
2020-21,Liverpool,18,2021-01-17,Man United,H,0,0,D,1,34,16,37,21,177,https://www.football-data.co.uk/mmz4281/2021/E0.csv,2026-05-25
2020-21,Liverpool,19,2021-01-21,Burnley,H,0,1,L,0,34,15,37,22,184,https://www.football-data.co.uk/mmz4281/2021/E0.csv,2026-05-25
2020-21,Liverpool,20,2021-01-28,Tottenham,A,3,1,W,3,37,17,40,23,195,https://www.football-data.co.uk/mmz4281/2021/E0.csv,2026-05-25
2020-21,Liverpool,21,2021-01-31,West Ham,A,3,1,W,3,40,19,43,24,204,https://www.football-data.co.uk/mmz4281/2021/E0.csv,2026-05-25
2020-21,Liverpool,22,2021-02-03,Brighton,H,0,1,L,0,40,18,43,25,214,https://www.football-data.co.uk/mmz4281/2021/E0.csv,2026-05-25
2020-21,Liverpool,23,2021-02-07,Man City,H,1,4,L,0,40,15,44,29,223,https://www.football-data.co.uk/mmz4281/2021/E0.csv,2026-05-25
2020-21,Liverpool,24,2021-02-13,Leicester,A,1,3,L,0,40,13,45,32,226,https://www.football-data.co.uk/mmz4281/2021/E0.csv,2026-05-25
2020-21,Liverpool,25,2021-02-20,Everton,H,0,2,L,0,40,11,45,34,241,https://www.football-data.co.uk/mmz4281/2021/E0.csv,2026-05-25
2020-21,Liverpool,26,2021-02-28,Sheffield United,A,2,0,W,3,43,13,47,34,257,https://www.football-data.co.uk/mmz4281/2021/E0.csv,2026-05-25
2020-21,Liverpool,27,2021-03-04,Chelsea,H,0,1,L,0,43,12,47,35,265,https://www.football-data.co.uk/mmz4281/2021/E0.csv,2026-05-25
2020-21,Liverpool,28,2021-03-07,Fulham,H,0,1,L,0,43,11,47,36,271,https://www.football-data.co.uk/mmz4281/2021/E0.csv,2026-05-25
2020-21,Liverpool,29,2021-03-15,Wolves,A,1,0,W,3,46,12,48,36,286,https://www.football-data.co.uk/mmz4281/2021/E0.csv,2026-05-25
2020-21,Liverpool,30,2021-04-03,Arsenal,A,3,0,W,3,49,15,51,36,294,https://www.football-data.co.uk/mmz4281/2021/E0.csv,2026-05-25
2020-21,Liverpool,31,2021-04-10,Aston Villa,H,2,1,W,3,52,16,53,37,303,https://www.football-data.co.uk/mmz4281/2021/E0.csv,2026-05-25
2020-21,Liverpool,32,2021-04-19,Leeds,A,1,1,D,1,53,16,54,38,316,https://www.football-data.co.uk/mmz4281/2021/E0.csv,2026-05-25
2020-21,Liverpool,33,2021-04-24,Newcastle,H,1,1,D,1,54,16,55,39,322,https://www.football-data.co.uk/mmz4281/2021/E0.csv,2026-05-25
2020-21,Liverpool,34,2021-05-08,Southampton,H,2,0,W,3,57,18,57,39,342,https://www.football-data.co.uk/mmz4281/2021/E0.csv,2026-05-25
2020-21,Liverpool,35,2021-05-13,Man United,A,4,2,W,3,60,20,61,41,352,https://www.football-data.co.uk/mmz4281/2021/E0.csv,2026-05-25
2020-21,Liverpool,36,2021-05-16,West Brom,A,2,1,W,3,63,21,63,42,359,https://www.football-data.co.uk/mmz4281/2021/E0.csv,2026-05-25
2020-21,Liverpool,37,2021-05-19,Burnley,A,3,0,W,3,66,24,66,42,369,https://www.football-data.co.uk/mmz4281/2021/E0.csv,2026-05-25
2020-21,Liverpool,38,2021-05-23,Crystal Palace,H,2,0,W,3,69,26,68,42,376,https://www.football-data.co.uk/mmz4281/2021/E0.csv,2026-05-25
2020-21,Man City,1,2020-09-21,Wolves,A,3,1,W,3,3,2,3,1,18,https://www.football-data.co.uk/mmz4281/2021/E0.csv,2026-05-25
2020-21,Man City,2,2020-09-27,Leicester,H,2,5,L,0,3,-1,5,6,25,https://www.football-data.co.uk/mmz4281/2021/E0.csv,2026-05-25
2020-21,Man City,3,2020-10-03,Leeds,A,1,1,D,1,4,-1,6,7,31,https://www.football-data.co.uk/mmz4281/2021/E0.csv,2026-05-25
2020-21,Man City,4,2020-10-17,Arsenal,H,1,0,W,3,7,0,7,7,41,https://www.football-data.co.uk/mmz4281/2021/E0.csv,2026-05-25
2020-21,Man City,5,2020-10-24,West Ham,A,1,1,D,1,8,0,8,8,50,https://www.football-data.co.uk/mmz4281/2021/E0.csv,2026-05-25
2020-21,Man City,6,2020-10-31,Sheffield United,A,1,0,W,3,11,1,9,8,60,https://www.football-data.co.uk/mmz4281/2021/E0.csv,2026-05-25
2020-21,Man City,7,2020-11-08,Liverpool,H,1,1,D,1,12,1,10,9,77,https://www.football-data.co.uk/mmz4281/2021/E0.csv,2026-05-25
2020-21,Man City,8,2020-11-21,Tottenham,A,0,2,L,0,12,-1,10,11,81,https://www.football-data.co.uk/mmz4281/2021/E0.csv,2026-05-25
2020-21,Man City,9,2020-11-28,Burnley,H,5,0,W,3,15,4,15,11,91,https://www.football-data.co.uk/mmz4281/2021/E0.csv,2026-05-25
2020-21,Man City,10,2020-12-05,Fulham,H,2,0,W,3,18,6,17,11,100,https://www.football-data.co.uk/mmz4281/2021/E0.csv,2026-05-25
2020-21,Man City,11,2020-12-12,Man United,A,0,0,D,1,19,6,17,11,111,https://www.football-data.co.uk/mmz4281/2021/E0.csv,2026-05-25
2020-21,Man City,12,2020-12-15,West Brom,H,1,1,D,1,20,6,18,12,119,https://www.football-data.co.uk/mmz4281/2021/E0.csv,2026-05-25
2020-21,Man City,13,2020-12-19,Southampton,A,1,0,W,3,23,7,19,12,129,https://www.football-data.co.uk/mmz4281/2021/E0.csv,2026-05-25
2020-21,Man City,14,2020-12-26,Newcastle,H,2,0,W,3,26,9,21,12,142,https://www.football-data.co.uk/mmz4281/2021/E0.csv,2026-05-25
2020-21,Man City,15,2021-01-03,Chelsea,A,3,1,W,3,29,11,24,13,163,https://www.football-data.co.uk/mmz4281/2021/E0.csv,2026-05-25
2020-21,Man City,16,2021-01-13,Brighton,H,1,0,W,3,32,12,25,13,168,https://www.football-data.co.uk/mmz4281/2021/E0.csv,2026-05-25
2020-21,Man City,17,2021-01-17,Crystal Palace,H,4,0,W,3,35,16,29,13,178,https://www.football-data.co.uk/mmz4281/2021/E0.csv,2026-05-25
2020-21,Man City,18,2021-01-20,Aston Villa,H,2,0,W,3,38,18,31,13,182,https://www.football-data.co.uk/mmz4281/2021/E0.csv,2026-05-25
2020-21,Man City,19,2021-01-26,West Brom,A,5,0,W,3,41,23,36,13,189,https://www.football-data.co.uk/mmz4281/2021/E0.csv,2026-05-25
2020-21,Man City,20,2021-01-30,Sheffield United,H,1,0,W,3,44,24,37,13,198,https://www.football-data.co.uk/mmz4281/2021/E0.csv,2026-05-25
2020-21,Man City,21,2021-02-03,Burnley,A,2,0,W,3,47,26,39,13,210,https://www.football-data.co.uk/mmz4281/2021/E0.csv,2026-05-25
2020-21,Man City,22,2021-02-07,Liverpool,A,4,1,W,3,50,29,43,14,223,https://www.football-data.co.uk/mmz4281/2021/E0.csv,2026-05-25
2020-21,Man City,23,2021-02-13,Tottenham,H,3,0,W,3,53,32,46,14,228,https://www.football-data.co.uk/mmz4281/2021/E0.csv,2026-05-25
2020-21,Man City,24,2021-02-17,Everton,A,3,1,W,3,56,34,49,15,237,https://www.football-data.co.uk/mmz4281/2021/E0.csv,2026-05-25
2020-21,Man City,25,2021-02-21,Arsenal,A,1,0,W,3,59,35,50,15,245,https://www.football-data.co.uk/mmz4281/2021/E0.csv,2026-05-25
2020-21,Man City,26,2021-02-27,West Ham,H,2,1,W,3,62,36,52,16,249,https://www.football-data.co.uk/mmz4281/2021/E0.csv,2026-05-25
2020-21,Man City,27,2021-03-02,Wolves,H,4,1,W,3,65,39,56,17,259,https://www.football-data.co.uk/mmz4281/2021/E0.csv,2026-05-25
2020-21,Man City,28,2021-03-07,Man United,H,0,2,L,0,65,37,56,19,272,https://www.football-data.co.uk/mmz4281/2021/E0.csv,2026-05-25
2020-21,Man City,29,2021-03-10,Southampton,H,5,2,W,3,68,40,61,21,276,https://www.football-data.co.uk/mmz4281/2021/E0.csv,2026-05-25
2020-21,Man City,30,2021-03-13,Fulham,A,3,0,W,3,71,43,64,21,281,https://www.football-data.co.uk/mmz4281/2021/E0.csv,2026-05-25
2020-21,Man City,31,2021-04-03,Leicester,A,2,0,W,3,74,45,66,21,293,https://www.football-data.co.uk/mmz4281/2021/E0.csv,2026-05-25
2020-21,Man City,32,2021-04-10,Leeds,H,1,2,L,0,74,44,67,23,302,https://www.football-data.co.uk/mmz4281/2021/E0.csv,2026-05-25
2020-21,Man City,33,2021-04-21,Aston Villa,A,2,1,W,3,77,45,69,24,319,https://www.football-data.co.uk/mmz4281/2021/E0.csv,2026-05-25
2020-21,Man City,34,2021-05-01,Crystal Palace,A,2,0,W,3,80,47,71,24,330,https://www.football-data.co.uk/mmz4281/2021/E0.csv,2026-05-25
2020-21,Man City,35,2021-05-08,Chelsea,H,1,2,L,0,80,46,72,26,341,https://www.football-data.co.uk/mmz4281/2021/E0.csv,2026-05-25
2020-21,Man City,36,2021-05-14,Newcastle,A,4,3,W,3,83,47,76,29,353,https://www.football-data.co.uk/mmz4281/2021/E0.csv,2026-05-25
2020-21,Man City,37,2021-05-18,Brighton,A,2,3,L,0,83,46,78,32,363,https://www.football-data.co.uk/mmz4281/2021/E0.csv,2026-05-25
2020-21,Man City,38,2021-05-23,Everton,H,5,0,W,3,86,51,83,32,377,https://www.football-data.co.uk/mmz4281/2021/E0.csv,2026-05-25
2020-21,Man United,1,2020-09-19,Crystal Palace,H,1,3,L,0,0,-2,1,3,11,https://www.football-data.co.uk/mmz4281/2021/E0.csv,2026-05-25
2020-21,Man United,2,2020-09-26,Brighton,A,3,2,W,3,3,-1,4,5,19,https://www.football-data.co.uk/mmz4281/2021/E0.csv,2026-05-25
2020-21,Man United,3,2020-10-04,Tottenham,H,1,6,L,0,3,-6,5,11,37,https://www.football-data.co.uk/mmz4281/2021/E0.csv,2026-05-25
2020-21,Man United,4,2020-10-17,Newcastle,A,4,1,W,3,6,-3,9,12,42,https://www.football-data.co.uk/mmz4281/2021/E0.csv,2026-05-25
2020-21,Man United,5,2020-10-24,Chelsea,H,0,0,D,1,7,-3,9,12,52,https://www.football-data.co.uk/mmz4281/2021/E0.csv,2026-05-25
2020-21,Man United,6,2020-11-01,Arsenal,H,0,1,L,0,7,-4,9,13,65,https://www.football-data.co.uk/mmz4281/2021/E0.csv,2026-05-25
2020-21,Man United,7,2020-11-07,Everton,A,3,1,W,3,10,-2,12,14,71,https://www.football-data.co.uk/mmz4281/2021/E0.csv,2026-05-25
2020-21,Man United,8,2020-11-21,West Brom,H,1,0,W,3,13,-1,13,14,82,https://www.football-data.co.uk/mmz4281/2021/E0.csv,2026-05-25
2020-21,Man United,9,2020-11-29,Southampton,A,3,2,W,3,16,0,16,16,94,https://www.football-data.co.uk/mmz4281/2021/E0.csv,2026-05-25
2020-21,Man United,10,2020-12-05,West Ham,A,3,1,W,3,19,2,19,17,101,https://www.football-data.co.uk/mmz4281/2021/E0.csv,2026-05-25
2020-21,Man United,11,2020-12-12,Man City,H,0,0,D,1,20,2,19,17,111,https://www.football-data.co.uk/mmz4281/2021/E0.csv,2026-05-25
2020-21,Man United,12,2020-12-17,Sheffield United,A,3,2,W,3,23,3,22,19,127,https://www.football-data.co.uk/mmz4281/2021/E0.csv,2026-05-25
2020-21,Man United,13,2020-12-20,Leeds,H,6,2,W,3,26,7,28,21,134,https://www.football-data.co.uk/mmz4281/2021/E0.csv,2026-05-25
2020-21,Man United,14,2020-12-26,Leicester,A,2,2,D,1,27,7,30,23,138,https://www.football-data.co.uk/mmz4281/2021/E0.csv,2026-05-25
2020-21,Man United,15,2020-12-29,Wolves,H,1,0,W,3,30,8,31,23,154,https://www.football-data.co.uk/mmz4281/2021/E0.csv,2026-05-25
2020-21,Man United,16,2021-01-01,Aston Villa,H,2,1,W,3,33,9,33,24,157,https://www.football-data.co.uk/mmz4281/2021/E0.csv,2026-05-25
2020-21,Man United,17,2021-01-12,Burnley,A,1,0,W,3,36,10,34,24,166,https://www.football-data.co.uk/mmz4281/2021/E0.csv,2026-05-25
2020-21,Man United,18,2021-01-17,Liverpool,A,0,0,D,1,37,10,34,24,177,https://www.football-data.co.uk/mmz4281/2021/E0.csv,2026-05-25
2020-21,Man United,19,2021-01-20,Fulham,A,2,1,W,3,40,11,36,25,183,https://www.football-data.co.uk/mmz4281/2021/E0.csv,2026-05-25
2020-21,Man United,20,2021-01-27,Sheffield United,H,1,2,L,0,40,10,37,27,194,https://www.football-data.co.uk/mmz4281/2021/E0.csv,2026-05-25
2020-21,Man United,21,2021-01-30,Arsenal,A,0,0,D,1,41,10,37,27,200,https://www.football-data.co.uk/mmz4281/2021/E0.csv,2026-05-25
2020-21,Man United,22,2021-02-02,Southampton,H,9,0,W,3,44,19,46,27,208,https://www.football-data.co.uk/mmz4281/2021/E0.csv,2026-05-25
2020-21,Man United,23,2021-02-06,Everton,H,3,3,D,1,45,19,49,30,220,https://www.football-data.co.uk/mmz4281/2021/E0.csv,2026-05-25
2020-21,Man United,24,2021-02-14,West Brom,A,1,1,D,1,46,19,50,31,231,https://www.football-data.co.uk/mmz4281/2021/E0.csv,2026-05-25
2020-21,Man United,25,2021-02-21,Newcastle,H,3,1,W,3,49,21,53,32,246,https://www.football-data.co.uk/mmz4281/2021/E0.csv,2026-05-25
2020-21,Man United,26,2021-02-28,Chelsea,A,0,0,D,1,50,21,53,32,256,https://www.football-data.co.uk/mmz4281/2021/E0.csv,2026-05-25
2020-21,Man United,27,2021-03-03,Crystal Palace,A,0,0,D,1,51,21,53,32,262,https://www.football-data.co.uk/mmz4281/2021/E0.csv,2026-05-25
2020-21,Man United,28,2021-03-07,Man City,A,2,0,W,3,54,23,55,32,272,https://www.football-data.co.uk/mmz4281/2021/E0.csv,2026-05-25
2020-21,Man United,29,2021-03-14,West Ham,H,1,0,W,3,57,24,56,32,285,https://www.football-data.co.uk/mmz4281/2021/E0.csv,2026-05-25
2020-21,Man United,30,2021-04-04,Brighton,H,2,1,W,3,60,25,58,33,298,https://www.football-data.co.uk/mmz4281/2021/E0.csv,2026-05-25
2020-21,Man United,31,2021-04-11,Tottenham,A,3,1,W,3,63,27,61,34,307,https://www.football-data.co.uk/mmz4281/2021/E0.csv,2026-05-25
2020-21,Man United,32,2021-04-18,Burnley,H,3,1,W,3,66,29,64,35,315,https://www.football-data.co.uk/mmz4281/2021/E0.csv,2026-05-25
2020-21,Man United,33,2021-04-25,Leeds,A,0,0,D,1,67,29,64,35,326,https://www.football-data.co.uk/mmz4281/2021/E0.csv,2026-05-25
2020-21,Man United,34,2021-05-09,Aston Villa,A,3,1,W,3,70,31,67,36,344,https://www.football-data.co.uk/mmz4281/2021/E0.csv,2026-05-25
2020-21,Man United,35,2021-05-11,Leicester,H,1,2,L,0,70,30,68,38,348,https://www.football-data.co.uk/mmz4281/2021/E0.csv,2026-05-25
2020-21,Man United,36,2021-05-13,Liverpool,H,2,4,L,0,70,28,70,42,352,https://www.football-data.co.uk/mmz4281/2021/E0.csv,2026-05-25
2020-21,Man United,37,2021-05-18,Fulham,H,1,1,D,1,71,28,71,43,361,https://www.football-data.co.uk/mmz4281/2021/E0.csv,2026-05-25
2020-21,Man United,38,2021-05-23,Wolves,A,2,1,W,3,74,29,73,44,380,https://www.football-data.co.uk/mmz4281/2021/E0.csv,2026-05-25
2020-21,Newcastle,1,2020-09-12,West Ham,A,2,0,W,3,3,2,2,0,4,https://www.football-data.co.uk/mmz4281/2021/E0.csv,2026-05-25
2020-21,Newcastle,2,2020-09-20,Brighton,H,0,3,L,0,3,-1,2,3,14,https://www.football-data.co.uk/mmz4281/2021/E0.csv,2026-05-25
2020-21,Newcastle,3,2020-09-27,Tottenham,A,1,1,D,1,4,-1,3,4,24,https://www.football-data.co.uk/mmz4281/2021/E0.csv,2026-05-25
2020-21,Newcastle,4,2020-10-03,Burnley,H,3,1,W,3,7,1,6,5,32,https://www.football-data.co.uk/mmz4281/2021/E0.csv,2026-05-25
2020-21,Newcastle,5,2020-10-17,Man United,H,1,4,L,0,7,-2,7,9,42,https://www.football-data.co.uk/mmz4281/2021/E0.csv,2026-05-25
2020-21,Newcastle,6,2020-10-25,Wolves,A,1,1,D,1,8,-2,8,10,55,https://www.football-data.co.uk/mmz4281/2021/E0.csv,2026-05-25
2020-21,Newcastle,7,2020-11-01,Everton,H,2,1,W,3,11,-1,10,11,64,https://www.football-data.co.uk/mmz4281/2021/E0.csv,2026-05-25
2020-21,Newcastle,8,2020-11-06,Southampton,A,0,2,L,0,11,-3,10,13,70,https://www.football-data.co.uk/mmz4281/2021/E0.csv,2026-05-25
2020-21,Newcastle,9,2020-11-21,Chelsea,H,0,2,L,0,11,-5,10,15,79,https://www.football-data.co.uk/mmz4281/2021/E0.csv,2026-05-25
2020-21,Newcastle,10,2020-11-27,Crystal Palace,A,2,0,W,3,14,-3,12,15,89,https://www.football-data.co.uk/mmz4281/2021/E0.csv,2026-05-25
2020-21,Newcastle,11,2020-12-12,West Brom,H,2,1,W,3,17,-2,14,16,110,https://www.football-data.co.uk/mmz4281/2021/E0.csv,2026-05-25
2020-21,Newcastle,12,2020-12-16,Leeds,A,2,5,L,0,17,-5,16,21,121,https://www.football-data.co.uk/mmz4281/2021/E0.csv,2026-05-25
2020-21,Newcastle,13,2020-12-19,Fulham,H,1,1,D,1,18,-5,17,22,131,https://www.football-data.co.uk/mmz4281/2021/E0.csv,2026-05-25
2020-21,Newcastle,14,2020-12-26,Man City,A,0,2,L,0,18,-7,17,24,142,https://www.football-data.co.uk/mmz4281/2021/E0.csv,2026-05-25
2020-21,Newcastle,15,2020-12-30,Liverpool,H,0,0,D,1,19,-7,17,24,155,https://www.football-data.co.uk/mmz4281/2021/E0.csv,2026-05-25
2020-21,Newcastle,16,2021-01-03,Leicester,H,1,2,L,0,19,-8,18,26,162,https://www.football-data.co.uk/mmz4281/2021/E0.csv,2026-05-25
2020-21,Newcastle,17,2021-01-12,Sheffield United,A,0,1,L,0,19,-9,18,27,165,https://www.football-data.co.uk/mmz4281/2021/E0.csv,2026-05-25
2020-21,Newcastle,18,2021-01-18,Arsenal,A,0,3,L,0,19,-12,18,30,179,https://www.football-data.co.uk/mmz4281/2021/E0.csv,2026-05-25
2020-21,Newcastle,19,2021-01-23,Aston Villa,A,0,2,L,0,19,-14,18,32,185,https://www.football-data.co.uk/mmz4281/2021/E0.csv,2026-05-25
2020-21,Newcastle,20,2021-01-26,Leeds,H,1,2,L,0,19,-15,19,34,187,https://www.football-data.co.uk/mmz4281/2021/E0.csv,2026-05-25
2020-21,Newcastle,21,2021-01-30,Everton,A,2,0,W,3,22,-13,21,34,196,https://www.football-data.co.uk/mmz4281/2021/E0.csv,2026-05-25
2020-21,Newcastle,22,2021-02-02,Crystal Palace,H,1,2,L,0,22,-14,22,36,209,https://www.football-data.co.uk/mmz4281/2021/E0.csv,2026-05-25
2020-21,Newcastle,23,2021-02-06,Southampton,H,3,2,W,3,25,-13,25,38,218,https://www.football-data.co.uk/mmz4281/2021/E0.csv,2026-05-25
2020-21,Newcastle,24,2021-02-15,Chelsea,A,0,2,L,0,25,-15,25,40,235,https://www.football-data.co.uk/mmz4281/2021/E0.csv,2026-05-25
2020-21,Newcastle,25,2021-02-21,Man United,A,1,3,L,0,25,-17,26,43,246,https://www.football-data.co.uk/mmz4281/2021/E0.csv,2026-05-25
2020-21,Newcastle,26,2021-02-27,Wolves,H,1,1,D,1,26,-17,27,44,252,https://www.football-data.co.uk/mmz4281/2021/E0.csv,2026-05-25
2020-21,Newcastle,27,2021-03-07,West Brom,A,0,0,D,1,27,-17,27,44,270,https://www.football-data.co.uk/mmz4281/2021/E0.csv,2026-05-25
2020-21,Newcastle,28,2021-03-12,Aston Villa,H,1,1,D,1,28,-17,28,45,277,https://www.football-data.co.uk/mmz4281/2021/E0.csv,2026-05-25
2020-21,Newcastle,29,2021-03-20,Brighton,A,0,3,L,0,28,-20,28,48,288,https://www.football-data.co.uk/mmz4281/2021/E0.csv,2026-05-25
2020-21,Newcastle,30,2021-04-04,Tottenham,H,2,2,D,1,29,-20,30,50,296,https://www.football-data.co.uk/mmz4281/2021/E0.csv,2026-05-25
2020-21,Newcastle,31,2021-04-11,Burnley,A,2,1,W,3,32,-19,32,51,305,https://www.football-data.co.uk/mmz4281/2021/E0.csv,2026-05-25
2020-21,Newcastle,32,2021-04-17,West Ham,H,3,2,W,3,35,-18,35,53,312,https://www.football-data.co.uk/mmz4281/2021/E0.csv,2026-05-25
2020-21,Newcastle,33,2021-04-24,Liverpool,A,1,1,D,1,36,-18,36,54,322,https://www.football-data.co.uk/mmz4281/2021/E0.csv,2026-05-25
2020-21,Newcastle,34,2021-05-02,Arsenal,H,0,2,L,0,36,-20,36,56,334,https://www.football-data.co.uk/mmz4281/2021/E0.csv,2026-05-25
2020-21,Newcastle,35,2021-05-07,Leicester,A,4,2,W,3,39,-18,40,58,338,https://www.football-data.co.uk/mmz4281/2021/E0.csv,2026-05-25
2020-21,Newcastle,36,2021-05-14,Man City,H,3,4,L,0,39,-19,43,62,353,https://www.football-data.co.uk/mmz4281/2021/E0.csv,2026-05-25
2020-21,Newcastle,37,2021-05-19,Sheffield United,H,1,0,W,3,42,-18,44,62,366,https://www.football-data.co.uk/mmz4281/2021/E0.csv,2026-05-25
2020-21,Newcastle,38,2021-05-23,Fulham,A,2,0,W,3,45,-16,46,62,373,https://www.football-data.co.uk/mmz4281/2021/E0.csv,2026-05-25
2020-21,Sheffield United,1,2020-09-14,Wolves,H,0,2,L,0,0,-2,0,2,8,https://www.football-data.co.uk/mmz4281/2021/E0.csv,2026-05-25
2020-21,Sheffield United,2,2020-09-21,Aston Villa,A,0,1,L,0,0,-3,0,3,17,https://www.football-data.co.uk/mmz4281/2021/E0.csv,2026-05-25
2020-21,Sheffield United,3,2020-09-27,Leeds,H,0,1,L,0,0,-4,0,4,23,https://www.football-data.co.uk/mmz4281/2021/E0.csv,2026-05-25
2020-21,Sheffield United,4,2020-10-04,Arsenal,A,1,2,L,0,0,-5,1,6,35,https://www.football-data.co.uk/mmz4281/2021/E0.csv,2026-05-25
2020-21,Sheffield United,5,2020-10-18,Fulham,H,1,1,D,1,1,-5,2,7,43,https://www.football-data.co.uk/mmz4281/2021/E0.csv,2026-05-25
2020-21,Sheffield United,6,2020-10-24,Liverpool,A,1,2,L,0,1,-6,3,9,53,https://www.football-data.co.uk/mmz4281/2021/E0.csv,2026-05-25
2020-21,Sheffield United,7,2020-10-31,Man City,H,0,1,L,0,1,-7,3,10,60,https://www.football-data.co.uk/mmz4281/2021/E0.csv,2026-05-25
2020-21,Sheffield United,8,2020-11-07,Chelsea,A,1,4,L,0,1,-10,4,14,73,https://www.football-data.co.uk/mmz4281/2021/E0.csv,2026-05-25
2020-21,Sheffield United,9,2020-11-22,West Ham,H,0,1,L,0,1,-11,4,15,84,https://www.football-data.co.uk/mmz4281/2021/E0.csv,2026-05-25
2020-21,Sheffield United,10,2020-11-28,West Brom,A,0,1,L,0,1,-12,4,16,93,https://www.football-data.co.uk/mmz4281/2021/E0.csv,2026-05-25
2020-21,Sheffield United,11,2020-12-06,Leicester,H,1,2,L,0,1,-13,5,18,104,https://www.football-data.co.uk/mmz4281/2021/E0.csv,2026-05-25
2020-21,Sheffield United,12,2020-12-13,Southampton,A,0,3,L,0,1,-16,5,21,113,https://www.football-data.co.uk/mmz4281/2021/E0.csv,2026-05-25
2020-21,Sheffield United,13,2020-12-17,Man United,H,2,3,L,0,1,-17,7,24,127,https://www.football-data.co.uk/mmz4281/2021/E0.csv,2026-05-25
2020-21,Sheffield United,14,2020-12-20,Brighton,A,1,1,D,1,2,-17,8,25,132,https://www.football-data.co.uk/mmz4281/2021/E0.csv,2026-05-25
2020-21,Sheffield United,15,2020-12-26,Everton,H,0,1,L,0,2,-18,8,26,143,https://www.football-data.co.uk/mmz4281/2021/E0.csv,2026-05-25
2020-21,Sheffield United,16,2020-12-29,Burnley,A,0,1,L,0,2,-19,8,27,151,https://www.football-data.co.uk/mmz4281/2021/E0.csv,2026-05-25
2020-21,Sheffield United,17,2021-01-02,Crystal Palace,A,0,2,L,0,2,-21,8,29,159,https://www.football-data.co.uk/mmz4281/2021/E0.csv,2026-05-25
2020-21,Sheffield United,18,2021-01-12,Newcastle,H,1,0,W,3,5,-20,9,29,165,https://www.football-data.co.uk/mmz4281/2021/E0.csv,2026-05-25
2020-21,Sheffield United,19,2021-01-17,Tottenham,H,1,3,L,0,5,-22,10,32,176,https://www.football-data.co.uk/mmz4281/2021/E0.csv,2026-05-25
2020-21,Sheffield United,20,2021-01-27,Man United,A,2,1,W,3,8,-21,12,33,194,https://www.football-data.co.uk/mmz4281/2021/E0.csv,2026-05-25
2020-21,Sheffield United,21,2021-01-30,Man City,A,0,1,L,0,8,-22,12,34,198,https://www.football-data.co.uk/mmz4281/2021/E0.csv,2026-05-25
2020-21,Sheffield United,22,2021-02-02,West Brom,H,2,1,W,3,11,-21,14,35,206,https://www.football-data.co.uk/mmz4281/2021/E0.csv,2026-05-25
2020-21,Sheffield United,23,2021-02-07,Chelsea,H,1,2,L,0,11,-22,15,37,224,https://www.football-data.co.uk/mmz4281/2021/E0.csv,2026-05-25
2020-21,Sheffield United,24,2021-02-15,West Ham,A,0,3,L,0,11,-25,15,40,234,https://www.football-data.co.uk/mmz4281/2021/E0.csv,2026-05-25
2020-21,Sheffield United,25,2021-02-20,Fulham,A,0,1,L,0,11,-26,15,41,242,https://www.football-data.co.uk/mmz4281/2021/E0.csv,2026-05-25
2020-21,Sheffield United,26,2021-02-28,Liverpool,H,0,2,L,0,11,-28,15,43,257,https://www.football-data.co.uk/mmz4281/2021/E0.csv,2026-05-25
2020-21,Sheffield United,27,2021-03-03,Aston Villa,H,1,0,W,3,14,-27,16,43,261,https://www.football-data.co.uk/mmz4281/2021/E0.csv,2026-05-25
2020-21,Sheffield United,28,2021-03-06,Southampton,H,0,2,L,0,14,-29,16,45,267,https://www.football-data.co.uk/mmz4281/2021/E0.csv,2026-05-25
2020-21,Sheffield United,29,2021-03-14,Leicester,A,0,5,L,0,14,-34,16,50,283,https://www.football-data.co.uk/mmz4281/2021/E0.csv,2026-05-25
2020-21,Sheffield United,30,2021-04-03,Leeds,A,1,2,L,0,14,-35,17,52,292,https://www.football-data.co.uk/mmz4281/2021/E0.csv,2026-05-25
2020-21,Sheffield United,31,2021-04-11,Arsenal,H,0,3,L,0,14,-38,17,55,308,https://www.football-data.co.uk/mmz4281/2021/E0.csv,2026-05-25
2020-21,Sheffield United,32,2021-04-17,Wolves,A,0,1,L,0,14,-39,17,56,313,https://www.football-data.co.uk/mmz4281/2021/E0.csv,2026-05-25
2020-21,Sheffield United,33,2021-04-24,Brighton,H,1,0,W,3,17,-38,18,56,324,https://www.football-data.co.uk/mmz4281/2021/E0.csv,2026-05-25
2020-21,Sheffield United,34,2021-05-02,Tottenham,A,0,4,L,0,17,-42,18,60,335,https://www.football-data.co.uk/mmz4281/2021/E0.csv,2026-05-25
2020-21,Sheffield United,35,2021-05-08,Crystal Palace,H,0,2,L,0,17,-44,18,62,340,https://www.football-data.co.uk/mmz4281/2021/E0.csv,2026-05-25
2020-21,Sheffield United,36,2021-05-16,Everton,A,1,0,W,3,20,-43,19,62,360,https://www.football-data.co.uk/mmz4281/2021/E0.csv,2026-05-25
2020-21,Sheffield United,37,2021-05-19,Newcastle,A,0,1,L,0,20,-44,19,63,366,https://www.football-data.co.uk/mmz4281/2021/E0.csv,2026-05-25
2020-21,Sheffield United,38,2021-05-23,Burnley,H,1,0,W,3,23,-43,20,63,378,https://www.football-data.co.uk/mmz4281/2021/E0.csv,2026-05-25
2020-21,Southampton,1,2020-09-12,Crystal Palace,A,0,1,L,0,0,-1,0,1,2,https://www.football-data.co.uk/mmz4281/2021/E0.csv,2026-05-25
2020-21,Southampton,2,2020-09-20,Tottenham,H,2,5,L,0,0,-4,2,6,13,https://www.football-data.co.uk/mmz4281/2021/E0.csv,2026-05-25
2020-21,Southampton,3,2020-09-26,Burnley,A,1,0,W,3,3,-3,3,6,22,https://www.football-data.co.uk/mmz4281/2021/E0.csv,2026-05-25
2020-21,Southampton,4,2020-10-04,West Brom,H,2,0,W,3,6,-1,5,6,34,https://www.football-data.co.uk/mmz4281/2021/E0.csv,2026-05-25
2020-21,Southampton,5,2020-10-17,Chelsea,A,3,3,D,1,7,-1,8,9,40,https://www.football-data.co.uk/mmz4281/2021/E0.csv,2026-05-25
2020-21,Southampton,6,2020-10-25,Everton,H,2,0,W,3,10,1,10,9,54,https://www.football-data.co.uk/mmz4281/2021/E0.csv,2026-05-25
2020-21,Southampton,7,2020-11-01,Aston Villa,A,4,3,W,3,13,2,14,12,63,https://www.football-data.co.uk/mmz4281/2021/E0.csv,2026-05-25
2020-21,Southampton,8,2020-11-06,Newcastle,H,2,0,W,3,16,4,16,12,70,https://www.football-data.co.uk/mmz4281/2021/E0.csv,2026-05-25
2020-21,Southampton,9,2020-11-23,Wolves,A,1,1,D,1,17,4,17,13,88,https://www.football-data.co.uk/mmz4281/2021/E0.csv,2026-05-25
2020-21,Southampton,10,2020-11-29,Man United,H,2,3,L,0,17,3,19,16,94,https://www.football-data.co.uk/mmz4281/2021/E0.csv,2026-05-25
2020-21,Southampton,11,2020-12-07,Brighton,A,2,1,W,3,20,4,21,17,107,https://www.football-data.co.uk/mmz4281/2021/E0.csv,2026-05-25
2020-21,Southampton,12,2020-12-13,Sheffield United,H,3,0,W,3,23,7,24,17,113,https://www.football-data.co.uk/mmz4281/2021/E0.csv,2026-05-25
2020-21,Southampton,13,2020-12-16,Arsenal,A,1,1,D,1,24,7,25,18,120,https://www.football-data.co.uk/mmz4281/2021/E0.csv,2026-05-25
2020-21,Southampton,14,2020-12-19,Man City,H,0,1,L,0,24,6,25,19,129,https://www.football-data.co.uk/mmz4281/2021/E0.csv,2026-05-25
2020-21,Southampton,15,2020-12-26,Fulham,A,0,0,D,1,25,6,25,19,140,https://www.football-data.co.uk/mmz4281/2021/E0.csv,2026-05-25
2020-21,Southampton,16,2020-12-29,West Ham,H,0,0,D,1,26,6,25,19,152,https://www.football-data.co.uk/mmz4281/2021/E0.csv,2026-05-25
2020-21,Southampton,17,2021-01-04,Liverpool,H,1,0,W,3,29,7,26,19,164,https://www.football-data.co.uk/mmz4281/2021/E0.csv,2026-05-25
2020-21,Southampton,18,2021-01-16,Leicester,A,0,2,L,0,29,5,26,21,175,https://www.football-data.co.uk/mmz4281/2021/E0.csv,2026-05-25
2020-21,Southampton,19,2021-01-26,Arsenal,H,1,3,L,0,29,3,27,24,188,https://www.football-data.co.uk/mmz4281/2021/E0.csv,2026-05-25
2020-21,Southampton,20,2021-01-30,Aston Villa,H,0,1,L,0,29,2,27,25,201,https://www.football-data.co.uk/mmz4281/2021/E0.csv,2026-05-25
2020-21,Southampton,21,2021-02-02,Man United,A,0,9,L,0,29,-7,27,34,208,https://www.football-data.co.uk/mmz4281/2021/E0.csv,2026-05-25
2020-21,Southampton,22,2021-02-06,Newcastle,A,2,3,L,0,29,-8,29,37,218,https://www.football-data.co.uk/mmz4281/2021/E0.csv,2026-05-25
2020-21,Southampton,23,2021-02-14,Wolves,H,1,2,L,0,29,-9,30,39,230,https://www.football-data.co.uk/mmz4281/2021/E0.csv,2026-05-25
2020-21,Southampton,24,2021-02-20,Chelsea,H,1,1,D,1,30,-9,31,40,239,https://www.football-data.co.uk/mmz4281/2021/E0.csv,2026-05-25
2020-21,Southampton,25,2021-02-23,Leeds,A,0,3,L,0,30,-12,31,43,248,https://www.football-data.co.uk/mmz4281/2021/E0.csv,2026-05-25
2020-21,Southampton,26,2021-03-01,Everton,A,0,1,L,0,30,-13,31,44,258,https://www.football-data.co.uk/mmz4281/2021/E0.csv,2026-05-25
2020-21,Southampton,27,2021-03-06,Sheffield United,A,2,0,W,3,33,-11,33,44,267,https://www.football-data.co.uk/mmz4281/2021/E0.csv,2026-05-25
2020-21,Southampton,28,2021-03-10,Man City,A,2,5,L,0,33,-14,35,49,276,https://www.football-data.co.uk/mmz4281/2021/E0.csv,2026-05-25
2020-21,Southampton,29,2021-03-14,Brighton,H,1,2,L,0,33,-15,36,51,282,https://www.football-data.co.uk/mmz4281/2021/E0.csv,2026-05-25
2020-21,Southampton,30,2021-04-04,Burnley,H,3,2,W,3,36,-14,39,53,295,https://www.football-data.co.uk/mmz4281/2021/E0.csv,2026-05-25
2020-21,Southampton,31,2021-04-12,West Brom,A,0,3,L,0,36,-17,39,56,309,https://www.football-data.co.uk/mmz4281/2021/E0.csv,2026-05-25
2020-21,Southampton,32,2021-04-21,Tottenham,A,1,2,L,0,36,-18,40,58,318,https://www.football-data.co.uk/mmz4281/2021/E0.csv,2026-05-25
2020-21,Southampton,33,2021-04-30,Leicester,H,1,1,D,1,37,-18,41,59,329,https://www.football-data.co.uk/mmz4281/2021/E0.csv,2026-05-25
2020-21,Southampton,34,2021-05-08,Liverpool,A,0,2,L,0,37,-20,41,61,342,https://www.football-data.co.uk/mmz4281/2021/E0.csv,2026-05-25
2020-21,Southampton,35,2021-05-11,Crystal Palace,H,3,1,W,3,40,-18,44,62,349,https://www.football-data.co.uk/mmz4281/2021/E0.csv,2026-05-25
2020-21,Southampton,36,2021-05-15,Fulham,H,3,1,W,3,43,-16,47,63,355,https://www.football-data.co.uk/mmz4281/2021/E0.csv,2026-05-25
2020-21,Southampton,37,2021-05-18,Leeds,H,0,2,L,0,43,-18,47,65,362,https://www.football-data.co.uk/mmz4281/2021/E0.csv,2026-05-25
2020-21,Southampton,38,2021-05-23,West Ham,A,0,3,L,0,43,-21,47,68,379,https://www.football-data.co.uk/mmz4281/2021/E0.csv,2026-05-25
2020-21,Tottenham,1,2020-09-13,Everton,H,0,1,L,0,0,-1,0,1,6,https://www.football-data.co.uk/mmz4281/2021/E0.csv,2026-05-25
2020-21,Tottenham,2,2020-09-20,Southampton,A,5,2,W,3,3,2,5,3,13,https://www.football-data.co.uk/mmz4281/2021/E0.csv,2026-05-25
2020-21,Tottenham,3,2020-09-27,Newcastle,H,1,1,D,1,4,2,6,4,24,https://www.football-data.co.uk/mmz4281/2021/E0.csv,2026-05-25
2020-21,Tottenham,4,2020-10-04,Man United,A,6,1,W,3,7,7,12,5,37,https://www.football-data.co.uk/mmz4281/2021/E0.csv,2026-05-25
2020-21,Tottenham,5,2020-10-18,West Ham,H,3,3,D,1,8,7,15,8,45,https://www.football-data.co.uk/mmz4281/2021/E0.csv,2026-05-25
2020-21,Tottenham,6,2020-10-26,Burnley,A,1,0,W,3,11,8,16,8,58,https://www.football-data.co.uk/mmz4281/2021/E0.csv,2026-05-25
2020-21,Tottenham,7,2020-11-01,Brighton,H,2,1,W,3,14,9,18,9,66,https://www.football-data.co.uk/mmz4281/2021/E0.csv,2026-05-25
2020-21,Tottenham,8,2020-11-08,West Brom,A,1,0,W,3,17,10,19,9,75,https://www.football-data.co.uk/mmz4281/2021/E0.csv,2026-05-25
2020-21,Tottenham,9,2020-11-21,Man City,H,2,0,W,3,20,12,21,9,81,https://www.football-data.co.uk/mmz4281/2021/E0.csv,2026-05-25
2020-21,Tottenham,10,2020-11-29,Chelsea,A,0,0,D,1,21,12,21,9,95,https://www.football-data.co.uk/mmz4281/2021/E0.csv,2026-05-25
2020-21,Tottenham,11,2020-12-06,Arsenal,H,2,0,W,3,24,14,23,9,105,https://www.football-data.co.uk/mmz4281/2021/E0.csv,2026-05-25
2020-21,Tottenham,12,2020-12-13,Crystal Palace,A,1,1,D,1,25,14,24,10,114,https://www.football-data.co.uk/mmz4281/2021/E0.csv,2026-05-25
2020-21,Tottenham,13,2020-12-16,Liverpool,A,1,2,L,0,25,13,25,12,124,https://www.football-data.co.uk/mmz4281/2021/E0.csv,2026-05-25
2020-21,Tottenham,14,2020-12-20,Leicester,H,0,2,L,0,25,11,25,14,133,https://www.football-data.co.uk/mmz4281/2021/E0.csv,2026-05-25
2020-21,Tottenham,15,2020-12-27,Wolves,A,1,1,D,1,26,11,26,15,147,https://www.football-data.co.uk/mmz4281/2021/E0.csv,2026-05-25
2020-21,Tottenham,16,2021-01-02,Leeds,H,3,0,W,3,29,14,29,15,158,https://www.football-data.co.uk/mmz4281/2021/E0.csv,2026-05-25
2020-21,Tottenham,17,2021-01-13,Fulham,H,1,1,D,1,30,14,30,16,169,https://www.football-data.co.uk/mmz4281/2021/E0.csv,2026-05-25
2020-21,Tottenham,18,2021-01-17,Sheffield United,A,3,1,W,3,33,16,33,17,176,https://www.football-data.co.uk/mmz4281/2021/E0.csv,2026-05-25
2020-21,Tottenham,19,2021-01-28,Liverpool,H,1,3,L,0,33,14,34,20,195,https://www.football-data.co.uk/mmz4281/2021/E0.csv,2026-05-25
2020-21,Tottenham,20,2021-01-31,Brighton,A,0,1,L,0,33,13,34,21,205,https://www.football-data.co.uk/mmz4281/2021/E0.csv,2026-05-25
2020-21,Tottenham,21,2021-02-04,Chelsea,H,0,1,L,0,33,12,34,22,215,https://www.football-data.co.uk/mmz4281/2021/E0.csv,2026-05-25
2020-21,Tottenham,22,2021-02-07,West Brom,H,2,0,W,3,36,14,36,22,221,https://www.football-data.co.uk/mmz4281/2021/E0.csv,2026-05-25
2020-21,Tottenham,23,2021-02-13,Man City,A,0,3,L,0,36,11,36,25,228,https://www.football-data.co.uk/mmz4281/2021/E0.csv,2026-05-25
2020-21,Tottenham,24,2021-02-21,West Ham,A,1,2,L,0,36,10,37,27,243,https://www.football-data.co.uk/mmz4281/2021/E0.csv,2026-05-25
2020-21,Tottenham,25,2021-02-28,Burnley,H,4,0,W,3,39,14,41,27,255,https://www.football-data.co.uk/mmz4281/2021/E0.csv,2026-05-25
2020-21,Tottenham,26,2021-03-04,Fulham,A,1,0,W,3,42,15,42,27,263,https://www.football-data.co.uk/mmz4281/2021/E0.csv,2026-05-25
2020-21,Tottenham,27,2021-03-07,Crystal Palace,H,4,1,W,3,45,18,46,28,273,https://www.football-data.co.uk/mmz4281/2021/E0.csv,2026-05-25
2020-21,Tottenham,28,2021-03-14,Arsenal,A,1,2,L,0,45,17,47,30,284,https://www.football-data.co.uk/mmz4281/2021/E0.csv,2026-05-25
2020-21,Tottenham,29,2021-03-21,Aston Villa,A,2,0,W,3,48,19,49,30,290,https://www.football-data.co.uk/mmz4281/2021/E0.csv,2026-05-25
2020-21,Tottenham,30,2021-04-04,Newcastle,A,2,2,D,1,49,19,51,32,296,https://www.football-data.co.uk/mmz4281/2021/E0.csv,2026-05-25
2020-21,Tottenham,31,2021-04-11,Man United,H,1,3,L,0,49,17,52,35,307,https://www.football-data.co.uk/mmz4281/2021/E0.csv,2026-05-25
2020-21,Tottenham,32,2021-04-16,Everton,A,2,2,D,1,50,17,54,37,311,https://www.football-data.co.uk/mmz4281/2021/E0.csv,2026-05-25
2020-21,Tottenham,33,2021-04-21,Southampton,H,2,1,W,3,53,18,56,38,318,https://www.football-data.co.uk/mmz4281/2021/E0.csv,2026-05-25
2020-21,Tottenham,34,2021-05-02,Sheffield United,H,4,0,W,3,56,22,60,38,335,https://www.football-data.co.uk/mmz4281/2021/E0.csv,2026-05-25
2020-21,Tottenham,35,2021-05-08,Leeds,A,1,3,L,0,56,20,61,41,339,https://www.football-data.co.uk/mmz4281/2021/E0.csv,2026-05-25
2020-21,Tottenham,36,2021-05-16,Wolves,H,2,0,W,3,59,22,63,41,358,https://www.football-data.co.uk/mmz4281/2021/E0.csv,2026-05-25
2020-21,Tottenham,37,2021-05-19,Aston Villa,H,1,2,L,0,59,21,64,43,367,https://www.football-data.co.uk/mmz4281/2021/E0.csv,2026-05-25
2020-21,Tottenham,38,2021-05-23,Leicester,A,4,2,W,3,62,23,68,45,375,https://www.football-data.co.uk/mmz4281/2021/E0.csv,2026-05-25
2020-21,West Brom,1,2020-09-13,Leicester,H,0,3,L,0,0,-3,0,3,5,https://www.football-data.co.uk/mmz4281/2021/E0.csv,2026-05-25
2020-21,West Brom,2,2020-09-19,Everton,A,2,5,L,0,0,-6,2,8,9,https://www.football-data.co.uk/mmz4281/2021/E0.csv,2026-05-25
2020-21,West Brom,3,2020-09-26,Chelsea,H,3,3,D,1,1,-6,5,11,21,https://www.football-data.co.uk/mmz4281/2021/E0.csv,2026-05-25
2020-21,West Brom,4,2020-10-04,Southampton,A,0,2,L,0,1,-8,5,13,34,https://www.football-data.co.uk/mmz4281/2021/E0.csv,2026-05-25
2020-21,West Brom,5,2020-10-19,Burnley,H,0,0,D,1,2,-8,5,13,47,https://www.football-data.co.uk/mmz4281/2021/E0.csv,2026-05-25
2020-21,West Brom,6,2020-10-26,Brighton,A,1,1,D,1,3,-8,6,14,57,https://www.football-data.co.uk/mmz4281/2021/E0.csv,2026-05-25
2020-21,West Brom,7,2020-11-02,Fulham,A,0,2,L,0,3,-10,6,16,67,https://www.football-data.co.uk/mmz4281/2021/E0.csv,2026-05-25
2020-21,West Brom,8,2020-11-08,Tottenham,H,0,1,L,0,3,-11,6,17,75,https://www.football-data.co.uk/mmz4281/2021/E0.csv,2026-05-25
2020-21,West Brom,9,2020-11-21,Man United,A,0,1,L,0,3,-12,6,18,82,https://www.football-data.co.uk/mmz4281/2021/E0.csv,2026-05-25
2020-21,West Brom,10,2020-11-28,Sheffield United,H,1,0,W,3,6,-11,7,18,93,https://www.football-data.co.uk/mmz4281/2021/E0.csv,2026-05-25
2020-21,West Brom,11,2020-12-06,Crystal Palace,H,1,5,L,0,6,-15,8,23,103,https://www.football-data.co.uk/mmz4281/2021/E0.csv,2026-05-25
2020-21,West Brom,12,2020-12-12,Newcastle,A,1,2,L,0,6,-16,9,25,110,https://www.football-data.co.uk/mmz4281/2021/E0.csv,2026-05-25
2020-21,West Brom,13,2020-12-15,Man City,A,1,1,D,1,7,-16,10,26,119,https://www.football-data.co.uk/mmz4281/2021/E0.csv,2026-05-25
2020-21,West Brom,14,2020-12-20,Aston Villa,H,0,3,L,0,7,-19,10,29,135,https://www.football-data.co.uk/mmz4281/2021/E0.csv,2026-05-25
2020-21,West Brom,15,2020-12-27,Liverpool,A,1,1,D,1,8,-19,11,30,146,https://www.football-data.co.uk/mmz4281/2021/E0.csv,2026-05-25
2020-21,West Brom,16,2020-12-29,Leeds,H,0,5,L,0,8,-24,11,35,153,https://www.football-data.co.uk/mmz4281/2021/E0.csv,2026-05-25
2020-21,West Brom,17,2021-01-02,Arsenal,H,0,4,L,0,8,-28,11,39,161,https://www.football-data.co.uk/mmz4281/2021/E0.csv,2026-05-25
2020-21,West Brom,18,2021-01-16,Wolves,A,3,2,W,3,11,-27,14,41,171,https://www.football-data.co.uk/mmz4281/2021/E0.csv,2026-05-25
2020-21,West Brom,19,2021-01-19,West Ham,A,1,2,L,0,11,-28,15,43,180,https://www.football-data.co.uk/mmz4281/2021/E0.csv,2026-05-25
2020-21,West Brom,20,2021-01-26,Man City,H,0,5,L,0,11,-33,15,48,189,https://www.football-data.co.uk/mmz4281/2021/E0.csv,2026-05-25
2020-21,West Brom,21,2021-01-30,Fulham,H,2,2,D,1,12,-33,17,50,199,https://www.football-data.co.uk/mmz4281/2021/E0.csv,2026-05-25
2020-21,West Brom,22,2021-02-02,Sheffield United,A,1,2,L,0,12,-34,18,52,206,https://www.football-data.co.uk/mmz4281/2021/E0.csv,2026-05-25
2020-21,West Brom,23,2021-02-07,Tottenham,A,0,2,L,0,12,-36,18,54,221,https://www.football-data.co.uk/mmz4281/2021/E0.csv,2026-05-25
2020-21,West Brom,24,2021-02-14,Man United,H,1,1,D,1,13,-36,19,55,231,https://www.football-data.co.uk/mmz4281/2021/E0.csv,2026-05-25
2020-21,West Brom,25,2021-02-20,Burnley,A,0,0,D,1,14,-36,19,55,240,https://www.football-data.co.uk/mmz4281/2021/E0.csv,2026-05-25
2020-21,West Brom,26,2021-02-27,Brighton,H,1,0,W,3,17,-35,20,55,250,https://www.football-data.co.uk/mmz4281/2021/E0.csv,2026-05-25
2020-21,West Brom,27,2021-03-04,Everton,H,0,1,L,0,17,-36,20,56,264,https://www.football-data.co.uk/mmz4281/2021/E0.csv,2026-05-25
2020-21,West Brom,28,2021-03-07,Newcastle,H,0,0,D,1,18,-36,20,56,270,https://www.football-data.co.uk/mmz4281/2021/E0.csv,2026-05-25
2020-21,West Brom,29,2021-03-13,Crystal Palace,A,0,1,L,0,18,-37,20,57,279,https://www.football-data.co.uk/mmz4281/2021/E0.csv,2026-05-25
2020-21,West Brom,30,2021-04-03,Chelsea,A,5,2,W,3,21,-34,25,59,291,https://www.football-data.co.uk/mmz4281/2021/E0.csv,2026-05-25
2020-21,West Brom,31,2021-04-12,Southampton,H,3,0,W,3,24,-31,28,59,309,https://www.football-data.co.uk/mmz4281/2021/E0.csv,2026-05-25
2020-21,West Brom,32,2021-04-22,Leicester,A,0,3,L,0,24,-34,28,62,320,https://www.football-data.co.uk/mmz4281/2021/E0.csv,2026-05-25
2020-21,West Brom,33,2021-04-25,Aston Villa,A,2,2,D,1,25,-34,30,64,327,https://www.football-data.co.uk/mmz4281/2021/E0.csv,2026-05-25
2020-21,West Brom,34,2021-05-03,Wolves,H,1,1,D,1,26,-34,31,65,336,https://www.football-data.co.uk/mmz4281/2021/E0.csv,2026-05-25
2020-21,West Brom,35,2021-05-09,Arsenal,A,1,3,L,0,26,-36,32,68,346,https://www.football-data.co.uk/mmz4281/2021/E0.csv,2026-05-25
2020-21,West Brom,36,2021-05-16,Liverpool,H,1,2,L,0,26,-37,33,70,359,https://www.football-data.co.uk/mmz4281/2021/E0.csv,2026-05-25
2020-21,West Brom,37,2021-05-19,West Ham,H,1,3,L,0,26,-39,34,73,370,https://www.football-data.co.uk/mmz4281/2021/E0.csv,2026-05-25
2020-21,West Brom,38,2021-05-23,Leeds,A,1,3,L,0,26,-41,35,76,374,https://www.football-data.co.uk/mmz4281/2021/E0.csv,2026-05-25
2020-21,West Ham,1,2020-09-12,Newcastle,H,0,2,L,0,0,-2,0,2,4,https://www.football-data.co.uk/mmz4281/2021/E0.csv,2026-05-25
2020-21,West Ham,2,2020-09-19,Arsenal,A,1,2,L,0,0,-3,1,4,12,https://www.football-data.co.uk/mmz4281/2021/E0.csv,2026-05-25
2020-21,West Ham,3,2020-09-27,Wolves,H,4,0,W,3,3,1,5,4,26,https://www.football-data.co.uk/mmz4281/2021/E0.csv,2026-05-25
2020-21,West Ham,4,2020-10-04,Leicester,A,3,0,W,3,6,4,8,4,33,https://www.football-data.co.uk/mmz4281/2021/E0.csv,2026-05-25
2020-21,West Ham,5,2020-10-18,Tottenham,A,3,3,D,1,7,4,11,7,45,https://www.football-data.co.uk/mmz4281/2021/E0.csv,2026-05-25
2020-21,West Ham,6,2020-10-24,Man City,H,1,1,D,1,8,4,12,8,50,https://www.football-data.co.uk/mmz4281/2021/E0.csv,2026-05-25
2020-21,West Ham,7,2020-10-31,Liverpool,A,1,2,L,0,8,3,13,10,62,https://www.football-data.co.uk/mmz4281/2021/E0.csv,2026-05-25
2020-21,West Ham,8,2020-11-07,Fulham,H,1,0,W,3,11,4,14,10,74,https://www.football-data.co.uk/mmz4281/2021/E0.csv,2026-05-25
2020-21,West Ham,9,2020-11-22,Sheffield United,A,1,0,W,3,14,5,15,10,84,https://www.football-data.co.uk/mmz4281/2021/E0.csv,2026-05-25
2020-21,West Ham,10,2020-11-30,Aston Villa,H,2,1,W,3,17,6,17,11,98,https://www.football-data.co.uk/mmz4281/2021/E0.csv,2026-05-25
2020-21,West Ham,11,2020-12-05,Man United,H,1,3,L,0,17,4,18,14,101,https://www.football-data.co.uk/mmz4281/2021/E0.csv,2026-05-25
2020-21,West Ham,12,2020-12-11,Leeds,A,2,1,W,3,20,5,20,15,108,https://www.football-data.co.uk/mmz4281/2021/E0.csv,2026-05-25
2020-21,West Ham,13,2020-12-16,Crystal Palace,H,1,1,D,1,21,5,21,16,125,https://www.football-data.co.uk/mmz4281/2021/E0.csv,2026-05-25
2020-21,West Ham,14,2020-12-21,Chelsea,A,0,3,L,0,21,2,21,19,137,https://www.football-data.co.uk/mmz4281/2021/E0.csv,2026-05-25
2020-21,West Ham,15,2020-12-27,Brighton,H,2,2,D,1,22,2,23,21,145,https://www.football-data.co.uk/mmz4281/2021/E0.csv,2026-05-25
2020-21,West Ham,16,2020-12-29,Southampton,A,0,0,D,1,23,2,23,21,152,https://www.football-data.co.uk/mmz4281/2021/E0.csv,2026-05-25
2020-21,West Ham,17,2021-01-01,Everton,A,1,0,W,3,26,3,24,21,156,https://www.football-data.co.uk/mmz4281/2021/E0.csv,2026-05-25
2020-21,West Ham,18,2021-01-16,Burnley,H,1,0,W,3,29,4,25,21,173,https://www.football-data.co.uk/mmz4281/2021/E0.csv,2026-05-25
2020-21,West Ham,19,2021-01-19,West Brom,H,2,1,W,3,32,5,27,22,180,https://www.football-data.co.uk/mmz4281/2021/E0.csv,2026-05-25
2020-21,West Ham,20,2021-01-26,Crystal Palace,A,3,2,W,3,35,6,30,24,186,https://www.football-data.co.uk/mmz4281/2021/E0.csv,2026-05-25
2020-21,West Ham,21,2021-01-31,Liverpool,H,1,3,L,0,35,4,31,27,204,https://www.football-data.co.uk/mmz4281/2021/E0.csv,2026-05-25
2020-21,West Ham,22,2021-02-03,Aston Villa,A,3,1,W,3,38,6,34,28,213,https://www.football-data.co.uk/mmz4281/2021/E0.csv,2026-05-25
2020-21,West Ham,23,2021-02-06,Fulham,A,0,0,D,1,39,6,34,28,219,https://www.football-data.co.uk/mmz4281/2021/E0.csv,2026-05-25
2020-21,West Ham,24,2021-02-15,Sheffield United,H,3,0,W,3,42,9,37,28,234,https://www.football-data.co.uk/mmz4281/2021/E0.csv,2026-05-25
2020-21,West Ham,25,2021-02-21,Tottenham,H,2,1,W,3,45,10,39,29,243,https://www.football-data.co.uk/mmz4281/2021/E0.csv,2026-05-25
2020-21,West Ham,26,2021-02-27,Man City,A,1,2,L,0,45,9,40,31,249,https://www.football-data.co.uk/mmz4281/2021/E0.csv,2026-05-25
2020-21,West Ham,27,2021-03-08,Leeds,H,2,0,W,3,48,11,42,31,275,https://www.football-data.co.uk/mmz4281/2021/E0.csv,2026-05-25
2020-21,West Ham,28,2021-03-14,Man United,A,0,1,L,0,48,10,42,32,285,https://www.football-data.co.uk/mmz4281/2021/E0.csv,2026-05-25
2020-21,West Ham,29,2021-03-21,Arsenal,H,3,3,D,1,49,10,45,35,289,https://www.football-data.co.uk/mmz4281/2021/E0.csv,2026-05-25
2020-21,West Ham,30,2021-04-05,Wolves,A,3,2,W,3,52,11,48,37,300,https://www.football-data.co.uk/mmz4281/2021/E0.csv,2026-05-25
2020-21,West Ham,31,2021-04-11,Leicester,H,3,2,W,3,55,12,51,39,306,https://www.football-data.co.uk/mmz4281/2021/E0.csv,2026-05-25
2020-21,West Ham,32,2021-04-17,Newcastle,A,2,3,L,0,55,11,53,42,312,https://www.football-data.co.uk/mmz4281/2021/E0.csv,2026-05-25
2020-21,West Ham,33,2021-04-24,Chelsea,H,0,1,L,0,55,10,53,43,323,https://www.football-data.co.uk/mmz4281/2021/E0.csv,2026-05-25
2020-21,West Ham,34,2021-05-03,Burnley,A,2,1,W,3,58,11,55,44,337,https://www.football-data.co.uk/mmz4281/2021/E0.csv,2026-05-25
2020-21,West Ham,35,2021-05-09,Everton,H,0,1,L,0,58,10,55,45,345,https://www.football-data.co.uk/mmz4281/2021/E0.csv,2026-05-25
2020-21,West Ham,36,2021-05-15,Brighton,A,1,1,D,1,59,10,56,46,356,https://www.football-data.co.uk/mmz4281/2021/E0.csv,2026-05-25
2020-21,West Ham,37,2021-05-19,West Brom,A,3,1,W,3,62,12,59,47,370,https://www.football-data.co.uk/mmz4281/2021/E0.csv,2026-05-25
2020-21,West Ham,38,2021-05-23,Southampton,H,3,0,W,3,65,15,62,47,379,https://www.football-data.co.uk/mmz4281/2021/E0.csv,2026-05-25
2020-21,Wolves,1,2020-09-14,Sheffield United,A,2,0,W,3,3,2,2,0,8,https://www.football-data.co.uk/mmz4281/2021/E0.csv,2026-05-25
2020-21,Wolves,2,2020-09-21,Man City,H,1,3,L,0,3,0,3,3,18,https://www.football-data.co.uk/mmz4281/2021/E0.csv,2026-05-25
2020-21,Wolves,3,2020-09-27,West Ham,A,0,4,L,0,3,-4,3,7,26,https://www.football-data.co.uk/mmz4281/2021/E0.csv,2026-05-25
2020-21,Wolves,4,2020-10-04,Fulham,H,1,0,W,3,6,-3,4,7,36,https://www.football-data.co.uk/mmz4281/2021/E0.csv,2026-05-25
2020-21,Wolves,5,2020-10-19,Leeds,A,1,0,W,3,9,-2,5,7,48,https://www.football-data.co.uk/mmz4281/2021/E0.csv,2026-05-25
2020-21,Wolves,6,2020-10-25,Newcastle,H,1,1,D,1,10,-2,6,8,55,https://www.football-data.co.uk/mmz4281/2021/E0.csv,2026-05-25
2020-21,Wolves,7,2020-10-30,Crystal Palace,H,2,0,W,3,13,0,8,8,59,https://www.football-data.co.uk/mmz4281/2021/E0.csv,2026-05-25
2020-21,Wolves,8,2020-11-08,Leicester,A,0,1,L,0,13,-1,8,9,76,https://www.football-data.co.uk/mmz4281/2021/E0.csv,2026-05-25
2020-21,Wolves,9,2020-11-23,Southampton,H,1,1,D,1,14,-1,9,10,88,https://www.football-data.co.uk/mmz4281/2021/E0.csv,2026-05-25
2020-21,Wolves,10,2020-11-29,Arsenal,A,2,1,W,3,17,0,11,11,96,https://www.football-data.co.uk/mmz4281/2021/E0.csv,2026-05-25
2020-21,Wolves,11,2020-12-06,Liverpool,A,0,4,L,0,17,-4,11,15,106,https://www.football-data.co.uk/mmz4281/2021/E0.csv,2026-05-25
2020-21,Wolves,12,2020-12-12,Aston Villa,H,0,1,L,0,17,-5,11,16,109,https://www.football-data.co.uk/mmz4281/2021/E0.csv,2026-05-25
2020-21,Wolves,13,2020-12-15,Chelsea,H,2,1,W,3,20,-4,13,17,118,https://www.football-data.co.uk/mmz4281/2021/E0.csv,2026-05-25
2020-21,Wolves,14,2020-12-21,Burnley,A,1,2,L,0,20,-5,14,19,136,https://www.football-data.co.uk/mmz4281/2021/E0.csv,2026-05-25
2020-21,Wolves,15,2020-12-27,Tottenham,H,1,1,D,1,21,-5,15,20,147,https://www.football-data.co.uk/mmz4281/2021/E0.csv,2026-05-25
2020-21,Wolves,16,2020-12-29,Man United,A,0,1,L,0,21,-6,15,21,154,https://www.football-data.co.uk/mmz4281/2021/E0.csv,2026-05-25
2020-21,Wolves,17,2021-01-02,Brighton,A,3,3,D,1,22,-6,18,24,160,https://www.football-data.co.uk/mmz4281/2021/E0.csv,2026-05-25
2020-21,Wolves,18,2021-01-12,Everton,H,1,2,L,0,22,-7,19,26,167,https://www.football-data.co.uk/mmz4281/2021/E0.csv,2026-05-25
2020-21,Wolves,19,2021-01-16,West Brom,H,2,3,L,0,22,-8,21,29,171,https://www.football-data.co.uk/mmz4281/2021/E0.csv,2026-05-25
2020-21,Wolves,20,2021-01-27,Chelsea,A,0,0,D,1,23,-8,21,29,191,https://www.football-data.co.uk/mmz4281/2021/E0.csv,2026-05-25
2020-21,Wolves,21,2021-01-30,Crystal Palace,A,0,1,L,0,23,-9,21,30,197,https://www.football-data.co.uk/mmz4281/2021/E0.csv,2026-05-25
2020-21,Wolves,22,2021-02-02,Arsenal,H,2,1,W,3,26,-8,23,31,207,https://www.football-data.co.uk/mmz4281/2021/E0.csv,2026-05-25
2020-21,Wolves,23,2021-02-07,Leicester,H,0,0,D,1,27,-8,23,31,222,https://www.football-data.co.uk/mmz4281/2021/E0.csv,2026-05-25
2020-21,Wolves,24,2021-02-14,Southampton,A,2,1,W,3,30,-7,25,32,230,https://www.football-data.co.uk/mmz4281/2021/E0.csv,2026-05-25
2020-21,Wolves,25,2021-02-19,Leeds,H,1,0,W,3,33,-6,26,32,238,https://www.football-data.co.uk/mmz4281/2021/E0.csv,2026-05-25
2020-21,Wolves,26,2021-02-27,Newcastle,A,1,1,D,1,34,-6,27,33,252,https://www.football-data.co.uk/mmz4281/2021/E0.csv,2026-05-25
2020-21,Wolves,27,2021-03-02,Man City,A,1,4,L,0,34,-9,28,37,259,https://www.football-data.co.uk/mmz4281/2021/E0.csv,2026-05-25
2020-21,Wolves,28,2021-03-06,Aston Villa,A,0,0,D,1,35,-9,28,37,268,https://www.football-data.co.uk/mmz4281/2021/E0.csv,2026-05-25
2020-21,Wolves,29,2021-03-15,Liverpool,H,0,1,L,0,35,-10,28,38,286,https://www.football-data.co.uk/mmz4281/2021/E0.csv,2026-05-25
2020-21,Wolves,30,2021-04-05,West Ham,H,2,3,L,0,35,-11,30,41,300,https://www.football-data.co.uk/mmz4281/2021/E0.csv,2026-05-25
2020-21,Wolves,31,2021-04-09,Fulham,A,1,0,W,3,38,-10,31,41,301,https://www.football-data.co.uk/mmz4281/2021/E0.csv,2026-05-25
2020-21,Wolves,32,2021-04-17,Sheffield United,H,1,0,W,3,41,-9,32,41,313,https://www.football-data.co.uk/mmz4281/2021/E0.csv,2026-05-25
2020-21,Wolves,33,2021-04-25,Burnley,H,0,4,L,0,41,-13,32,45,325,https://www.football-data.co.uk/mmz4281/2021/E0.csv,2026-05-25
2020-21,Wolves,34,2021-05-03,West Brom,A,1,1,D,1,42,-13,33,46,336,https://www.football-data.co.uk/mmz4281/2021/E0.csv,2026-05-25
2020-21,Wolves,35,2021-05-09,Brighton,H,2,1,W,3,45,-12,35,47,343,https://www.football-data.co.uk/mmz4281/2021/E0.csv,2026-05-25
2020-21,Wolves,36,2021-05-16,Tottenham,A,0,2,L,0,45,-14,35,49,358,https://www.football-data.co.uk/mmz4281/2021/E0.csv,2026-05-25
2020-21,Wolves,37,2021-05-19,Everton,A,0,1,L,0,45,-15,35,50,365,https://www.football-data.co.uk/mmz4281/2021/E0.csv,2026-05-25
2020-21,Wolves,38,2021-05-23,Man United,H,1,2,L,0,45,-16,36,52,380,https://www.football-data.co.uk/mmz4281/2021/E0.csv,2026-05-25
2021-22,Arsenal,1,2021-08-13,Brentford,A,0,2,L,0,0,-2,0,2,1,https://www.football-data.co.uk/mmz4281/2122/E0.csv,2026-05-25
2021-22,Arsenal,2,2021-08-22,Chelsea,H,0,2,L,0,0,-4,0,4,19,https://www.football-data.co.uk/mmz4281/2122/E0.csv,2026-05-25
2021-22,Arsenal,3,2021-08-28,Man City,A,0,5,L,0,0,-9,0,9,21,https://www.football-data.co.uk/mmz4281/2122/E0.csv,2026-05-25
2021-22,Arsenal,4,2021-09-11,Norwich,H,1,0,W,3,3,-8,1,9,32,https://www.football-data.co.uk/mmz4281/2122/E0.csv,2026-05-25
2021-22,Arsenal,5,2021-09-18,Burnley,A,1,0,W,3,6,-7,2,9,43,https://www.football-data.co.uk/mmz4281/2122/E0.csv,2026-05-25
2021-22,Arsenal,6,2021-09-26,Tottenham,H,3,1,W,3,9,-5,5,10,59,https://www.football-data.co.uk/mmz4281/2122/E0.csv,2026-05-25
2021-22,Arsenal,7,2021-10-02,Brighton,A,0,0,D,1,10,-5,5,10,66,https://www.football-data.co.uk/mmz4281/2122/E0.csv,2026-05-25
2021-22,Arsenal,8,2021-10-18,Crystal Palace,H,2,2,D,1,11,-5,7,12,80,https://www.football-data.co.uk/mmz4281/2122/E0.csv,2026-05-25
2021-22,Arsenal,9,2021-10-22,Aston Villa,H,3,1,W,3,14,-3,10,13,81,https://www.football-data.co.uk/mmz4281/2122/E0.csv,2026-05-25
2021-22,Arsenal,10,2021-10-30,Leicester,A,2,0,W,3,17,-1,12,13,91,https://www.football-data.co.uk/mmz4281/2122/E0.csv,2026-05-25
2021-22,Arsenal,11,2021-11-07,Watford,H,1,0,W,3,20,0,13,13,107,https://www.football-data.co.uk/mmz4281/2122/E0.csv,2026-05-25
2021-22,Arsenal,12,2021-11-20,Liverpool,A,0,4,L,0,20,-4,13,17,118,https://www.football-data.co.uk/mmz4281/2122/E0.csv,2026-05-25
2021-22,Arsenal,13,2021-11-27,Newcastle,H,2,0,W,3,23,-2,15,17,121,https://www.football-data.co.uk/mmz4281/2122/E0.csv,2026-05-25
2021-22,Arsenal,14,2021-12-02,Man United,A,2,3,L,0,23,-3,17,20,139,https://www.football-data.co.uk/mmz4281/2122/E0.csv,2026-05-25
2021-22,Arsenal,15,2021-12-06,Everton,A,1,2,L,0,23,-4,18,22,149,https://www.football-data.co.uk/mmz4281/2122/E0.csv,2026-05-25
2021-22,Arsenal,16,2021-12-11,Southampton,H,3,0,W,3,26,-1,21,22,152,https://www.football-data.co.uk/mmz4281/2122/E0.csv,2026-05-25
2021-22,Arsenal,17,2021-12-15,West Ham,H,2,0,W,3,29,1,23,22,163,https://www.football-data.co.uk/mmz4281/2122/E0.csv,2026-05-25
2021-22,Arsenal,18,2021-12-18,Leeds,A,4,1,W,3,32,4,27,23,166,https://www.football-data.co.uk/mmz4281/2122/E0.csv,2026-05-25
2021-22,Arsenal,19,2021-12-26,Norwich,A,5,0,W,3,35,9,32,23,171,https://www.football-data.co.uk/mmz4281/2122/E0.csv,2026-05-25
2021-22,Arsenal,20,2022-01-01,Man City,H,1,2,L,0,35,8,33,25,184,https://www.football-data.co.uk/mmz4281/2122/E0.csv,2026-05-25
2021-22,Arsenal,21,2022-01-23,Burnley,H,0,0,D,1,36,8,33,25,211,https://www.football-data.co.uk/mmz4281/2122/E0.csv,2026-05-25
2021-22,Arsenal,22,2022-02-10,Wolves,A,1,0,W,3,39,9,34,25,224,https://www.football-data.co.uk/mmz4281/2122/E0.csv,2026-05-25
2021-22,Arsenal,23,2022-02-19,Brentford,H,2,1,W,3,42,10,36,26,236,https://www.football-data.co.uk/mmz4281/2122/E0.csv,2026-05-25
2021-22,Arsenal,24,2022-02-24,Wolves,H,2,1,W,3,45,11,38,27,248,https://www.football-data.co.uk/mmz4281/2122/E0.csv,2026-05-25
2021-22,Arsenal,25,2022-03-06,Watford,A,3,2,W,3,48,12,41,29,265,https://www.football-data.co.uk/mmz4281/2122/E0.csv,2026-05-25
2021-22,Arsenal,26,2022-03-13,Leicester,H,2,0,W,3,51,14,43,29,280,https://www.football-data.co.uk/mmz4281/2122/E0.csv,2026-05-25
2021-22,Arsenal,27,2022-03-16,Liverpool,H,0,2,L,0,51,12,43,31,283,https://www.football-data.co.uk/mmz4281/2122/E0.csv,2026-05-25
2021-22,Arsenal,28,2022-03-19,Aston Villa,A,1,0,W,3,54,13,44,31,286,https://www.football-data.co.uk/mmz4281/2122/E0.csv,2026-05-25
2021-22,Arsenal,29,2022-04-04,Crystal Palace,A,0,3,L,0,54,10,44,34,298,https://www.football-data.co.uk/mmz4281/2122/E0.csv,2026-05-25
2021-22,Arsenal,30,2022-04-09,Brighton,H,1,2,L,0,54,9,45,36,302,https://www.football-data.co.uk/mmz4281/2122/E0.csv,2026-05-25
2021-22,Arsenal,31,2022-04-16,Southampton,A,0,1,L,0,54,8,45,37,312,https://www.football-data.co.uk/mmz4281/2122/E0.csv,2026-05-25
2021-22,Arsenal,32,2022-04-20,Chelsea,A,4,2,W,3,57,10,49,39,317,https://www.football-data.co.uk/mmz4281/2122/E0.csv,2026-05-25
2021-22,Arsenal,33,2022-04-23,Man United,H,3,1,W,3,60,12,52,40,322,https://www.football-data.co.uk/mmz4281/2122/E0.csv,2026-05-25
2021-22,Arsenal,34,2022-05-01,West Ham,A,2,1,W,3,63,13,54,41,341,https://www.football-data.co.uk/mmz4281/2122/E0.csv,2026-05-25
2021-22,Arsenal,35,2022-05-08,Leeds,H,2,1,W,3,66,14,56,42,349,https://www.football-data.co.uk/mmz4281/2122/E0.csv,2026-05-25
2021-22,Arsenal,36,2022-05-12,Tottenham,A,0,3,L,0,66,11,56,45,358,https://www.football-data.co.uk/mmz4281/2122/E0.csv,2026-05-25
2021-22,Arsenal,37,2022-05-16,Newcastle,A,0,2,L,0,66,9,56,47,366,https://www.football-data.co.uk/mmz4281/2122/E0.csv,2026-05-25
2021-22,Arsenal,38,2022-05-22,Everton,H,5,1,W,3,69,13,61,48,371,https://www.football-data.co.uk/mmz4281/2122/E0.csv,2026-05-25
2021-22,Aston Villa,1,2021-08-14,Watford,A,2,3,L,0,0,-1,2,3,7,https://www.football-data.co.uk/mmz4281/2122/E0.csv,2026-05-25
2021-22,Aston Villa,2,2021-08-21,Newcastle,H,2,0,W,3,3,1,4,3,12,https://www.football-data.co.uk/mmz4281/2122/E0.csv,2026-05-25
2021-22,Aston Villa,3,2021-08-28,Brentford,H,1,1,D,1,4,1,5,4,22,https://www.football-data.co.uk/mmz4281/2122/E0.csv,2026-05-25
2021-22,Aston Villa,4,2021-09-11,Chelsea,A,0,3,L,0,4,-2,5,7,38,https://www.football-data.co.uk/mmz4281/2122/E0.csv,2026-05-25
2021-22,Aston Villa,5,2021-09-18,Everton,H,3,0,W,3,7,1,8,7,47,https://www.football-data.co.uk/mmz4281/2122/E0.csv,2026-05-25
2021-22,Aston Villa,6,2021-09-25,Man United,A,1,0,W,3,10,2,9,7,52,https://www.football-data.co.uk/mmz4281/2122/E0.csv,2026-05-25
2021-22,Aston Villa,7,2021-10-03,Tottenham,A,1,2,L,0,10,1,10,9,68,https://www.football-data.co.uk/mmz4281/2122/E0.csv,2026-05-25
2021-22,Aston Villa,8,2021-10-16,Wolves,H,2,3,L,0,10,0,12,12,72,https://www.football-data.co.uk/mmz4281/2122/E0.csv,2026-05-25
2021-22,Aston Villa,9,2021-10-22,Arsenal,A,1,3,L,0,10,-2,13,15,81,https://www.football-data.co.uk/mmz4281/2122/E0.csv,2026-05-25
2021-22,Aston Villa,10,2021-10-31,West Ham,H,1,4,L,0,10,-5,14,19,99,https://www.football-data.co.uk/mmz4281/2122/E0.csv,2026-05-25
2021-22,Aston Villa,11,2021-11-05,Southampton,A,0,1,L,0,10,-6,14,20,101,https://www.football-data.co.uk/mmz4281/2122/E0.csv,2026-05-25
2021-22,Aston Villa,12,2021-11-20,Brighton,H,2,0,W,3,13,-4,16,20,112,https://www.football-data.co.uk/mmz4281/2122/E0.csv,2026-05-25
2021-22,Aston Villa,13,2021-11-27,Crystal Palace,A,2,1,W,3,16,-3,18,21,122,https://www.football-data.co.uk/mmz4281/2122/E0.csv,2026-05-25
2021-22,Aston Villa,14,2021-12-01,Man City,H,1,2,L,0,16,-4,19,23,136,https://www.football-data.co.uk/mmz4281/2122/E0.csv,2026-05-25
2021-22,Aston Villa,15,2021-12-05,Leicester,H,2,1,W,3,19,-3,21,24,148,https://www.football-data.co.uk/mmz4281/2122/E0.csv,2026-05-25
2021-22,Aston Villa,16,2021-12-11,Liverpool,A,0,1,L,0,19,-4,21,25,154,https://www.football-data.co.uk/mmz4281/2122/E0.csv,2026-05-25
2021-22,Aston Villa,17,2021-12-14,Norwich,A,2,0,W,3,22,-2,23,25,159,https://www.football-data.co.uk/mmz4281/2122/E0.csv,2026-05-25
2021-22,Aston Villa,18,2021-12-26,Chelsea,H,1,3,L,0,22,-4,24,28,174,https://www.football-data.co.uk/mmz4281/2122/E0.csv,2026-05-25
2021-22,Aston Villa,19,2022-01-02,Brentford,A,1,2,L,0,22,-5,25,30,187,https://www.football-data.co.uk/mmz4281/2122/E0.csv,2026-05-25
2021-22,Aston Villa,20,2022-01-15,Man United,H,2,2,D,1,23,-5,27,32,199,https://www.football-data.co.uk/mmz4281/2122/E0.csv,2026-05-25
2021-22,Aston Villa,21,2022-01-22,Everton,A,1,0,W,3,26,-4,28,32,206,https://www.football-data.co.uk/mmz4281/2122/E0.csv,2026-05-25
2021-22,Aston Villa,22,2022-02-09,Leeds,H,3,3,D,1,27,-4,31,35,222,https://www.football-data.co.uk/mmz4281/2122/E0.csv,2026-05-25
2021-22,Aston Villa,23,2022-02-13,Newcastle,A,0,1,L,0,27,-5,31,36,231,https://www.football-data.co.uk/mmz4281/2122/E0.csv,2026-05-25
2021-22,Aston Villa,24,2022-02-19,Watford,H,0,1,L,0,27,-6,31,37,237,https://www.football-data.co.uk/mmz4281/2122/E0.csv,2026-05-25
2021-22,Aston Villa,25,2022-02-26,Brighton,A,2,0,W,3,30,-4,33,37,254,https://www.football-data.co.uk/mmz4281/2122/E0.csv,2026-05-25
2021-22,Aston Villa,26,2022-03-05,Southampton,H,4,0,W,3,33,0,37,37,259,https://www.football-data.co.uk/mmz4281/2122/E0.csv,2026-05-25
2021-22,Aston Villa,27,2022-03-10,Leeds,A,3,0,W,3,36,3,40,37,271,https://www.football-data.co.uk/mmz4281/2122/E0.csv,2026-05-25
2021-22,Aston Villa,28,2022-03-13,West Ham,A,1,2,L,0,36,2,41,39,279,https://www.football-data.co.uk/mmz4281/2122/E0.csv,2026-05-25
2021-22,Aston Villa,29,2022-03-19,Arsenal,H,0,1,L,0,36,1,41,40,286,https://www.football-data.co.uk/mmz4281/2122/E0.csv,2026-05-25
2021-22,Aston Villa,30,2022-04-02,Wolves,A,1,2,L,0,36,0,42,42,294,https://www.football-data.co.uk/mmz4281/2122/E0.csv,2026-05-25
2021-22,Aston Villa,31,2022-04-09,Tottenham,H,0,4,L,0,36,-4,42,46,305,https://www.football-data.co.uk/mmz4281/2122/E0.csv,2026-05-25
2021-22,Aston Villa,32,2022-04-23,Leicester,A,0,0,D,1,37,-4,42,46,323,https://www.football-data.co.uk/mmz4281/2122/E0.csv,2026-05-25
2021-22,Aston Villa,33,2022-04-30,Norwich,H,2,0,W,3,40,-2,44,46,334,https://www.football-data.co.uk/mmz4281/2122/E0.csv,2026-05-25
2021-22,Aston Villa,34,2022-05-07,Burnley,A,3,1,W,3,43,0,47,47,344,https://www.football-data.co.uk/mmz4281/2122/E0.csv,2026-05-25
2021-22,Aston Villa,35,2022-05-10,Liverpool,H,1,2,L,0,43,-1,48,49,353,https://www.football-data.co.uk/mmz4281/2122/E0.csv,2026-05-25
2021-22,Aston Villa,36,2022-05-15,Crystal Palace,H,1,1,D,1,44,-1,49,50,360,https://www.football-data.co.uk/mmz4281/2122/E0.csv,2026-05-25
2021-22,Aston Villa,37,2022-05-19,Burnley,H,1,1,D,1,45,-1,50,51,369,https://www.football-data.co.uk/mmz4281/2122/E0.csv,2026-05-25
2021-22,Aston Villa,38,2022-05-22,Man City,A,2,3,L,0,45,-2,52,54,379,https://www.football-data.co.uk/mmz4281/2122/E0.csv,2026-05-25
2021-22,Brentford,1,2021-08-13,Arsenal,H,2,0,W,3,3,2,2,0,1,https://www.football-data.co.uk/mmz4281/2122/E0.csv,2026-05-25
2021-22,Brentford,2,2021-08-21,Crystal Palace,A,0,0,D,1,4,2,2,0,13,https://www.football-data.co.uk/mmz4281/2122/E0.csv,2026-05-25
2021-22,Brentford,3,2021-08-28,Aston Villa,A,1,1,D,1,5,2,3,1,22,https://www.football-data.co.uk/mmz4281/2122/E0.csv,2026-05-25
2021-22,Brentford,4,2021-09-11,Brighton,H,0,1,L,0,5,1,3,2,33,https://www.football-data.co.uk/mmz4281/2122/E0.csv,2026-05-25
2021-22,Brentford,5,2021-09-18,Wolves,A,2,0,W,3,8,3,5,2,42,https://www.football-data.co.uk/mmz4281/2122/E0.csv,2026-05-25
2021-22,Brentford,6,2021-09-25,Liverpool,H,3,3,D,1,9,3,8,5,57,https://www.football-data.co.uk/mmz4281/2122/E0.csv,2026-05-25
2021-22,Brentford,7,2021-10-03,West Ham,A,2,1,W,3,12,4,10,6,69,https://www.football-data.co.uk/mmz4281/2122/E0.csv,2026-05-25
2021-22,Brentford,8,2021-10-16,Chelsea,H,0,1,L,0,12,3,10,7,77,https://www.football-data.co.uk/mmz4281/2122/E0.csv,2026-05-25
2021-22,Brentford,9,2021-10-24,Leicester,H,1,2,L,0,12,2,11,9,88,https://www.football-data.co.uk/mmz4281/2122/E0.csv,2026-05-25
2021-22,Brentford,10,2021-10-30,Burnley,A,1,3,L,0,12,0,12,12,92,https://www.football-data.co.uk/mmz4281/2122/E0.csv,2026-05-25
2021-22,Brentford,11,2021-11-06,Norwich,H,1,2,L,0,12,-1,13,14,103,https://www.football-data.co.uk/mmz4281/2122/E0.csv,2026-05-25
2021-22,Brentford,12,2021-11-20,Newcastle,A,3,3,D,1,13,-1,16,17,114,https://www.football-data.co.uk/mmz4281/2122/E0.csv,2026-05-25
2021-22,Brentford,13,2021-11-28,Everton,H,1,0,W,3,16,0,17,17,126,https://www.football-data.co.uk/mmz4281/2122/E0.csv,2026-05-25
2021-22,Brentford,14,2021-12-02,Tottenham,A,0,2,L,0,16,-2,17,19,138,https://www.football-data.co.uk/mmz4281/2122/E0.csv,2026-05-25
2021-22,Brentford,15,2021-12-05,Leeds,A,2,2,D,1,17,-2,19,21,145,https://www.football-data.co.uk/mmz4281/2122/E0.csv,2026-05-25
2021-22,Brentford,16,2021-12-10,Watford,H,2,1,W,3,20,-1,21,22,150,https://www.football-data.co.uk/mmz4281/2122/E0.csv,2026-05-25
2021-22,Brentford,17,2021-12-26,Brighton,A,0,2,L,0,20,-3,21,24,175,https://www.football-data.co.uk/mmz4281/2122/E0.csv,2026-05-25
2021-22,Brentford,18,2021-12-29,Man City,H,0,1,L,0,20,-4,21,25,182,https://www.football-data.co.uk/mmz4281/2122/E0.csv,2026-05-25
2021-22,Brentford,19,2022-01-02,Aston Villa,H,2,1,W,3,23,-3,23,26,187,https://www.football-data.co.uk/mmz4281/2122/E0.csv,2026-05-25
2021-22,Brentford,20,2022-01-11,Southampton,A,1,4,L,0,23,-6,24,30,192,https://www.football-data.co.uk/mmz4281/2122/E0.csv,2026-05-25
2021-22,Brentford,21,2022-01-16,Liverpool,A,0,3,L,0,23,-9,24,33,200,https://www.football-data.co.uk/mmz4281/2122/E0.csv,2026-05-25
2021-22,Brentford,22,2022-01-19,Man United,H,1,3,L,0,23,-11,25,36,204,https://www.football-data.co.uk/mmz4281/2122/E0.csv,2026-05-25
2021-22,Brentford,23,2022-01-22,Wolves,H,1,2,L,0,23,-12,26,38,207,https://www.football-data.co.uk/mmz4281/2122/E0.csv,2026-05-25
2021-22,Brentford,24,2022-02-09,Man City,A,0,2,L,0,23,-14,26,40,219,https://www.football-data.co.uk/mmz4281/2122/E0.csv,2026-05-25
2021-22,Brentford,25,2022-02-12,Crystal Palace,H,0,0,D,1,24,-14,26,40,226,https://www.football-data.co.uk/mmz4281/2122/E0.csv,2026-05-25
2021-22,Brentford,26,2022-02-19,Arsenal,A,1,2,L,0,24,-15,27,42,236,https://www.football-data.co.uk/mmz4281/2122/E0.csv,2026-05-25
2021-22,Brentford,27,2022-02-26,Newcastle,H,0,2,L,0,24,-17,27,44,251,https://www.football-data.co.uk/mmz4281/2122/E0.csv,2026-05-25
2021-22,Brentford,28,2022-03-05,Norwich,A,3,1,W,3,27,-15,30,45,262,https://www.football-data.co.uk/mmz4281/2122/E0.csv,2026-05-25
2021-22,Brentford,29,2022-03-12,Burnley,H,2,0,W,3,30,-13,32,45,273,https://www.football-data.co.uk/mmz4281/2122/E0.csv,2026-05-25
2021-22,Brentford,30,2022-03-20,Leicester,A,1,2,L,0,30,-14,33,47,287,https://www.football-data.co.uk/mmz4281/2122/E0.csv,2026-05-25
2021-22,Brentford,31,2022-04-02,Chelsea,A,4,1,W,3,33,-11,37,48,292,https://www.football-data.co.uk/mmz4281/2122/E0.csv,2026-05-25
2021-22,Brentford,32,2022-04-10,West Ham,H,2,0,W,3,36,-9,39,48,306,https://www.football-data.co.uk/mmz4281/2122/E0.csv,2026-05-25
2021-22,Brentford,33,2022-04-16,Watford,A,2,1,W,3,39,-8,41,49,313,https://www.football-data.co.uk/mmz4281/2122/E0.csv,2026-05-25
2021-22,Brentford,34,2022-04-23,Tottenham,H,0,0,D,1,40,-8,41,49,326,https://www.football-data.co.uk/mmz4281/2122/E0.csv,2026-05-25
2021-22,Brentford,35,2022-05-02,Man United,A,0,3,L,0,40,-11,41,52,342,https://www.football-data.co.uk/mmz4281/2122/E0.csv,2026-05-25
2021-22,Brentford,36,2022-05-07,Southampton,H,3,0,W,3,43,-8,44,52,343,https://www.football-data.co.uk/mmz4281/2122/E0.csv,2026-05-25
2021-22,Brentford,37,2022-05-15,Everton,A,3,2,W,3,46,-7,47,54,365,https://www.football-data.co.uk/mmz4281/2122/E0.csv,2026-05-25
2021-22,Brentford,38,2022-05-22,Leeds,H,1,2,L,0,46,-8,48,56,372,https://www.football-data.co.uk/mmz4281/2122/E0.csv,2026-05-25
2021-22,Brighton,1,2021-08-14,Burnley,A,2,1,W,3,3,1,2,1,3,https://www.football-data.co.uk/mmz4281/2122/E0.csv,2026-05-25
2021-22,Brighton,2,2021-08-21,Watford,H,2,0,W,3,6,3,4,1,16,https://www.football-data.co.uk/mmz4281/2122/E0.csv,2026-05-25
2021-22,Brighton,3,2021-08-28,Everton,H,0,2,L,0,6,1,4,3,23,https://www.football-data.co.uk/mmz4281/2122/E0.csv,2026-05-25
2021-22,Brighton,4,2021-09-11,Brentford,A,1,0,W,3,9,2,5,3,33,https://www.football-data.co.uk/mmz4281/2122/E0.csv,2026-05-25
2021-22,Brighton,5,2021-09-19,Leicester,H,2,1,W,3,12,3,7,4,48,https://www.football-data.co.uk/mmz4281/2122/E0.csv,2026-05-25
2021-22,Brighton,6,2021-09-27,Crystal Palace,A,1,1,D,1,13,3,8,5,60,https://www.football-data.co.uk/mmz4281/2122/E0.csv,2026-05-25
2021-22,Brighton,7,2021-10-02,Arsenal,H,0,0,D,1,14,3,8,5,66,https://www.football-data.co.uk/mmz4281/2122/E0.csv,2026-05-25
2021-22,Brighton,8,2021-10-16,Norwich,A,0,0,D,1,15,3,8,5,75,https://www.football-data.co.uk/mmz4281/2122/E0.csv,2026-05-25
2021-22,Brighton,9,2021-10-23,Man City,H,1,4,L,0,15,0,9,9,87,https://www.football-data.co.uk/mmz4281/2122/E0.csv,2026-05-25
2021-22,Brighton,10,2021-10-30,Liverpool,A,2,2,D,1,16,0,11,11,93,https://www.football-data.co.uk/mmz4281/2122/E0.csv,2026-05-25
2021-22,Brighton,11,2021-11-06,Newcastle,H,1,1,D,1,17,0,12,12,106,https://www.football-data.co.uk/mmz4281/2122/E0.csv,2026-05-25
2021-22,Brighton,12,2021-11-20,Aston Villa,A,0,2,L,0,17,-2,12,14,112,https://www.football-data.co.uk/mmz4281/2122/E0.csv,2026-05-25
2021-22,Brighton,13,2021-11-27,Leeds,H,0,0,D,1,18,-2,12,14,125,https://www.football-data.co.uk/mmz4281/2122/E0.csv,2026-05-25
2021-22,Brighton,14,2021-12-01,West Ham,A,1,1,D,1,19,-2,13,15,134,https://www.football-data.co.uk/mmz4281/2122/E0.csv,2026-05-25
2021-22,Brighton,15,2021-12-04,Southampton,A,1,1,D,1,20,-2,14,16,142,https://www.football-data.co.uk/mmz4281/2122/E0.csv,2026-05-25
2021-22,Brighton,16,2021-12-15,Wolves,H,0,1,L,0,20,-3,14,17,161,https://www.football-data.co.uk/mmz4281/2122/E0.csv,2026-05-25
2021-22,Brighton,17,2021-12-26,Brentford,H,2,0,W,3,23,-1,16,17,175,https://www.football-data.co.uk/mmz4281/2122/E0.csv,2026-05-25
2021-22,Brighton,18,2021-12-29,Chelsea,A,1,1,D,1,24,-1,17,18,181,https://www.football-data.co.uk/mmz4281/2122/E0.csv,2026-05-25
2021-22,Brighton,19,2022-01-02,Everton,A,3,2,W,3,27,0,20,20,188,https://www.football-data.co.uk/mmz4281/2122/E0.csv,2026-05-25
2021-22,Brighton,20,2022-01-14,Crystal Palace,H,1,1,D,1,28,0,21,21,194,https://www.football-data.co.uk/mmz4281/2122/E0.csv,2026-05-25
2021-22,Brighton,21,2022-01-18,Chelsea,H,1,1,D,1,29,0,22,22,202,https://www.football-data.co.uk/mmz4281/2122/E0.csv,2026-05-25
2021-22,Brighton,22,2022-01-23,Leicester,A,1,1,D,1,30,0,23,23,213,https://www.football-data.co.uk/mmz4281/2122/E0.csv,2026-05-25
2021-22,Brighton,23,2022-02-12,Watford,A,2,0,W,3,33,2,25,23,228,https://www.football-data.co.uk/mmz4281/2122/E0.csv,2026-05-25
2021-22,Brighton,24,2022-02-15,Man United,A,0,2,L,0,33,0,25,25,234,https://www.football-data.co.uk/mmz4281/2122/E0.csv,2026-05-25
2021-22,Brighton,25,2022-02-19,Burnley,H,0,3,L,0,33,-3,25,28,238,https://www.football-data.co.uk/mmz4281/2122/E0.csv,2026-05-25
2021-22,Brighton,26,2022-02-26,Aston Villa,H,0,2,L,0,33,-5,25,30,254,https://www.football-data.co.uk/mmz4281/2122/E0.csv,2026-05-25
2021-22,Brighton,27,2022-03-05,Newcastle,A,1,2,L,0,33,-6,26,32,261,https://www.football-data.co.uk/mmz4281/2122/E0.csv,2026-05-25
2021-22,Brighton,28,2022-03-12,Liverpool,H,0,2,L,0,33,-8,26,34,272,https://www.football-data.co.uk/mmz4281/2122/E0.csv,2026-05-25
2021-22,Brighton,29,2022-03-16,Tottenham,H,0,2,L,0,33,-10,26,36,282,https://www.football-data.co.uk/mmz4281/2122/E0.csv,2026-05-25
2021-22,Brighton,30,2022-04-02,Norwich,H,0,0,D,1,34,-10,26,36,290,https://www.football-data.co.uk/mmz4281/2122/E0.csv,2026-05-25
2021-22,Brighton,31,2022-04-09,Arsenal,A,2,1,W,3,37,-9,28,37,302,https://www.football-data.co.uk/mmz4281/2122/E0.csv,2026-05-25
2021-22,Brighton,32,2022-04-16,Tottenham,A,1,0,W,3,40,-8,29,37,310,https://www.football-data.co.uk/mmz4281/2122/E0.csv,2026-05-25
2021-22,Brighton,33,2022-04-20,Man City,A,0,3,L,0,40,-11,29,40,320,https://www.football-data.co.uk/mmz4281/2122/E0.csv,2026-05-25
2021-22,Brighton,34,2022-04-24,Southampton,H,2,2,D,1,41,-11,31,42,327,https://www.football-data.co.uk/mmz4281/2122/E0.csv,2026-05-25
2021-22,Brighton,35,2022-04-30,Wolves,A,3,0,W,3,44,-8,34,42,337,https://www.football-data.co.uk/mmz4281/2122/E0.csv,2026-05-25
2021-22,Brighton,36,2022-05-07,Man United,H,4,0,W,3,47,-4,38,42,347,https://www.football-data.co.uk/mmz4281/2122/E0.csv,2026-05-25
2021-22,Brighton,37,2022-05-15,Leeds,A,1,1,D,1,48,-4,39,43,361,https://www.football-data.co.uk/mmz4281/2122/E0.csv,2026-05-25
2021-22,Brighton,38,2022-05-22,West Ham,H,3,1,W,3,51,-2,42,44,373,https://www.football-data.co.uk/mmz4281/2122/E0.csv,2026-05-25
2021-22,Burnley,1,2021-08-14,Brighton,H,1,2,L,0,0,-1,1,2,3,https://www.football-data.co.uk/mmz4281/2122/E0.csv,2026-05-25
2021-22,Burnley,2,2021-08-21,Liverpool,A,0,2,L,0,0,-3,1,4,11,https://www.football-data.co.uk/mmz4281/2122/E0.csv,2026-05-25
2021-22,Burnley,3,2021-08-29,Leeds,H,1,1,D,1,1,-3,2,5,28,https://www.football-data.co.uk/mmz4281/2122/E0.csv,2026-05-25
2021-22,Burnley,4,2021-09-13,Everton,A,1,3,L,0,1,-5,3,8,40,https://www.football-data.co.uk/mmz4281/2122/E0.csv,2026-05-25
2021-22,Burnley,5,2021-09-18,Arsenal,H,0,1,L,0,1,-6,3,9,43,https://www.football-data.co.uk/mmz4281/2122/E0.csv,2026-05-25
2021-22,Burnley,6,2021-09-25,Leicester,A,2,2,D,1,2,-6,5,11,55,https://www.football-data.co.uk/mmz4281/2122/E0.csv,2026-05-25
2021-22,Burnley,7,2021-10-02,Norwich,H,0,0,D,1,3,-6,5,11,62,https://www.football-data.co.uk/mmz4281/2122/E0.csv,2026-05-25
2021-22,Burnley,8,2021-10-16,Man City,A,0,2,L,0,3,-8,5,13,74,https://www.football-data.co.uk/mmz4281/2122/E0.csv,2026-05-25
2021-22,Burnley,9,2021-10-23,Southampton,A,2,2,D,1,4,-8,7,15,86,https://www.football-data.co.uk/mmz4281/2122/E0.csv,2026-05-25
2021-22,Burnley,10,2021-10-30,Brentford,H,3,1,W,3,7,-6,10,16,92,https://www.football-data.co.uk/mmz4281/2122/E0.csv,2026-05-25
2021-22,Burnley,11,2021-11-06,Chelsea,A,1,1,D,1,8,-6,11,17,104,https://www.football-data.co.uk/mmz4281/2122/E0.csv,2026-05-25
2021-22,Burnley,12,2021-11-20,Crystal Palace,H,3,3,D,1,9,-6,14,20,113,https://www.football-data.co.uk/mmz4281/2122/E0.csv,2026-05-25
2021-22,Burnley,13,2021-12-01,Wolves,A,0,0,D,1,10,-6,14,20,135,https://www.football-data.co.uk/mmz4281/2122/E0.csv,2026-05-25
2021-22,Burnley,14,2021-12-04,Newcastle,A,0,1,L,0,10,-7,14,21,141,https://www.football-data.co.uk/mmz4281/2122/E0.csv,2026-05-25
2021-22,Burnley,15,2021-12-12,West Ham,H,0,0,D,1,11,-7,14,21,156,https://www.football-data.co.uk/mmz4281/2122/E0.csv,2026-05-25
2021-22,Burnley,16,2021-12-30,Man United,A,1,3,L,0,11,-9,15,24,183,https://www.football-data.co.uk/mmz4281/2122/E0.csv,2026-05-25
2021-22,Burnley,17,2022-01-02,Leeds,A,1,3,L,0,11,-11,16,27,189,https://www.football-data.co.uk/mmz4281/2122/E0.csv,2026-05-25
2021-22,Burnley,18,2022-01-23,Arsenal,A,0,0,D,1,12,-11,16,27,211,https://www.football-data.co.uk/mmz4281/2122/E0.csv,2026-05-25
2021-22,Burnley,19,2022-02-05,Watford,H,0,0,D,1,13,-11,16,27,215,https://www.football-data.co.uk/mmz4281/2122/E0.csv,2026-05-25
2021-22,Burnley,20,2022-02-08,Man United,H,1,1,D,1,14,-11,17,28,218,https://www.football-data.co.uk/mmz4281/2122/E0.csv,2026-05-25
2021-22,Burnley,21,2022-02-13,Liverpool,H,0,1,L,0,14,-12,17,29,230,https://www.football-data.co.uk/mmz4281/2122/E0.csv,2026-05-25
2021-22,Burnley,22,2022-02-19,Brighton,A,3,0,W,3,17,-9,20,29,238,https://www.football-data.co.uk/mmz4281/2122/E0.csv,2026-05-25
2021-22,Burnley,23,2022-02-23,Tottenham,H,1,0,W,3,20,-8,21,29,245,https://www.football-data.co.uk/mmz4281/2122/E0.csv,2026-05-25
2021-22,Burnley,24,2022-02-26,Crystal Palace,A,1,1,D,1,21,-8,22,30,252,https://www.football-data.co.uk/mmz4281/2122/E0.csv,2026-05-25
2021-22,Burnley,25,2022-03-01,Leicester,H,0,2,L,0,21,-10,22,32,257,https://www.football-data.co.uk/mmz4281/2122/E0.csv,2026-05-25
2021-22,Burnley,26,2022-03-05,Chelsea,H,0,4,L,0,21,-14,22,36,260,https://www.football-data.co.uk/mmz4281/2122/E0.csv,2026-05-25
2021-22,Burnley,27,2022-03-12,Brentford,A,0,2,L,0,21,-16,22,38,273,https://www.football-data.co.uk/mmz4281/2122/E0.csv,2026-05-25
2021-22,Burnley,28,2022-04-02,Man City,H,0,2,L,0,21,-18,22,40,291,https://www.football-data.co.uk/mmz4281/2122/E0.csv,2026-05-25
2021-22,Burnley,29,2022-04-06,Everton,H,3,2,W,3,24,-17,25,42,299,https://www.football-data.co.uk/mmz4281/2122/E0.csv,2026-05-25
2021-22,Burnley,30,2022-04-10,Norwich,A,0,2,L,0,24,-19,25,44,308,https://www.football-data.co.uk/mmz4281/2122/E0.csv,2026-05-25
2021-22,Burnley,31,2022-04-17,West Ham,A,1,1,D,1,25,-19,26,45,315,https://www.football-data.co.uk/mmz4281/2122/E0.csv,2026-05-25
2021-22,Burnley,32,2022-04-21,Southampton,H,2,0,W,3,28,-17,28,45,321,https://www.football-data.co.uk/mmz4281/2122/E0.csv,2026-05-25
2021-22,Burnley,33,2022-04-24,Wolves,H,1,0,W,3,31,-16,29,45,328,https://www.football-data.co.uk/mmz4281/2122/E0.csv,2026-05-25
2021-22,Burnley,34,2022-04-30,Watford,A,2,1,W,3,34,-15,31,46,336,https://www.football-data.co.uk/mmz4281/2122/E0.csv,2026-05-25
2021-22,Burnley,35,2022-05-07,Aston Villa,H,1,3,L,0,34,-17,32,49,344,https://www.football-data.co.uk/mmz4281/2122/E0.csv,2026-05-25
2021-22,Burnley,36,2022-05-15,Tottenham,A,0,1,L,0,34,-18,32,50,359,https://www.football-data.co.uk/mmz4281/2122/E0.csv,2026-05-25
2021-22,Burnley,37,2022-05-19,Aston Villa,A,1,1,D,1,35,-18,33,51,369,https://www.football-data.co.uk/mmz4281/2122/E0.csv,2026-05-25
2021-22,Burnley,38,2022-05-22,Newcastle,H,1,2,L,0,35,-19,34,53,374,https://www.football-data.co.uk/mmz4281/2122/E0.csv,2026-05-25
2021-22,Chelsea,1,2021-08-14,Crystal Palace,H,3,0,W,3,3,3,3,0,4,https://www.football-data.co.uk/mmz4281/2122/E0.csv,2026-05-25
2021-22,Chelsea,2,2021-08-22,Arsenal,A,2,0,W,3,6,5,5,0,19,https://www.football-data.co.uk/mmz4281/2122/E0.csv,2026-05-25
2021-22,Chelsea,3,2021-08-28,Liverpool,A,1,1,D,1,7,5,6,1,27,https://www.football-data.co.uk/mmz4281/2122/E0.csv,2026-05-25
2021-22,Chelsea,4,2021-09-11,Aston Villa,H,3,0,W,3,10,8,9,1,38,https://www.football-data.co.uk/mmz4281/2122/E0.csv,2026-05-25
2021-22,Chelsea,5,2021-09-19,Tottenham,A,3,0,W,3,13,11,12,1,50,https://www.football-data.co.uk/mmz4281/2122/E0.csv,2026-05-25
2021-22,Chelsea,6,2021-09-25,Man City,H,0,1,L,0,13,10,12,2,51,https://www.football-data.co.uk/mmz4281/2122/E0.csv,2026-05-25
2021-22,Chelsea,7,2021-10-02,Southampton,H,3,1,W,3,16,12,15,3,63,https://www.football-data.co.uk/mmz4281/2122/E0.csv,2026-05-25
2021-22,Chelsea,8,2021-10-16,Brentford,A,1,0,W,3,19,13,16,3,77,https://www.football-data.co.uk/mmz4281/2122/E0.csv,2026-05-25
2021-22,Chelsea,9,2021-10-23,Norwich,H,7,0,W,3,22,20,23,3,82,https://www.football-data.co.uk/mmz4281/2122/E0.csv,2026-05-25
2021-22,Chelsea,10,2021-10-30,Newcastle,A,3,0,W,3,25,23,26,3,95,https://www.football-data.co.uk/mmz4281/2122/E0.csv,2026-05-25
2021-22,Chelsea,11,2021-11-06,Burnley,H,1,1,D,1,26,23,27,4,104,https://www.football-data.co.uk/mmz4281/2122/E0.csv,2026-05-25
2021-22,Chelsea,12,2021-11-20,Leicester,A,3,0,W,3,29,26,30,4,111,https://www.football-data.co.uk/mmz4281/2122/E0.csv,2026-05-25
2021-22,Chelsea,13,2021-11-28,Man United,H,1,1,D,1,30,26,31,5,129,https://www.football-data.co.uk/mmz4281/2122/E0.csv,2026-05-25
2021-22,Chelsea,14,2021-12-01,Watford,A,2,1,W,3,33,27,33,6,133,https://www.football-data.co.uk/mmz4281/2122/E0.csv,2026-05-25
2021-22,Chelsea,15,2021-12-04,West Ham,A,2,3,L,0,33,26,35,9,140,https://www.football-data.co.uk/mmz4281/2122/E0.csv,2026-05-25
2021-22,Chelsea,16,2021-12-11,Leeds,H,3,2,W,3,36,27,38,11,153,https://www.football-data.co.uk/mmz4281/2122/E0.csv,2026-05-25
2021-22,Chelsea,17,2021-12-16,Everton,H,1,1,D,1,37,27,39,12,164,https://www.football-data.co.uk/mmz4281/2122/E0.csv,2026-05-25
2021-22,Chelsea,18,2021-12-19,Wolves,A,0,0,D,1,38,27,39,12,168,https://www.football-data.co.uk/mmz4281/2122/E0.csv,2026-05-25
2021-22,Chelsea,19,2021-12-26,Aston Villa,A,3,1,W,3,41,29,42,13,174,https://www.football-data.co.uk/mmz4281/2122/E0.csv,2026-05-25
2021-22,Chelsea,20,2021-12-29,Brighton,H,1,1,D,1,42,29,43,14,181,https://www.football-data.co.uk/mmz4281/2122/E0.csv,2026-05-25
2021-22,Chelsea,21,2022-01-02,Liverpool,H,2,2,D,1,43,29,45,16,190,https://www.football-data.co.uk/mmz4281/2122/E0.csv,2026-05-25
2021-22,Chelsea,22,2022-01-15,Man City,A,0,1,L,0,43,28,45,17,195,https://www.football-data.co.uk/mmz4281/2122/E0.csv,2026-05-25
2021-22,Chelsea,23,2022-01-18,Brighton,A,1,1,D,1,44,28,46,18,202,https://www.football-data.co.uk/mmz4281/2122/E0.csv,2026-05-25
2021-22,Chelsea,24,2022-01-23,Tottenham,H,2,0,W,3,47,30,48,18,214,https://www.football-data.co.uk/mmz4281/2122/E0.csv,2026-05-25
2021-22,Chelsea,25,2022-02-19,Crystal Palace,A,1,0,W,3,50,31,49,18,239,https://www.football-data.co.uk/mmz4281/2122/E0.csv,2026-05-25
2021-22,Chelsea,26,2022-03-05,Burnley,A,4,0,W,3,53,35,53,18,260,https://www.football-data.co.uk/mmz4281/2122/E0.csv,2026-05-25
2021-22,Chelsea,27,2022-03-10,Norwich,A,3,1,W,3,56,37,56,19,268,https://www.football-data.co.uk/mmz4281/2122/E0.csv,2026-05-25
2021-22,Chelsea,28,2022-03-13,Newcastle,H,1,0,W,3,59,38,57,19,275,https://www.football-data.co.uk/mmz4281/2122/E0.csv,2026-05-25
2021-22,Chelsea,29,2022-04-02,Brentford,H,1,4,L,0,59,35,58,23,292,https://www.football-data.co.uk/mmz4281/2122/E0.csv,2026-05-25
2021-22,Chelsea,30,2022-04-09,Southampton,A,6,0,W,3,62,41,64,23,303,https://www.football-data.co.uk/mmz4281/2122/E0.csv,2026-05-25
2021-22,Chelsea,31,2022-04-20,Arsenal,H,2,4,L,0,62,39,66,27,317,https://www.football-data.co.uk/mmz4281/2122/E0.csv,2026-05-25
2021-22,Chelsea,32,2022-04-24,West Ham,H,1,0,W,3,65,40,67,27,329,https://www.football-data.co.uk/mmz4281/2122/E0.csv,2026-05-25
2021-22,Chelsea,33,2022-04-28,Man United,A,1,1,D,1,66,40,68,28,332,https://www.football-data.co.uk/mmz4281/2122/E0.csv,2026-05-25
2021-22,Chelsea,34,2022-05-01,Everton,A,0,1,L,0,66,39,68,29,339,https://www.football-data.co.uk/mmz4281/2122/E0.csv,2026-05-25
2021-22,Chelsea,35,2022-05-07,Wolves,H,2,2,D,1,67,39,70,31,345,https://www.football-data.co.uk/mmz4281/2122/E0.csv,2026-05-25
2021-22,Chelsea,36,2022-05-11,Leeds,A,3,0,W,3,70,42,73,31,354,https://www.football-data.co.uk/mmz4281/2122/E0.csv,2026-05-25
2021-22,Chelsea,37,2022-05-19,Leicester,H,1,1,D,1,71,42,74,32,370,https://www.football-data.co.uk/mmz4281/2122/E0.csv,2026-05-25
2021-22,Chelsea,38,2022-05-22,Watford,H,2,1,W,3,74,43,76,33,375,https://www.football-data.co.uk/mmz4281/2122/E0.csv,2026-05-25
2021-22,Crystal Palace,1,2021-08-14,Chelsea,A,0,3,L,0,0,-3,0,3,4,https://www.football-data.co.uk/mmz4281/2122/E0.csv,2026-05-25
2021-22,Crystal Palace,2,2021-08-21,Brentford,H,0,0,D,1,1,-3,0,3,13,https://www.football-data.co.uk/mmz4281/2122/E0.csv,2026-05-25
2021-22,Crystal Palace,3,2021-08-28,West Ham,A,2,2,D,1,2,-3,2,5,26,https://www.football-data.co.uk/mmz4281/2122/E0.csv,2026-05-25
2021-22,Crystal Palace,4,2021-09-11,Tottenham,H,3,0,W,3,5,0,5,5,31,https://www.football-data.co.uk/mmz4281/2122/E0.csv,2026-05-25
2021-22,Crystal Palace,5,2021-09-18,Liverpool,A,0,3,L,0,5,-3,5,8,44,https://www.football-data.co.uk/mmz4281/2122/E0.csv,2026-05-25
2021-22,Crystal Palace,6,2021-09-27,Brighton,H,1,1,D,1,6,-3,6,9,60,https://www.football-data.co.uk/mmz4281/2122/E0.csv,2026-05-25
2021-22,Crystal Palace,7,2021-10-03,Leicester,H,2,2,D,1,7,-3,8,11,67,https://www.football-data.co.uk/mmz4281/2122/E0.csv,2026-05-25
2021-22,Crystal Palace,8,2021-10-18,Arsenal,A,2,2,D,1,8,-3,10,13,80,https://www.football-data.co.uk/mmz4281/2122/E0.csv,2026-05-25
2021-22,Crystal Palace,9,2021-10-23,Newcastle,H,1,1,D,1,9,-3,11,14,83,https://www.football-data.co.uk/mmz4281/2122/E0.csv,2026-05-25
2021-22,Crystal Palace,10,2021-10-30,Man City,A,2,0,W,3,12,-1,13,14,94,https://www.football-data.co.uk/mmz4281/2122/E0.csv,2026-05-25
2021-22,Crystal Palace,11,2021-11-06,Wolves,H,2,0,W,3,15,1,15,14,105,https://www.football-data.co.uk/mmz4281/2122/E0.csv,2026-05-25
2021-22,Crystal Palace,12,2021-11-20,Burnley,A,3,3,D,1,16,1,18,17,113,https://www.football-data.co.uk/mmz4281/2122/E0.csv,2026-05-25
2021-22,Crystal Palace,13,2021-11-27,Aston Villa,H,1,2,L,0,16,0,19,19,122,https://www.football-data.co.uk/mmz4281/2122/E0.csv,2026-05-25
2021-22,Crystal Palace,14,2021-11-30,Leeds,A,0,1,L,0,16,-1,19,20,131,https://www.football-data.co.uk/mmz4281/2122/E0.csv,2026-05-25
2021-22,Crystal Palace,15,2021-12-05,Man United,A,0,1,L,0,16,-2,19,21,146,https://www.football-data.co.uk/mmz4281/2122/E0.csv,2026-05-25
2021-22,Crystal Palace,16,2021-12-12,Everton,H,3,1,W,3,19,0,22,22,158,https://www.football-data.co.uk/mmz4281/2122/E0.csv,2026-05-25
2021-22,Crystal Palace,17,2021-12-15,Southampton,H,2,2,D,1,20,0,24,24,162,https://www.football-data.co.uk/mmz4281/2122/E0.csv,2026-05-25
2021-22,Crystal Palace,18,2021-12-26,Tottenham,A,0,3,L,0,20,-3,24,27,172,https://www.football-data.co.uk/mmz4281/2122/E0.csv,2026-05-25
2021-22,Crystal Palace,19,2021-12-28,Norwich,H,3,0,W,3,23,0,27,27,177,https://www.football-data.co.uk/mmz4281/2122/E0.csv,2026-05-25
2021-22,Crystal Palace,20,2022-01-01,West Ham,H,2,3,L,0,23,-1,29,30,186,https://www.football-data.co.uk/mmz4281/2122/E0.csv,2026-05-25
2021-22,Crystal Palace,21,2022-01-14,Brighton,A,1,1,D,1,24,-1,30,31,194,https://www.football-data.co.uk/mmz4281/2122/E0.csv,2026-05-25
2021-22,Crystal Palace,22,2022-01-23,Liverpool,H,1,3,L,0,24,-3,31,34,212,https://www.football-data.co.uk/mmz4281/2122/E0.csv,2026-05-25
2021-22,Crystal Palace,23,2022-02-09,Norwich,A,1,1,D,1,25,-3,32,35,220,https://www.football-data.co.uk/mmz4281/2122/E0.csv,2026-05-25
2021-22,Crystal Palace,24,2022-02-12,Brentford,A,0,0,D,1,26,-3,32,35,226,https://www.football-data.co.uk/mmz4281/2122/E0.csv,2026-05-25
2021-22,Crystal Palace,25,2022-02-19,Chelsea,H,0,1,L,0,26,-4,32,36,239,https://www.football-data.co.uk/mmz4281/2122/E0.csv,2026-05-25
2021-22,Crystal Palace,26,2022-02-23,Watford,A,4,1,W,3,29,-1,36,37,246,https://www.football-data.co.uk/mmz4281/2122/E0.csv,2026-05-25
2021-22,Crystal Palace,27,2022-02-26,Burnley,H,1,1,D,1,30,-1,37,38,252,https://www.football-data.co.uk/mmz4281/2122/E0.csv,2026-05-25
2021-22,Crystal Palace,28,2022-03-05,Wolves,A,2,0,W,3,33,1,39,38,263,https://www.football-data.co.uk/mmz4281/2122/E0.csv,2026-05-25
2021-22,Crystal Palace,29,2022-03-14,Man City,H,0,0,D,1,34,1,39,38,281,https://www.football-data.co.uk/mmz4281/2122/E0.csv,2026-05-25
2021-22,Crystal Palace,30,2022-04-04,Arsenal,H,3,0,W,3,37,4,42,38,298,https://www.football-data.co.uk/mmz4281/2122/E0.csv,2026-05-25
2021-22,Crystal Palace,31,2022-04-10,Leicester,A,1,2,L,0,37,3,43,40,307,https://www.football-data.co.uk/mmz4281/2122/E0.csv,2026-05-25
2021-22,Crystal Palace,32,2022-04-20,Newcastle,A,0,1,L,0,37,2,43,41,319,https://www.football-data.co.uk/mmz4281/2122/E0.csv,2026-05-25
2021-22,Crystal Palace,33,2022-04-25,Leeds,H,0,0,D,1,38,2,43,41,331,https://www.football-data.co.uk/mmz4281/2122/E0.csv,2026-05-25
2021-22,Crystal Palace,34,2022-04-30,Southampton,A,2,1,W,3,41,3,45,42,335,https://www.football-data.co.uk/mmz4281/2122/E0.csv,2026-05-25
2021-22,Crystal Palace,35,2022-05-07,Watford,H,1,0,W,3,44,4,46,42,346,https://www.football-data.co.uk/mmz4281/2122/E0.csv,2026-05-25
2021-22,Crystal Palace,36,2022-05-15,Aston Villa,A,1,1,D,1,45,4,47,43,360,https://www.football-data.co.uk/mmz4281/2122/E0.csv,2026-05-25
2021-22,Crystal Palace,37,2022-05-19,Everton,A,2,3,L,0,45,3,49,46,368,https://www.football-data.co.uk/mmz4281/2122/E0.csv,2026-05-25
2021-22,Crystal Palace,38,2022-05-22,Man United,H,1,0,W,3,48,4,50,46,376,https://www.football-data.co.uk/mmz4281/2122/E0.csv,2026-05-25
2021-22,Everton,1,2021-08-14,Southampton,H,3,1,W,3,3,2,3,1,5,https://www.football-data.co.uk/mmz4281/2122/E0.csv,2026-05-25
2021-22,Everton,2,2021-08-21,Leeds,A,2,2,D,1,4,2,5,3,14,https://www.football-data.co.uk/mmz4281/2122/E0.csv,2026-05-25
2021-22,Everton,3,2021-08-28,Brighton,A,2,0,W,3,7,4,7,3,23,https://www.football-data.co.uk/mmz4281/2122/E0.csv,2026-05-25
2021-22,Everton,4,2021-09-13,Burnley,H,3,1,W,3,10,6,10,4,40,https://www.football-data.co.uk/mmz4281/2122/E0.csv,2026-05-25
2021-22,Everton,5,2021-09-18,Aston Villa,A,0,3,L,0,10,3,10,7,47,https://www.football-data.co.uk/mmz4281/2122/E0.csv,2026-05-25
2021-22,Everton,6,2021-09-25,Norwich,H,2,0,W,3,13,5,12,7,53,https://www.football-data.co.uk/mmz4281/2122/E0.csv,2026-05-25
2021-22,Everton,7,2021-10-02,Man United,A,1,1,D,1,14,5,13,8,61,https://www.football-data.co.uk/mmz4281/2122/E0.csv,2026-05-25
2021-22,Everton,8,2021-10-17,West Ham,H,0,1,L,0,14,4,13,9,78,https://www.football-data.co.uk/mmz4281/2122/E0.csv,2026-05-25
2021-22,Everton,9,2021-10-23,Watford,H,2,5,L,0,14,1,15,14,84,https://www.football-data.co.uk/mmz4281/2122/E0.csv,2026-05-25
2021-22,Everton,10,2021-11-01,Wolves,A,1,2,L,0,14,0,16,16,100,https://www.football-data.co.uk/mmz4281/2122/E0.csv,2026-05-25
2021-22,Everton,11,2021-11-07,Tottenham,H,0,0,D,1,15,0,16,16,108,https://www.football-data.co.uk/mmz4281/2122/E0.csv,2026-05-25
2021-22,Everton,12,2021-11-21,Man City,A,0,3,L,0,15,-3,16,19,119,https://www.football-data.co.uk/mmz4281/2122/E0.csv,2026-05-25
2021-22,Everton,13,2021-11-28,Brentford,A,0,1,L,0,15,-4,16,20,126,https://www.football-data.co.uk/mmz4281/2122/E0.csv,2026-05-25
2021-22,Everton,14,2021-12-01,Liverpool,H,1,4,L,0,15,-7,17,24,137,https://www.football-data.co.uk/mmz4281/2122/E0.csv,2026-05-25
2021-22,Everton,15,2021-12-06,Arsenal,H,2,1,W,3,18,-6,19,25,149,https://www.football-data.co.uk/mmz4281/2122/E0.csv,2026-05-25
2021-22,Everton,16,2021-12-12,Crystal Palace,A,1,3,L,0,18,-8,20,28,158,https://www.football-data.co.uk/mmz4281/2122/E0.csv,2026-05-25
2021-22,Everton,17,2021-12-16,Chelsea,A,1,1,D,1,19,-8,21,29,164,https://www.football-data.co.uk/mmz4281/2122/E0.csv,2026-05-25
2021-22,Everton,18,2022-01-02,Brighton,H,2,3,L,0,19,-9,23,32,188,https://www.football-data.co.uk/mmz4281/2122/E0.csv,2026-05-25
2021-22,Everton,19,2022-01-15,Norwich,A,1,2,L,0,19,-10,24,34,197,https://www.football-data.co.uk/mmz4281/2122/E0.csv,2026-05-25
2021-22,Everton,20,2022-01-22,Aston Villa,H,0,1,L,0,19,-11,24,35,206,https://www.football-data.co.uk/mmz4281/2122/E0.csv,2026-05-25
2021-22,Everton,21,2022-02-08,Newcastle,A,1,3,L,0,19,-13,25,38,216,https://www.football-data.co.uk/mmz4281/2122/E0.csv,2026-05-25
2021-22,Everton,22,2022-02-12,Leeds,H,3,0,W,3,22,-10,28,38,227,https://www.football-data.co.uk/mmz4281/2122/E0.csv,2026-05-25
2021-22,Everton,23,2022-02-19,Southampton,A,0,2,L,0,22,-12,28,40,241,https://www.football-data.co.uk/mmz4281/2122/E0.csv,2026-05-25
2021-22,Everton,24,2022-02-26,Man City,H,0,1,L,0,22,-13,28,41,255,https://www.football-data.co.uk/mmz4281/2122/E0.csv,2026-05-25
2021-22,Everton,25,2022-03-07,Tottenham,A,0,5,L,0,22,-18,28,46,267,https://www.football-data.co.uk/mmz4281/2122/E0.csv,2026-05-25
2021-22,Everton,26,2022-03-13,Wolves,H,0,1,L,0,22,-19,28,47,276,https://www.football-data.co.uk/mmz4281/2122/E0.csv,2026-05-25
2021-22,Everton,27,2022-03-17,Newcastle,H,1,0,W,3,25,-18,29,47,284,https://www.football-data.co.uk/mmz4281/2122/E0.csv,2026-05-25
2021-22,Everton,28,2022-04-03,West Ham,A,1,2,L,0,25,-19,30,49,296,https://www.football-data.co.uk/mmz4281/2122/E0.csv,2026-05-25
2021-22,Everton,29,2022-04-06,Burnley,A,2,3,L,0,25,-20,32,52,299,https://www.football-data.co.uk/mmz4281/2122/E0.csv,2026-05-25
2021-22,Everton,30,2022-04-09,Man United,H,1,0,W,3,28,-19,33,52,301,https://www.football-data.co.uk/mmz4281/2122/E0.csv,2026-05-25
2021-22,Everton,31,2022-04-20,Leicester,H,1,1,D,1,29,-19,34,53,318,https://www.football-data.co.uk/mmz4281/2122/E0.csv,2026-05-25
2021-22,Everton,32,2022-04-24,Liverpool,A,0,2,L,0,29,-21,34,55,330,https://www.football-data.co.uk/mmz4281/2122/E0.csv,2026-05-25
2021-22,Everton,33,2022-05-01,Chelsea,H,1,0,W,3,32,-20,35,55,339,https://www.football-data.co.uk/mmz4281/2122/E0.csv,2026-05-25
2021-22,Everton,34,2022-05-08,Leicester,A,2,1,W,3,35,-19,37,56,350,https://www.football-data.co.uk/mmz4281/2122/E0.csv,2026-05-25
2021-22,Everton,35,2022-05-11,Watford,A,0,0,D,1,36,-19,37,56,356,https://www.football-data.co.uk/mmz4281/2122/E0.csv,2026-05-25
2021-22,Everton,36,2022-05-15,Brentford,H,2,3,L,0,36,-20,39,59,365,https://www.football-data.co.uk/mmz4281/2122/E0.csv,2026-05-25
2021-22,Everton,37,2022-05-19,Crystal Palace,H,3,2,W,3,39,-19,42,61,368,https://www.football-data.co.uk/mmz4281/2122/E0.csv,2026-05-25
2021-22,Everton,38,2022-05-22,Arsenal,A,1,5,L,0,39,-23,43,66,371,https://www.football-data.co.uk/mmz4281/2122/E0.csv,2026-05-25
2021-22,Leeds,1,2021-08-14,Man United,A,1,5,L,0,0,-4,1,5,2,https://www.football-data.co.uk/mmz4281/2122/E0.csv,2026-05-25
2021-22,Leeds,2,2021-08-21,Everton,H,2,2,D,1,1,-4,3,7,14,https://www.football-data.co.uk/mmz4281/2122/E0.csv,2026-05-25
2021-22,Leeds,3,2021-08-29,Burnley,A,1,1,D,1,2,-4,4,8,28,https://www.football-data.co.uk/mmz4281/2122/E0.csv,2026-05-25
2021-22,Leeds,4,2021-09-12,Liverpool,H,0,3,L,0,2,-7,4,11,39,https://www.football-data.co.uk/mmz4281/2122/E0.csv,2026-05-25
2021-22,Leeds,5,2021-09-17,Newcastle,A,1,1,D,1,3,-7,5,12,41,https://www.football-data.co.uk/mmz4281/2122/E0.csv,2026-05-25
2021-22,Leeds,6,2021-09-25,West Ham,H,1,2,L,0,3,-8,6,14,54,https://www.football-data.co.uk/mmz4281/2122/E0.csv,2026-05-25
2021-22,Leeds,7,2021-10-02,Watford,H,1,0,W,3,6,-7,7,14,64,https://www.football-data.co.uk/mmz4281/2122/E0.csv,2026-05-25
2021-22,Leeds,8,2021-10-16,Southampton,A,0,1,L,0,6,-8,7,15,76,https://www.football-data.co.uk/mmz4281/2122/E0.csv,2026-05-25
2021-22,Leeds,9,2021-10-23,Wolves,H,1,1,D,1,7,-8,8,16,85,https://www.football-data.co.uk/mmz4281/2122/E0.csv,2026-05-25
2021-22,Leeds,10,2021-10-31,Norwich,A,2,1,W,3,10,-7,10,17,98,https://www.football-data.co.uk/mmz4281/2122/E0.csv,2026-05-25
2021-22,Leeds,11,2021-11-07,Leicester,H,1,1,D,1,11,-7,11,18,109,https://www.football-data.co.uk/mmz4281/2122/E0.csv,2026-05-25
2021-22,Leeds,12,2021-11-21,Tottenham,A,1,2,L,0,11,-8,12,20,120,https://www.football-data.co.uk/mmz4281/2122/E0.csv,2026-05-25
2021-22,Leeds,13,2021-11-27,Brighton,A,0,0,D,1,12,-8,12,20,125,https://www.football-data.co.uk/mmz4281/2122/E0.csv,2026-05-25
2021-22,Leeds,14,2021-11-30,Crystal Palace,H,1,0,W,3,15,-7,13,20,131,https://www.football-data.co.uk/mmz4281/2122/E0.csv,2026-05-25
2021-22,Leeds,15,2021-12-05,Brentford,H,2,2,D,1,16,-7,15,22,145,https://www.football-data.co.uk/mmz4281/2122/E0.csv,2026-05-25
2021-22,Leeds,16,2021-12-11,Chelsea,A,2,3,L,0,16,-8,17,25,153,https://www.football-data.co.uk/mmz4281/2122/E0.csv,2026-05-25
2021-22,Leeds,17,2021-12-14,Man City,A,0,7,L,0,16,-15,17,32,160,https://www.football-data.co.uk/mmz4281/2122/E0.csv,2026-05-25
2021-22,Leeds,18,2021-12-18,Arsenal,H,1,4,L,0,16,-18,18,36,166,https://www.football-data.co.uk/mmz4281/2122/E0.csv,2026-05-25
2021-22,Leeds,19,2022-01-02,Burnley,H,3,1,W,3,19,-16,21,37,189,https://www.football-data.co.uk/mmz4281/2122/E0.csv,2026-05-25
2021-22,Leeds,20,2022-01-16,West Ham,A,3,2,W,3,22,-15,24,39,201,https://www.football-data.co.uk/mmz4281/2122/E0.csv,2026-05-25
2021-22,Leeds,21,2022-01-22,Newcastle,H,0,1,L,0,22,-16,24,40,208,https://www.football-data.co.uk/mmz4281/2122/E0.csv,2026-05-25
2021-22,Leeds,22,2022-02-09,Aston Villa,A,3,3,D,1,23,-16,27,43,222,https://www.football-data.co.uk/mmz4281/2122/E0.csv,2026-05-25
2021-22,Leeds,23,2022-02-12,Everton,A,0,3,L,0,23,-19,27,46,227,https://www.football-data.co.uk/mmz4281/2122/E0.csv,2026-05-25
2021-22,Leeds,24,2022-02-20,Man United,H,2,4,L,0,23,-21,29,50,243,https://www.football-data.co.uk/mmz4281/2122/E0.csv,2026-05-25
2021-22,Leeds,25,2022-02-23,Liverpool,A,0,6,L,0,23,-27,29,56,247,https://www.football-data.co.uk/mmz4281/2122/E0.csv,2026-05-25
2021-22,Leeds,26,2022-02-26,Tottenham,H,0,4,L,0,23,-31,29,60,250,https://www.football-data.co.uk/mmz4281/2122/E0.csv,2026-05-25
2021-22,Leeds,27,2022-03-05,Leicester,A,0,1,L,0,23,-32,29,61,258,https://www.football-data.co.uk/mmz4281/2122/E0.csv,2026-05-25
2021-22,Leeds,28,2022-03-10,Aston Villa,H,0,3,L,0,23,-35,29,64,271,https://www.football-data.co.uk/mmz4281/2122/E0.csv,2026-05-25
2021-22,Leeds,29,2022-03-13,Norwich,H,2,1,W,3,26,-34,31,65,277,https://www.football-data.co.uk/mmz4281/2122/E0.csv,2026-05-25
2021-22,Leeds,30,2022-03-18,Wolves,A,3,2,W,3,29,-33,34,67,285,https://www.football-data.co.uk/mmz4281/2122/E0.csv,2026-05-25
2021-22,Leeds,31,2022-04-02,Southampton,H,1,1,D,1,30,-33,35,68,293,https://www.football-data.co.uk/mmz4281/2122/E0.csv,2026-05-25
2021-22,Leeds,32,2022-04-09,Watford,A,3,0,W,3,33,-30,38,68,304,https://www.football-data.co.uk/mmz4281/2122/E0.csv,2026-05-25
2021-22,Leeds,33,2022-04-25,Crystal Palace,A,0,0,D,1,34,-30,38,68,331,https://www.football-data.co.uk/mmz4281/2122/E0.csv,2026-05-25
2021-22,Leeds,34,2022-04-30,Man City,H,0,4,L,0,34,-34,38,72,338,https://www.football-data.co.uk/mmz4281/2122/E0.csv,2026-05-25
2021-22,Leeds,35,2022-05-08,Arsenal,A,1,2,L,0,34,-35,39,74,349,https://www.football-data.co.uk/mmz4281/2122/E0.csv,2026-05-25
2021-22,Leeds,36,2022-05-11,Chelsea,H,0,3,L,0,34,-38,39,77,354,https://www.football-data.co.uk/mmz4281/2122/E0.csv,2026-05-25
2021-22,Leeds,37,2022-05-15,Brighton,H,1,1,D,1,35,-38,40,78,361,https://www.football-data.co.uk/mmz4281/2122/E0.csv,2026-05-25
2021-22,Leeds,38,2022-05-22,Brentford,A,2,1,W,3,38,-37,42,79,372,https://www.football-data.co.uk/mmz4281/2122/E0.csv,2026-05-25
2021-22,Leicester,1,2021-08-14,Wolves,H,1,0,W,3,3,1,1,0,6,https://www.football-data.co.uk/mmz4281/2122/E0.csv,2026-05-25
2021-22,Leicester,2,2021-08-23,West Ham,A,1,4,L,0,3,-2,2,4,20,https://www.football-data.co.uk/mmz4281/2122/E0.csv,2026-05-25
2021-22,Leicester,3,2021-08-28,Norwich,A,2,1,W,3,6,-1,4,5,25,https://www.football-data.co.uk/mmz4281/2122/E0.csv,2026-05-25
2021-22,Leicester,4,2021-09-11,Man City,H,0,1,L,0,6,-2,4,6,34,https://www.football-data.co.uk/mmz4281/2122/E0.csv,2026-05-25
2021-22,Leicester,5,2021-09-19,Brighton,A,1,2,L,0,6,-3,5,8,48,https://www.football-data.co.uk/mmz4281/2122/E0.csv,2026-05-25
2021-22,Leicester,6,2021-09-25,Burnley,H,2,2,D,1,7,-3,7,10,55,https://www.football-data.co.uk/mmz4281/2122/E0.csv,2026-05-25
2021-22,Leicester,7,2021-10-03,Crystal Palace,A,2,2,D,1,8,-3,9,12,67,https://www.football-data.co.uk/mmz4281/2122/E0.csv,2026-05-25
2021-22,Leicester,8,2021-10-16,Man United,H,4,2,W,3,11,-1,13,14,73,https://www.football-data.co.uk/mmz4281/2122/E0.csv,2026-05-25
2021-22,Leicester,9,2021-10-24,Brentford,A,2,1,W,3,14,0,15,15,88,https://www.football-data.co.uk/mmz4281/2122/E0.csv,2026-05-25
2021-22,Leicester,10,2021-10-30,Arsenal,H,0,2,L,0,14,-2,15,17,91,https://www.football-data.co.uk/mmz4281/2122/E0.csv,2026-05-25
2021-22,Leicester,11,2021-11-07,Leeds,A,1,1,D,1,15,-2,16,18,109,https://www.football-data.co.uk/mmz4281/2122/E0.csv,2026-05-25
2021-22,Leicester,12,2021-11-20,Chelsea,H,0,3,L,0,15,-5,16,21,111,https://www.football-data.co.uk/mmz4281/2122/E0.csv,2026-05-25
2021-22,Leicester,13,2021-11-28,Watford,H,4,2,W,3,18,-3,20,23,127,https://www.football-data.co.uk/mmz4281/2122/E0.csv,2026-05-25
2021-22,Leicester,14,2021-12-01,Southampton,A,2,2,D,1,19,-3,22,25,132,https://www.football-data.co.uk/mmz4281/2122/E0.csv,2026-05-25
2021-22,Leicester,15,2021-12-05,Aston Villa,A,1,2,L,0,19,-4,23,27,148,https://www.football-data.co.uk/mmz4281/2122/E0.csv,2026-05-25
2021-22,Leicester,16,2021-12-12,Newcastle,H,4,0,W,3,22,0,27,27,157,https://www.football-data.co.uk/mmz4281/2122/E0.csv,2026-05-25
2021-22,Leicester,17,2021-12-26,Man City,A,3,6,L,0,22,-3,30,33,170,https://www.football-data.co.uk/mmz4281/2122/E0.csv,2026-05-25
2021-22,Leicester,18,2021-12-28,Liverpool,H,1,0,W,3,25,-2,31,33,180,https://www.football-data.co.uk/mmz4281/2122/E0.csv,2026-05-25
2021-22,Leicester,19,2022-01-19,Tottenham,H,2,3,L,0,25,-3,33,36,203,https://www.football-data.co.uk/mmz4281/2122/E0.csv,2026-05-25
2021-22,Leicester,20,2022-01-23,Brighton,H,1,1,D,1,26,-3,34,37,213,https://www.football-data.co.uk/mmz4281/2122/E0.csv,2026-05-25
2021-22,Leicester,21,2022-02-10,Liverpool,A,0,2,L,0,26,-5,34,39,223,https://www.football-data.co.uk/mmz4281/2122/E0.csv,2026-05-25
2021-22,Leicester,22,2022-02-13,West Ham,H,2,2,D,1,27,-5,36,41,233,https://www.football-data.co.uk/mmz4281/2122/E0.csv,2026-05-25
2021-22,Leicester,23,2022-02-20,Wolves,A,1,2,L,0,27,-6,37,43,244,https://www.football-data.co.uk/mmz4281/2122/E0.csv,2026-05-25
2021-22,Leicester,24,2022-03-01,Burnley,A,2,0,W,3,30,-4,39,43,257,https://www.football-data.co.uk/mmz4281/2122/E0.csv,2026-05-25
2021-22,Leicester,25,2022-03-05,Leeds,H,1,0,W,3,33,-3,40,43,258,https://www.football-data.co.uk/mmz4281/2122/E0.csv,2026-05-25
2021-22,Leicester,26,2022-03-13,Arsenal,A,0,2,L,0,33,-5,40,45,280,https://www.football-data.co.uk/mmz4281/2122/E0.csv,2026-05-25
2021-22,Leicester,27,2022-03-20,Brentford,H,2,1,W,3,36,-4,42,46,287,https://www.football-data.co.uk/mmz4281/2122/E0.csv,2026-05-25
2021-22,Leicester,28,2022-04-02,Man United,A,1,1,D,1,37,-4,43,47,295,https://www.football-data.co.uk/mmz4281/2122/E0.csv,2026-05-25
2021-22,Leicester,29,2022-04-10,Crystal Palace,H,2,1,W,3,40,-3,45,48,307,https://www.football-data.co.uk/mmz4281/2122/E0.csv,2026-05-25
2021-22,Leicester,30,2022-04-17,Newcastle,A,1,2,L,0,40,-4,46,50,314,https://www.football-data.co.uk/mmz4281/2122/E0.csv,2026-05-25
2021-22,Leicester,31,2022-04-20,Everton,A,1,1,D,1,41,-4,47,51,318,https://www.football-data.co.uk/mmz4281/2122/E0.csv,2026-05-25
2021-22,Leicester,32,2022-04-23,Aston Villa,H,0,0,D,1,42,-4,47,51,323,https://www.football-data.co.uk/mmz4281/2122/E0.csv,2026-05-25
2021-22,Leicester,33,2022-05-01,Tottenham,A,1,3,L,0,42,-6,48,54,340,https://www.football-data.co.uk/mmz4281/2122/E0.csv,2026-05-25
2021-22,Leicester,34,2022-05-08,Everton,H,1,2,L,0,42,-7,49,56,350,https://www.football-data.co.uk/mmz4281/2122/E0.csv,2026-05-25
2021-22,Leicester,35,2022-05-11,Norwich,H,3,0,W,3,45,-4,52,56,355,https://www.football-data.co.uk/mmz4281/2122/E0.csv,2026-05-25
2021-22,Leicester,36,2022-05-15,Watford,A,5,1,W,3,48,0,57,57,362,https://www.football-data.co.uk/mmz4281/2122/E0.csv,2026-05-25
2021-22,Leicester,37,2022-05-19,Chelsea,A,1,1,D,1,49,0,58,58,370,https://www.football-data.co.uk/mmz4281/2122/E0.csv,2026-05-25
2021-22,Leicester,38,2022-05-22,Southampton,H,4,1,W,3,52,3,62,59,377,https://www.football-data.co.uk/mmz4281/2122/E0.csv,2026-05-25
2021-22,Liverpool,1,2021-08-14,Norwich,A,3,0,W,3,3,3,3,0,8,https://www.football-data.co.uk/mmz4281/2122/E0.csv,2026-05-25
2021-22,Liverpool,2,2021-08-21,Burnley,H,2,0,W,3,6,5,5,0,11,https://www.football-data.co.uk/mmz4281/2122/E0.csv,2026-05-25
2021-22,Liverpool,3,2021-08-28,Chelsea,H,1,1,D,1,7,5,6,1,27,https://www.football-data.co.uk/mmz4281/2122/E0.csv,2026-05-25
2021-22,Liverpool,4,2021-09-12,Leeds,A,3,0,W,3,10,8,9,1,39,https://www.football-data.co.uk/mmz4281/2122/E0.csv,2026-05-25
2021-22,Liverpool,5,2021-09-18,Crystal Palace,H,3,0,W,3,13,11,12,1,44,https://www.football-data.co.uk/mmz4281/2122/E0.csv,2026-05-25
2021-22,Liverpool,6,2021-09-25,Brentford,A,3,3,D,1,14,11,15,4,57,https://www.football-data.co.uk/mmz4281/2122/E0.csv,2026-05-25
2021-22,Liverpool,7,2021-10-03,Man City,H,2,2,D,1,15,11,17,6,70,https://www.football-data.co.uk/mmz4281/2122/E0.csv,2026-05-25
2021-22,Liverpool,8,2021-10-16,Watford,A,5,0,W,3,18,16,22,6,71,https://www.football-data.co.uk/mmz4281/2122/E0.csv,2026-05-25
2021-22,Liverpool,9,2021-10-24,Man United,A,5,0,W,3,21,21,27,6,90,https://www.football-data.co.uk/mmz4281/2122/E0.csv,2026-05-25
2021-22,Liverpool,10,2021-10-30,Brighton,H,2,2,D,1,22,21,29,8,93,https://www.football-data.co.uk/mmz4281/2122/E0.csv,2026-05-25
2021-22,Liverpool,11,2021-11-07,West Ham,A,2,3,L,0,22,20,31,11,110,https://www.football-data.co.uk/mmz4281/2122/E0.csv,2026-05-25
2021-22,Liverpool,12,2021-11-20,Arsenal,H,4,0,W,3,25,24,35,11,118,https://www.football-data.co.uk/mmz4281/2122/E0.csv,2026-05-25
2021-22,Liverpool,13,2021-11-27,Southampton,H,4,0,W,3,28,28,39,11,123,https://www.football-data.co.uk/mmz4281/2122/E0.csv,2026-05-25
2021-22,Liverpool,14,2021-12-01,Everton,A,4,1,W,3,31,31,43,12,137,https://www.football-data.co.uk/mmz4281/2122/E0.csv,2026-05-25
2021-22,Liverpool,15,2021-12-04,Wolves,A,1,0,W,3,34,32,44,12,143,https://www.football-data.co.uk/mmz4281/2122/E0.csv,2026-05-25
2021-22,Liverpool,16,2021-12-11,Aston Villa,H,1,0,W,3,37,33,45,12,154,https://www.football-data.co.uk/mmz4281/2122/E0.csv,2026-05-25
2021-22,Liverpool,17,2021-12-16,Newcastle,H,3,1,W,3,40,35,48,13,165,https://www.football-data.co.uk/mmz4281/2122/E0.csv,2026-05-25
2021-22,Liverpool,18,2021-12-19,Tottenham,A,2,2,D,1,41,35,50,15,169,https://www.football-data.co.uk/mmz4281/2122/E0.csv,2026-05-25
2021-22,Liverpool,19,2021-12-28,Leicester,A,0,1,L,0,41,34,50,16,180,https://www.football-data.co.uk/mmz4281/2122/E0.csv,2026-05-25
2021-22,Liverpool,20,2022-01-02,Chelsea,A,2,2,D,1,42,34,52,18,190,https://www.football-data.co.uk/mmz4281/2122/E0.csv,2026-05-25
2021-22,Liverpool,21,2022-01-16,Brentford,H,3,0,W,3,45,37,55,18,200,https://www.football-data.co.uk/mmz4281/2122/E0.csv,2026-05-25
2021-22,Liverpool,22,2022-01-23,Crystal Palace,A,3,1,W,3,48,39,58,19,212,https://www.football-data.co.uk/mmz4281/2122/E0.csv,2026-05-25
2021-22,Liverpool,23,2022-02-10,Leicester,H,2,0,W,3,51,41,60,19,223,https://www.football-data.co.uk/mmz4281/2122/E0.csv,2026-05-25
2021-22,Liverpool,24,2022-02-13,Burnley,A,1,0,W,3,54,42,61,19,230,https://www.football-data.co.uk/mmz4281/2122/E0.csv,2026-05-25
2021-22,Liverpool,25,2022-02-19,Norwich,H,3,1,W,3,57,44,64,20,240,https://www.football-data.co.uk/mmz4281/2122/E0.csv,2026-05-25
2021-22,Liverpool,26,2022-02-23,Leeds,H,6,0,W,3,60,50,70,20,247,https://www.football-data.co.uk/mmz4281/2122/E0.csv,2026-05-25
2021-22,Liverpool,27,2022-03-05,West Ham,H,1,0,W,3,63,51,71,20,264,https://www.football-data.co.uk/mmz4281/2122/E0.csv,2026-05-25
2021-22,Liverpool,28,2022-03-12,Brighton,A,2,0,W,3,66,53,73,20,272,https://www.football-data.co.uk/mmz4281/2122/E0.csv,2026-05-25
2021-22,Liverpool,29,2022-03-16,Arsenal,A,2,0,W,3,69,55,75,20,283,https://www.football-data.co.uk/mmz4281/2122/E0.csv,2026-05-25
2021-22,Liverpool,30,2022-04-02,Watford,H,2,0,W,3,72,57,77,20,289,https://www.football-data.co.uk/mmz4281/2122/E0.csv,2026-05-25
2021-22,Liverpool,31,2022-04-10,Man City,A,2,2,D,1,73,57,79,22,309,https://www.football-data.co.uk/mmz4281/2122/E0.csv,2026-05-25
2021-22,Liverpool,32,2022-04-19,Man United,H,4,0,W,3,76,61,83,22,316,https://www.football-data.co.uk/mmz4281/2122/E0.csv,2026-05-25
2021-22,Liverpool,33,2022-04-24,Everton,H,2,0,W,3,79,63,85,22,330,https://www.football-data.co.uk/mmz4281/2122/E0.csv,2026-05-25
2021-22,Liverpool,34,2022-04-30,Newcastle,A,1,0,W,3,82,64,86,22,333,https://www.football-data.co.uk/mmz4281/2122/E0.csv,2026-05-25
2021-22,Liverpool,35,2022-05-07,Tottenham,H,1,1,D,1,83,64,87,23,348,https://www.football-data.co.uk/mmz4281/2122/E0.csv,2026-05-25
2021-22,Liverpool,36,2022-05-10,Aston Villa,A,2,1,W,3,86,65,89,24,353,https://www.football-data.co.uk/mmz4281/2122/E0.csv,2026-05-25
2021-22,Liverpool,37,2022-05-17,Southampton,A,2,1,W,3,89,66,91,25,367,https://www.football-data.co.uk/mmz4281/2122/E0.csv,2026-05-25
2021-22,Liverpool,38,2022-05-22,Wolves,H,3,1,W,3,92,68,94,26,378,https://www.football-data.co.uk/mmz4281/2122/E0.csv,2026-05-25
2021-22,Man City,1,2021-08-15,Tottenham,A,0,1,L,0,0,-1,0,1,10,https://www.football-data.co.uk/mmz4281/2122/E0.csv,2026-05-25
2021-22,Man City,2,2021-08-21,Norwich,H,5,0,W,3,3,4,5,1,15,https://www.football-data.co.uk/mmz4281/2122/E0.csv,2026-05-25
2021-22,Man City,3,2021-08-28,Arsenal,H,5,0,W,3,6,9,10,1,21,https://www.football-data.co.uk/mmz4281/2122/E0.csv,2026-05-25
2021-22,Man City,4,2021-09-11,Leicester,A,1,0,W,3,9,10,11,1,34,https://www.football-data.co.uk/mmz4281/2122/E0.csv,2026-05-25
2021-22,Man City,5,2021-09-18,Southampton,H,0,0,D,1,10,10,11,1,45,https://www.football-data.co.uk/mmz4281/2122/E0.csv,2026-05-25
2021-22,Man City,6,2021-09-25,Chelsea,A,1,0,W,3,13,11,12,1,51,https://www.football-data.co.uk/mmz4281/2122/E0.csv,2026-05-25
2021-22,Man City,7,2021-10-03,Liverpool,A,2,2,D,1,14,11,14,3,70,https://www.football-data.co.uk/mmz4281/2122/E0.csv,2026-05-25
2021-22,Man City,8,2021-10-16,Burnley,H,2,0,W,3,17,13,16,3,74,https://www.football-data.co.uk/mmz4281/2122/E0.csv,2026-05-25
2021-22,Man City,9,2021-10-23,Brighton,A,4,1,W,3,20,16,20,4,87,https://www.football-data.co.uk/mmz4281/2122/E0.csv,2026-05-25
2021-22,Man City,10,2021-10-30,Crystal Palace,H,0,2,L,0,20,14,20,6,94,https://www.football-data.co.uk/mmz4281/2122/E0.csv,2026-05-25
2021-22,Man City,11,2021-11-06,Man United,A,2,0,W,3,23,16,22,6,102,https://www.football-data.co.uk/mmz4281/2122/E0.csv,2026-05-25
2021-22,Man City,12,2021-11-21,Everton,H,3,0,W,3,26,19,25,6,119,https://www.football-data.co.uk/mmz4281/2122/E0.csv,2026-05-25
2021-22,Man City,13,2021-11-28,West Ham,H,2,1,W,3,29,20,27,7,128,https://www.football-data.co.uk/mmz4281/2122/E0.csv,2026-05-25
2021-22,Man City,14,2021-12-01,Aston Villa,A,2,1,W,3,32,21,29,8,136,https://www.football-data.co.uk/mmz4281/2122/E0.csv,2026-05-25
2021-22,Man City,15,2021-12-04,Watford,A,3,1,W,3,35,23,32,9,144,https://www.football-data.co.uk/mmz4281/2122/E0.csv,2026-05-25
2021-22,Man City,16,2021-12-11,Wolves,H,1,0,W,3,38,24,33,9,151,https://www.football-data.co.uk/mmz4281/2122/E0.csv,2026-05-25
2021-22,Man City,17,2021-12-14,Leeds,H,7,0,W,3,41,31,40,9,160,https://www.football-data.co.uk/mmz4281/2122/E0.csv,2026-05-25
2021-22,Man City,18,2021-12-19,Newcastle,A,4,0,W,3,44,35,44,9,167,https://www.football-data.co.uk/mmz4281/2122/E0.csv,2026-05-25
2021-22,Man City,19,2021-12-26,Leicester,H,6,3,W,3,47,38,50,12,170,https://www.football-data.co.uk/mmz4281/2122/E0.csv,2026-05-25
2021-22,Man City,20,2021-12-29,Brentford,A,1,0,W,3,50,39,51,12,182,https://www.football-data.co.uk/mmz4281/2122/E0.csv,2026-05-25
2021-22,Man City,21,2022-01-01,Arsenal,A,2,1,W,3,53,40,53,13,184,https://www.football-data.co.uk/mmz4281/2122/E0.csv,2026-05-25
2021-22,Man City,22,2022-01-15,Chelsea,H,1,0,W,3,56,41,54,13,195,https://www.football-data.co.uk/mmz4281/2122/E0.csv,2026-05-25
2021-22,Man City,23,2022-01-22,Southampton,A,1,1,D,1,57,41,55,14,210,https://www.football-data.co.uk/mmz4281/2122/E0.csv,2026-05-25
2021-22,Man City,24,2022-02-09,Brentford,H,2,0,W,3,60,43,57,14,219,https://www.football-data.co.uk/mmz4281/2122/E0.csv,2026-05-25
2021-22,Man City,25,2022-02-12,Norwich,A,4,0,W,3,63,47,61,14,229,https://www.football-data.co.uk/mmz4281/2122/E0.csv,2026-05-25
2021-22,Man City,26,2022-02-19,Tottenham,H,2,3,L,0,63,46,63,17,242,https://www.football-data.co.uk/mmz4281/2122/E0.csv,2026-05-25
2021-22,Man City,27,2022-02-26,Everton,A,1,0,W,3,66,47,64,17,255,https://www.football-data.co.uk/mmz4281/2122/E0.csv,2026-05-25
2021-22,Man City,28,2022-03-06,Man United,H,4,1,W,3,69,50,68,18,266,https://www.football-data.co.uk/mmz4281/2122/E0.csv,2026-05-25
2021-22,Man City,29,2022-03-14,Crystal Palace,A,0,0,D,1,70,50,68,18,281,https://www.football-data.co.uk/mmz4281/2122/E0.csv,2026-05-25
2021-22,Man City,30,2022-04-02,Burnley,A,2,0,W,3,73,52,70,18,291,https://www.football-data.co.uk/mmz4281/2122/E0.csv,2026-05-25
2021-22,Man City,31,2022-04-10,Liverpool,H,2,2,D,1,74,52,72,20,309,https://www.football-data.co.uk/mmz4281/2122/E0.csv,2026-05-25
2021-22,Man City,32,2022-04-20,Brighton,H,3,0,W,3,77,55,75,20,320,https://www.football-data.co.uk/mmz4281/2122/E0.csv,2026-05-25
2021-22,Man City,33,2022-04-23,Watford,H,5,1,W,3,80,59,80,21,324,https://www.football-data.co.uk/mmz4281/2122/E0.csv,2026-05-25
2021-22,Man City,34,2022-04-30,Leeds,A,4,0,W,3,83,63,84,21,338,https://www.football-data.co.uk/mmz4281/2122/E0.csv,2026-05-25
2021-22,Man City,35,2022-05-08,Newcastle,H,5,0,W,3,86,68,89,21,352,https://www.football-data.co.uk/mmz4281/2122/E0.csv,2026-05-25
2021-22,Man City,36,2022-05-11,Wolves,A,5,1,W,3,89,72,94,22,357,https://www.football-data.co.uk/mmz4281/2122/E0.csv,2026-05-25
2021-22,Man City,37,2022-05-15,West Ham,A,2,2,D,1,90,72,96,24,363,https://www.football-data.co.uk/mmz4281/2122/E0.csv,2026-05-25
2021-22,Man City,38,2022-05-22,Aston Villa,H,3,2,W,3,93,73,99,26,379,https://www.football-data.co.uk/mmz4281/2122/E0.csv,2026-05-25
2021-22,Man United,1,2021-08-14,Leeds,H,5,1,W,3,3,4,5,1,2,https://www.football-data.co.uk/mmz4281/2122/E0.csv,2026-05-25
2021-22,Man United,2,2021-08-22,Southampton,A,1,1,D,1,4,4,6,2,17,https://www.football-data.co.uk/mmz4281/2122/E0.csv,2026-05-25
2021-22,Man United,3,2021-08-29,Wolves,A,1,0,W,3,7,5,7,2,30,https://www.football-data.co.uk/mmz4281/2122/E0.csv,2026-05-25
2021-22,Man United,4,2021-09-11,Newcastle,H,4,1,W,3,10,8,11,3,35,https://www.football-data.co.uk/mmz4281/2122/E0.csv,2026-05-25
2021-22,Man United,5,2021-09-19,West Ham,A,2,1,W,3,13,9,13,4,49,https://www.football-data.co.uk/mmz4281/2122/E0.csv,2026-05-25
2021-22,Man United,6,2021-09-25,Aston Villa,H,0,1,L,0,13,8,13,5,52,https://www.football-data.co.uk/mmz4281/2122/E0.csv,2026-05-25
2021-22,Man United,7,2021-10-02,Everton,H,1,1,D,1,14,8,14,6,61,https://www.football-data.co.uk/mmz4281/2122/E0.csv,2026-05-25
2021-22,Man United,8,2021-10-16,Leicester,A,2,4,L,0,14,6,16,10,73,https://www.football-data.co.uk/mmz4281/2122/E0.csv,2026-05-25
2021-22,Man United,9,2021-10-24,Liverpool,H,0,5,L,0,14,1,16,15,90,https://www.football-data.co.uk/mmz4281/2122/E0.csv,2026-05-25
2021-22,Man United,10,2021-10-30,Tottenham,A,3,0,W,3,17,4,19,15,97,https://www.football-data.co.uk/mmz4281/2122/E0.csv,2026-05-25
2021-22,Man United,11,2021-11-06,Man City,H,0,2,L,0,17,2,19,17,102,https://www.football-data.co.uk/mmz4281/2122/E0.csv,2026-05-25
2021-22,Man United,12,2021-11-20,Watford,A,1,4,L,0,17,-1,20,21,116,https://www.football-data.co.uk/mmz4281/2122/E0.csv,2026-05-25
2021-22,Man United,13,2021-11-28,Chelsea,A,1,1,D,1,18,-1,21,22,129,https://www.football-data.co.uk/mmz4281/2122/E0.csv,2026-05-25
2021-22,Man United,14,2021-12-02,Arsenal,H,3,2,W,3,21,0,24,24,139,https://www.football-data.co.uk/mmz4281/2122/E0.csv,2026-05-25
2021-22,Man United,15,2021-12-05,Crystal Palace,H,1,0,W,3,24,1,25,24,146,https://www.football-data.co.uk/mmz4281/2122/E0.csv,2026-05-25
2021-22,Man United,16,2021-12-11,Norwich,A,1,0,W,3,27,2,26,24,155,https://www.football-data.co.uk/mmz4281/2122/E0.csv,2026-05-25
2021-22,Man United,17,2021-12-27,Newcastle,A,1,1,D,1,28,2,27,25,176,https://www.football-data.co.uk/mmz4281/2122/E0.csv,2026-05-25
2021-22,Man United,18,2021-12-30,Burnley,H,3,1,W,3,31,4,30,26,183,https://www.football-data.co.uk/mmz4281/2122/E0.csv,2026-05-25
2021-22,Man United,19,2022-01-03,Wolves,H,0,1,L,0,31,3,30,27,191,https://www.football-data.co.uk/mmz4281/2122/E0.csv,2026-05-25
2021-22,Man United,20,2022-01-15,Aston Villa,A,2,2,D,1,32,3,32,29,199,https://www.football-data.co.uk/mmz4281/2122/E0.csv,2026-05-25
2021-22,Man United,21,2022-01-19,Brentford,A,3,1,W,3,35,5,35,30,204,https://www.football-data.co.uk/mmz4281/2122/E0.csv,2026-05-25
2021-22,Man United,22,2022-01-22,West Ham,H,1,0,W,3,38,6,36,30,209,https://www.football-data.co.uk/mmz4281/2122/E0.csv,2026-05-25
2021-22,Man United,23,2022-02-08,Burnley,A,1,1,D,1,39,6,37,31,218,https://www.football-data.co.uk/mmz4281/2122/E0.csv,2026-05-25
2021-22,Man United,24,2022-02-12,Southampton,H,1,1,D,1,40,6,38,32,225,https://www.football-data.co.uk/mmz4281/2122/E0.csv,2026-05-25
2021-22,Man United,25,2022-02-15,Brighton,H,2,0,W,3,43,8,40,32,234,https://www.football-data.co.uk/mmz4281/2122/E0.csv,2026-05-25
2021-22,Man United,26,2022-02-20,Leeds,A,4,2,W,3,46,10,44,34,243,https://www.football-data.co.uk/mmz4281/2122/E0.csv,2026-05-25
2021-22,Man United,27,2022-02-26,Watford,H,0,0,D,1,47,10,44,34,253,https://www.football-data.co.uk/mmz4281/2122/E0.csv,2026-05-25
2021-22,Man United,28,2022-03-06,Man City,A,1,4,L,0,47,7,45,38,266,https://www.football-data.co.uk/mmz4281/2122/E0.csv,2026-05-25
2021-22,Man United,29,2022-03-12,Tottenham,H,3,2,W,3,50,8,48,40,274,https://www.football-data.co.uk/mmz4281/2122/E0.csv,2026-05-25
2021-22,Man United,30,2022-04-02,Leicester,H,1,1,D,1,51,8,49,41,295,https://www.football-data.co.uk/mmz4281/2122/E0.csv,2026-05-25
2021-22,Man United,31,2022-04-09,Everton,A,0,1,L,0,51,7,49,42,301,https://www.football-data.co.uk/mmz4281/2122/E0.csv,2026-05-25
2021-22,Man United,32,2022-04-16,Norwich,H,3,2,W,3,54,8,52,44,311,https://www.football-data.co.uk/mmz4281/2122/E0.csv,2026-05-25
2021-22,Man United,33,2022-04-19,Liverpool,A,0,4,L,0,54,4,52,48,316,https://www.football-data.co.uk/mmz4281/2122/E0.csv,2026-05-25
2021-22,Man United,34,2022-04-23,Arsenal,A,1,3,L,0,54,2,53,51,322,https://www.football-data.co.uk/mmz4281/2122/E0.csv,2026-05-25
2021-22,Man United,35,2022-04-28,Chelsea,H,1,1,D,1,55,2,54,52,332,https://www.football-data.co.uk/mmz4281/2122/E0.csv,2026-05-25
2021-22,Man United,36,2022-05-02,Brentford,H,3,0,W,3,58,5,57,52,342,https://www.football-data.co.uk/mmz4281/2122/E0.csv,2026-05-25
2021-22,Man United,37,2022-05-07,Brighton,A,0,4,L,0,58,1,57,56,347,https://www.football-data.co.uk/mmz4281/2122/E0.csv,2026-05-25
2021-22,Man United,38,2022-05-22,Crystal Palace,A,0,1,L,0,58,0,57,57,376,https://www.football-data.co.uk/mmz4281/2122/E0.csv,2026-05-25
2021-22,Newcastle,1,2021-08-15,West Ham,H,2,4,L,0,0,-2,2,4,9,https://www.football-data.co.uk/mmz4281/2122/E0.csv,2026-05-25
2021-22,Newcastle,2,2021-08-21,Aston Villa,A,0,2,L,0,0,-4,2,6,12,https://www.football-data.co.uk/mmz4281/2122/E0.csv,2026-05-25
2021-22,Newcastle,3,2021-08-28,Southampton,H,2,2,D,1,1,-4,4,8,24,https://www.football-data.co.uk/mmz4281/2122/E0.csv,2026-05-25
2021-22,Newcastle,4,2021-09-11,Man United,A,1,4,L,0,1,-7,5,12,35,https://www.football-data.co.uk/mmz4281/2122/E0.csv,2026-05-25
2021-22,Newcastle,5,2021-09-17,Leeds,H,1,1,D,1,2,-7,6,13,41,https://www.football-data.co.uk/mmz4281/2122/E0.csv,2026-05-25
2021-22,Newcastle,6,2021-09-25,Watford,A,1,1,D,1,3,-7,7,14,56,https://www.football-data.co.uk/mmz4281/2122/E0.csv,2026-05-25
2021-22,Newcastle,7,2021-10-02,Wolves,A,1,2,L,0,3,-8,8,16,65,https://www.football-data.co.uk/mmz4281/2122/E0.csv,2026-05-25
2021-22,Newcastle,8,2021-10-17,Tottenham,H,2,3,L,0,3,-9,10,19,79,https://www.football-data.co.uk/mmz4281/2122/E0.csv,2026-05-25
2021-22,Newcastle,9,2021-10-23,Crystal Palace,A,1,1,D,1,4,-9,11,20,83,https://www.football-data.co.uk/mmz4281/2122/E0.csv,2026-05-25
2021-22,Newcastle,10,2021-10-30,Chelsea,H,0,3,L,0,4,-12,11,23,95,https://www.football-data.co.uk/mmz4281/2122/E0.csv,2026-05-25
2021-22,Newcastle,11,2021-11-06,Brighton,A,1,1,D,1,5,-12,12,24,106,https://www.football-data.co.uk/mmz4281/2122/E0.csv,2026-05-25
2021-22,Newcastle,12,2021-11-20,Brentford,H,3,3,D,1,6,-12,15,27,114,https://www.football-data.co.uk/mmz4281/2122/E0.csv,2026-05-25
2021-22,Newcastle,13,2021-11-27,Arsenal,A,0,2,L,0,6,-14,15,29,121,https://www.football-data.co.uk/mmz4281/2122/E0.csv,2026-05-25
2021-22,Newcastle,14,2021-11-30,Norwich,H,1,1,D,1,7,-14,16,30,130,https://www.football-data.co.uk/mmz4281/2122/E0.csv,2026-05-25
2021-22,Newcastle,15,2021-12-04,Burnley,H,1,0,W,3,10,-13,17,30,141,https://www.football-data.co.uk/mmz4281/2122/E0.csv,2026-05-25
2021-22,Newcastle,16,2021-12-12,Leicester,A,0,4,L,0,10,-17,17,34,157,https://www.football-data.co.uk/mmz4281/2122/E0.csv,2026-05-25
2021-22,Newcastle,17,2021-12-16,Liverpool,A,1,3,L,0,10,-19,18,37,165,https://www.football-data.co.uk/mmz4281/2122/E0.csv,2026-05-25
2021-22,Newcastle,18,2021-12-19,Man City,H,0,4,L,0,10,-23,18,41,167,https://www.football-data.co.uk/mmz4281/2122/E0.csv,2026-05-25
2021-22,Newcastle,19,2021-12-27,Man United,H,1,1,D,1,11,-23,19,42,176,https://www.football-data.co.uk/mmz4281/2122/E0.csv,2026-05-25
2021-22,Newcastle,20,2022-01-15,Watford,H,1,1,D,1,12,-23,20,43,196,https://www.football-data.co.uk/mmz4281/2122/E0.csv,2026-05-25
2021-22,Newcastle,21,2022-01-22,Leeds,A,1,0,W,3,15,-22,21,43,208,https://www.football-data.co.uk/mmz4281/2122/E0.csv,2026-05-25
2021-22,Newcastle,22,2022-02-08,Everton,H,3,1,W,3,18,-20,24,44,216,https://www.football-data.co.uk/mmz4281/2122/E0.csv,2026-05-25
2021-22,Newcastle,23,2022-02-13,Aston Villa,H,1,0,W,3,21,-19,25,44,231,https://www.football-data.co.uk/mmz4281/2122/E0.csv,2026-05-25
2021-22,Newcastle,24,2022-02-19,West Ham,A,1,1,D,1,22,-19,26,45,235,https://www.football-data.co.uk/mmz4281/2122/E0.csv,2026-05-25
2021-22,Newcastle,25,2022-02-26,Brentford,A,2,0,W,3,25,-17,28,45,251,https://www.football-data.co.uk/mmz4281/2122/E0.csv,2026-05-25
2021-22,Newcastle,26,2022-03-05,Brighton,H,2,1,W,3,28,-16,30,46,261,https://www.football-data.co.uk/mmz4281/2122/E0.csv,2026-05-25
2021-22,Newcastle,27,2022-03-10,Southampton,A,2,1,W,3,31,-15,32,47,269,https://www.football-data.co.uk/mmz4281/2122/E0.csv,2026-05-25
2021-22,Newcastle,28,2022-03-13,Chelsea,A,0,1,L,0,31,-16,32,48,275,https://www.football-data.co.uk/mmz4281/2122/E0.csv,2026-05-25
2021-22,Newcastle,29,2022-03-17,Everton,A,0,1,L,0,31,-17,32,49,284,https://www.football-data.co.uk/mmz4281/2122/E0.csv,2026-05-25
2021-22,Newcastle,30,2022-04-03,Tottenham,A,1,5,L,0,31,-21,33,54,297,https://www.football-data.co.uk/mmz4281/2122/E0.csv,2026-05-25
2021-22,Newcastle,31,2022-04-08,Wolves,H,1,0,W,3,34,-20,34,54,300,https://www.football-data.co.uk/mmz4281/2122/E0.csv,2026-05-25
2021-22,Newcastle,32,2022-04-17,Leicester,H,2,1,W,3,37,-19,36,55,314,https://www.football-data.co.uk/mmz4281/2122/E0.csv,2026-05-25
2021-22,Newcastle,33,2022-04-20,Crystal Palace,H,1,0,W,3,40,-18,37,55,319,https://www.football-data.co.uk/mmz4281/2122/E0.csv,2026-05-25
2021-22,Newcastle,34,2022-04-23,Norwich,A,3,0,W,3,43,-15,40,55,325,https://www.football-data.co.uk/mmz4281/2122/E0.csv,2026-05-25
2021-22,Newcastle,35,2022-04-30,Liverpool,H,0,1,L,0,43,-16,40,56,333,https://www.football-data.co.uk/mmz4281/2122/E0.csv,2026-05-25
2021-22,Newcastle,36,2022-05-08,Man City,A,0,5,L,0,43,-21,40,61,352,https://www.football-data.co.uk/mmz4281/2122/E0.csv,2026-05-25
2021-22,Newcastle,37,2022-05-16,Arsenal,H,2,0,W,3,46,-19,42,61,366,https://www.football-data.co.uk/mmz4281/2122/E0.csv,2026-05-25
2021-22,Newcastle,38,2022-05-22,Burnley,A,2,1,W,3,49,-18,44,62,374,https://www.football-data.co.uk/mmz4281/2122/E0.csv,2026-05-25
2021-22,Norwich,1,2021-08-14,Liverpool,H,0,3,L,0,0,-3,0,3,8,https://www.football-data.co.uk/mmz4281/2122/E0.csv,2026-05-25
2021-22,Norwich,2,2021-08-21,Man City,A,0,5,L,0,0,-8,0,8,15,https://www.football-data.co.uk/mmz4281/2122/E0.csv,2026-05-25
2021-22,Norwich,3,2021-08-28,Leicester,H,1,2,L,0,0,-9,1,10,25,https://www.football-data.co.uk/mmz4281/2122/E0.csv,2026-05-25
2021-22,Norwich,4,2021-09-11,Arsenal,A,0,1,L,0,0,-10,1,11,32,https://www.football-data.co.uk/mmz4281/2122/E0.csv,2026-05-25
2021-22,Norwich,5,2021-09-18,Watford,H,1,3,L,0,0,-12,2,14,46,https://www.football-data.co.uk/mmz4281/2122/E0.csv,2026-05-25
2021-22,Norwich,6,2021-09-25,Everton,A,0,2,L,0,0,-14,2,16,53,https://www.football-data.co.uk/mmz4281/2122/E0.csv,2026-05-25
2021-22,Norwich,7,2021-10-02,Burnley,A,0,0,D,1,1,-14,2,16,62,https://www.football-data.co.uk/mmz4281/2122/E0.csv,2026-05-25
2021-22,Norwich,8,2021-10-16,Brighton,H,0,0,D,1,2,-14,2,16,75,https://www.football-data.co.uk/mmz4281/2122/E0.csv,2026-05-25
2021-22,Norwich,9,2021-10-23,Chelsea,A,0,7,L,0,2,-21,2,23,82,https://www.football-data.co.uk/mmz4281/2122/E0.csv,2026-05-25
2021-22,Norwich,10,2021-10-31,Leeds,H,1,2,L,0,2,-22,3,25,98,https://www.football-data.co.uk/mmz4281/2122/E0.csv,2026-05-25
2021-22,Norwich,11,2021-11-06,Brentford,A,2,1,W,3,5,-21,5,26,103,https://www.football-data.co.uk/mmz4281/2122/E0.csv,2026-05-25
2021-22,Norwich,12,2021-11-20,Southampton,H,2,1,W,3,8,-20,7,27,115,https://www.football-data.co.uk/mmz4281/2122/E0.csv,2026-05-25
2021-22,Norwich,13,2021-11-27,Wolves,H,0,0,D,1,9,-20,7,27,124,https://www.football-data.co.uk/mmz4281/2122/E0.csv,2026-05-25
2021-22,Norwich,14,2021-11-30,Newcastle,A,1,1,D,1,10,-20,8,28,130,https://www.football-data.co.uk/mmz4281/2122/E0.csv,2026-05-25
2021-22,Norwich,15,2021-12-05,Tottenham,A,0,3,L,0,10,-23,8,31,147,https://www.football-data.co.uk/mmz4281/2122/E0.csv,2026-05-25
2021-22,Norwich,16,2021-12-11,Man United,H,0,1,L,0,10,-24,8,32,155,https://www.football-data.co.uk/mmz4281/2122/E0.csv,2026-05-25
2021-22,Norwich,17,2021-12-14,Aston Villa,H,0,2,L,0,10,-26,8,34,159,https://www.football-data.co.uk/mmz4281/2122/E0.csv,2026-05-25
2021-22,Norwich,18,2021-12-26,Arsenal,H,0,5,L,0,10,-31,8,39,171,https://www.football-data.co.uk/mmz4281/2122/E0.csv,2026-05-25
2021-22,Norwich,19,2021-12-28,Crystal Palace,A,0,3,L,0,10,-34,8,42,177,https://www.football-data.co.uk/mmz4281/2122/E0.csv,2026-05-25
2021-22,Norwich,20,2022-01-12,West Ham,A,0,2,L,0,10,-36,8,44,193,https://www.football-data.co.uk/mmz4281/2122/E0.csv,2026-05-25
2021-22,Norwich,21,2022-01-15,Everton,H,2,1,W,3,13,-35,10,45,197,https://www.football-data.co.uk/mmz4281/2122/E0.csv,2026-05-25
2021-22,Norwich,22,2022-01-21,Watford,A,3,0,W,3,16,-32,13,45,205,https://www.football-data.co.uk/mmz4281/2122/E0.csv,2026-05-25
2021-22,Norwich,23,2022-02-09,Crystal Palace,H,1,1,D,1,17,-32,14,46,220,https://www.football-data.co.uk/mmz4281/2122/E0.csv,2026-05-25
2021-22,Norwich,24,2022-02-12,Man City,H,0,4,L,0,17,-36,14,50,229,https://www.football-data.co.uk/mmz4281/2122/E0.csv,2026-05-25
2021-22,Norwich,25,2022-02-19,Liverpool,A,1,3,L,0,17,-38,15,53,240,https://www.football-data.co.uk/mmz4281/2122/E0.csv,2026-05-25
2021-22,Norwich,26,2022-02-25,Southampton,A,0,2,L,0,17,-40,15,55,249,https://www.football-data.co.uk/mmz4281/2122/E0.csv,2026-05-25
2021-22,Norwich,27,2022-03-05,Brentford,H,1,3,L,0,17,-42,16,58,262,https://www.football-data.co.uk/mmz4281/2122/E0.csv,2026-05-25
2021-22,Norwich,28,2022-03-10,Chelsea,H,1,3,L,0,17,-44,17,61,268,https://www.football-data.co.uk/mmz4281/2122/E0.csv,2026-05-25
2021-22,Norwich,29,2022-03-13,Leeds,A,1,2,L,0,17,-45,18,63,277,https://www.football-data.co.uk/mmz4281/2122/E0.csv,2026-05-25
2021-22,Norwich,30,2022-04-02,Brighton,A,0,0,D,1,18,-45,18,63,290,https://www.football-data.co.uk/mmz4281/2122/E0.csv,2026-05-25
2021-22,Norwich,31,2022-04-10,Burnley,H,2,0,W,3,21,-43,20,63,308,https://www.football-data.co.uk/mmz4281/2122/E0.csv,2026-05-25
2021-22,Norwich,32,2022-04-16,Man United,A,2,3,L,0,21,-44,22,66,311,https://www.football-data.co.uk/mmz4281/2122/E0.csv,2026-05-25
2021-22,Norwich,33,2022-04-23,Newcastle,H,0,3,L,0,21,-47,22,69,325,https://www.football-data.co.uk/mmz4281/2122/E0.csv,2026-05-25
2021-22,Norwich,34,2022-04-30,Aston Villa,A,0,2,L,0,21,-49,22,71,334,https://www.football-data.co.uk/mmz4281/2122/E0.csv,2026-05-25
2021-22,Norwich,35,2022-05-08,West Ham,H,0,4,L,0,21,-53,22,75,351,https://www.football-data.co.uk/mmz4281/2122/E0.csv,2026-05-25
2021-22,Norwich,36,2022-05-11,Leicester,A,0,3,L,0,21,-56,22,78,355,https://www.football-data.co.uk/mmz4281/2122/E0.csv,2026-05-25
2021-22,Norwich,37,2022-05-15,Wolves,A,1,1,D,1,22,-56,23,79,364,https://www.football-data.co.uk/mmz4281/2122/E0.csv,2026-05-25
2021-22,Norwich,38,2022-05-22,Tottenham,H,0,5,L,0,22,-61,23,84,380,https://www.football-data.co.uk/mmz4281/2122/E0.csv,2026-05-25
2021-22,Southampton,1,2021-08-14,Everton,A,1,3,L,0,0,-2,1,3,5,https://www.football-data.co.uk/mmz4281/2122/E0.csv,2026-05-25
2021-22,Southampton,2,2021-08-22,Man United,H,1,1,D,1,1,-2,2,4,17,https://www.football-data.co.uk/mmz4281/2122/E0.csv,2026-05-25
2021-22,Southampton,3,2021-08-28,Newcastle,A,2,2,D,1,2,-2,4,6,24,https://www.football-data.co.uk/mmz4281/2122/E0.csv,2026-05-25
2021-22,Southampton,4,2021-09-11,West Ham,H,0,0,D,1,3,-2,4,6,36,https://www.football-data.co.uk/mmz4281/2122/E0.csv,2026-05-25
2021-22,Southampton,5,2021-09-18,Man City,A,0,0,D,1,4,-2,4,6,45,https://www.football-data.co.uk/mmz4281/2122/E0.csv,2026-05-25
2021-22,Southampton,6,2021-09-26,Wolves,H,0,1,L,0,4,-3,4,7,58,https://www.football-data.co.uk/mmz4281/2122/E0.csv,2026-05-25
2021-22,Southampton,7,2021-10-02,Chelsea,A,1,3,L,0,4,-5,5,10,63,https://www.football-data.co.uk/mmz4281/2122/E0.csv,2026-05-25
2021-22,Southampton,8,2021-10-16,Leeds,H,1,0,W,3,7,-4,6,10,76,https://www.football-data.co.uk/mmz4281/2122/E0.csv,2026-05-25
2021-22,Southampton,9,2021-10-23,Burnley,H,2,2,D,1,8,-4,8,12,86,https://www.football-data.co.uk/mmz4281/2122/E0.csv,2026-05-25
2021-22,Southampton,10,2021-10-30,Watford,A,1,0,W,3,11,-3,9,12,96,https://www.football-data.co.uk/mmz4281/2122/E0.csv,2026-05-25
2021-22,Southampton,11,2021-11-05,Aston Villa,H,1,0,W,3,14,-2,10,12,101,https://www.football-data.co.uk/mmz4281/2122/E0.csv,2026-05-25
2021-22,Southampton,12,2021-11-20,Norwich,A,1,2,L,0,14,-3,11,14,115,https://www.football-data.co.uk/mmz4281/2122/E0.csv,2026-05-25
2021-22,Southampton,13,2021-11-27,Liverpool,A,0,4,L,0,14,-7,11,18,123,https://www.football-data.co.uk/mmz4281/2122/E0.csv,2026-05-25
2021-22,Southampton,14,2021-12-01,Leicester,H,2,2,D,1,15,-7,13,20,132,https://www.football-data.co.uk/mmz4281/2122/E0.csv,2026-05-25
2021-22,Southampton,15,2021-12-04,Brighton,H,1,1,D,1,16,-7,14,21,142,https://www.football-data.co.uk/mmz4281/2122/E0.csv,2026-05-25
2021-22,Southampton,16,2021-12-11,Arsenal,A,0,3,L,0,16,-10,14,24,152,https://www.football-data.co.uk/mmz4281/2122/E0.csv,2026-05-25
2021-22,Southampton,17,2021-12-15,Crystal Palace,A,2,2,D,1,17,-10,16,26,162,https://www.football-data.co.uk/mmz4281/2122/E0.csv,2026-05-25
2021-22,Southampton,18,2021-12-26,West Ham,A,3,2,W,3,20,-9,19,28,173,https://www.football-data.co.uk/mmz4281/2122/E0.csv,2026-05-25
2021-22,Southampton,19,2021-12-28,Tottenham,H,1,1,D,1,21,-9,20,29,178,https://www.football-data.co.uk/mmz4281/2122/E0.csv,2026-05-25
2021-22,Southampton,20,2022-01-11,Brentford,H,4,1,W,3,24,-6,24,30,192,https://www.football-data.co.uk/mmz4281/2122/E0.csv,2026-05-25
2021-22,Southampton,21,2022-01-15,Wolves,A,1,3,L,0,24,-8,25,33,198,https://www.football-data.co.uk/mmz4281/2122/E0.csv,2026-05-25
2021-22,Southampton,22,2022-01-22,Man City,H,1,1,D,1,25,-8,26,34,210,https://www.football-data.co.uk/mmz4281/2122/E0.csv,2026-05-25
2021-22,Southampton,23,2022-02-09,Tottenham,A,3,2,W,3,28,-7,29,36,221,https://www.football-data.co.uk/mmz4281/2122/E0.csv,2026-05-25
2021-22,Southampton,24,2022-02-12,Man United,A,1,1,D,1,29,-7,30,37,225,https://www.football-data.co.uk/mmz4281/2122/E0.csv,2026-05-25
2021-22,Southampton,25,2022-02-19,Everton,H,2,0,W,3,32,-5,32,37,241,https://www.football-data.co.uk/mmz4281/2122/E0.csv,2026-05-25
2021-22,Southampton,26,2022-02-25,Norwich,H,2,0,W,3,35,-3,34,37,249,https://www.football-data.co.uk/mmz4281/2122/E0.csv,2026-05-25
2021-22,Southampton,27,2022-03-05,Aston Villa,A,0,4,L,0,35,-7,34,41,259,https://www.football-data.co.uk/mmz4281/2122/E0.csv,2026-05-25
2021-22,Southampton,28,2022-03-10,Newcastle,H,1,2,L,0,35,-8,35,43,269,https://www.football-data.co.uk/mmz4281/2122/E0.csv,2026-05-25
2021-22,Southampton,29,2022-03-13,Watford,H,1,2,L,0,35,-9,36,45,278,https://www.football-data.co.uk/mmz4281/2122/E0.csv,2026-05-25
2021-22,Southampton,30,2022-04-02,Leeds,A,1,1,D,1,36,-9,37,46,293,https://www.football-data.co.uk/mmz4281/2122/E0.csv,2026-05-25
2021-22,Southampton,31,2022-04-09,Chelsea,H,0,6,L,0,36,-15,37,52,303,https://www.football-data.co.uk/mmz4281/2122/E0.csv,2026-05-25
2021-22,Southampton,32,2022-04-16,Arsenal,H,1,0,W,3,39,-14,38,52,312,https://www.football-data.co.uk/mmz4281/2122/E0.csv,2026-05-25
2021-22,Southampton,33,2022-04-21,Burnley,A,0,2,L,0,39,-16,38,54,321,https://www.football-data.co.uk/mmz4281/2122/E0.csv,2026-05-25
2021-22,Southampton,34,2022-04-24,Brighton,A,2,2,D,1,40,-16,40,56,327,https://www.football-data.co.uk/mmz4281/2122/E0.csv,2026-05-25
2021-22,Southampton,35,2022-04-30,Crystal Palace,H,1,2,L,0,40,-17,41,58,335,https://www.football-data.co.uk/mmz4281/2122/E0.csv,2026-05-25
2021-22,Southampton,36,2022-05-07,Brentford,A,0,3,L,0,40,-20,41,61,343,https://www.football-data.co.uk/mmz4281/2122/E0.csv,2026-05-25
2021-22,Southampton,37,2022-05-17,Liverpool,H,1,2,L,0,40,-21,42,63,367,https://www.football-data.co.uk/mmz4281/2122/E0.csv,2026-05-25
2021-22,Southampton,38,2022-05-22,Leicester,A,1,4,L,0,40,-24,43,67,377,https://www.football-data.co.uk/mmz4281/2122/E0.csv,2026-05-25
2021-22,Tottenham,1,2021-08-15,Man City,H,1,0,W,3,3,1,1,0,10,https://www.football-data.co.uk/mmz4281/2122/E0.csv,2026-05-25
2021-22,Tottenham,2,2021-08-22,Wolves,A,1,0,W,3,6,2,2,0,18,https://www.football-data.co.uk/mmz4281/2122/E0.csv,2026-05-25
2021-22,Tottenham,3,2021-08-29,Watford,H,1,0,W,3,9,3,3,0,29,https://www.football-data.co.uk/mmz4281/2122/E0.csv,2026-05-25
2021-22,Tottenham,4,2021-09-11,Crystal Palace,A,0,3,L,0,9,0,3,3,31,https://www.football-data.co.uk/mmz4281/2122/E0.csv,2026-05-25
2021-22,Tottenham,5,2021-09-19,Chelsea,H,0,3,L,0,9,-3,3,6,50,https://www.football-data.co.uk/mmz4281/2122/E0.csv,2026-05-25
2021-22,Tottenham,6,2021-09-26,Arsenal,A,1,3,L,0,9,-5,4,9,59,https://www.football-data.co.uk/mmz4281/2122/E0.csv,2026-05-25
2021-22,Tottenham,7,2021-10-03,Aston Villa,H,2,1,W,3,12,-4,6,10,68,https://www.football-data.co.uk/mmz4281/2122/E0.csv,2026-05-25
2021-22,Tottenham,8,2021-10-17,Newcastle,A,3,2,W,3,15,-3,9,12,79,https://www.football-data.co.uk/mmz4281/2122/E0.csv,2026-05-25
2021-22,Tottenham,9,2021-10-24,West Ham,A,0,1,L,0,15,-4,9,13,89,https://www.football-data.co.uk/mmz4281/2122/E0.csv,2026-05-25
2021-22,Tottenham,10,2021-10-30,Man United,H,0,3,L,0,15,-7,9,16,97,https://www.football-data.co.uk/mmz4281/2122/E0.csv,2026-05-25
2021-22,Tottenham,11,2021-11-07,Everton,A,0,0,D,1,16,-7,9,16,108,https://www.football-data.co.uk/mmz4281/2122/E0.csv,2026-05-25
2021-22,Tottenham,12,2021-11-21,Leeds,H,2,1,W,3,19,-6,11,17,120,https://www.football-data.co.uk/mmz4281/2122/E0.csv,2026-05-25
2021-22,Tottenham,13,2021-12-02,Brentford,H,2,0,W,3,22,-4,13,17,138,https://www.football-data.co.uk/mmz4281/2122/E0.csv,2026-05-25
2021-22,Tottenham,14,2021-12-05,Norwich,H,3,0,W,3,25,-1,16,17,147,https://www.football-data.co.uk/mmz4281/2122/E0.csv,2026-05-25
2021-22,Tottenham,15,2021-12-19,Liverpool,H,2,2,D,1,26,-1,18,19,169,https://www.football-data.co.uk/mmz4281/2122/E0.csv,2026-05-25
2021-22,Tottenham,16,2021-12-26,Crystal Palace,H,3,0,W,3,29,2,21,19,172,https://www.football-data.co.uk/mmz4281/2122/E0.csv,2026-05-25
2021-22,Tottenham,17,2021-12-28,Southampton,A,1,1,D,1,30,2,22,20,178,https://www.football-data.co.uk/mmz4281/2122/E0.csv,2026-05-25
2021-22,Tottenham,18,2022-01-01,Watford,A,1,0,W,3,33,3,23,20,185,https://www.football-data.co.uk/mmz4281/2122/E0.csv,2026-05-25
2021-22,Tottenham,19,2022-01-19,Leicester,A,3,2,W,3,36,4,26,22,203,https://www.football-data.co.uk/mmz4281/2122/E0.csv,2026-05-25
2021-22,Tottenham,20,2022-01-23,Chelsea,A,0,2,L,0,36,2,26,24,214,https://www.football-data.co.uk/mmz4281/2122/E0.csv,2026-05-25
2021-22,Tottenham,21,2022-02-09,Southampton,H,2,3,L,0,36,1,28,27,221,https://www.football-data.co.uk/mmz4281/2122/E0.csv,2026-05-25
2021-22,Tottenham,22,2022-02-13,Wolves,H,0,2,L,0,36,-1,28,29,232,https://www.football-data.co.uk/mmz4281/2122/E0.csv,2026-05-25
2021-22,Tottenham,23,2022-02-19,Man City,A,3,2,W,3,39,0,31,31,242,https://www.football-data.co.uk/mmz4281/2122/E0.csv,2026-05-25
2021-22,Tottenham,24,2022-02-23,Burnley,A,0,1,L,0,39,-1,31,32,245,https://www.football-data.co.uk/mmz4281/2122/E0.csv,2026-05-25
2021-22,Tottenham,25,2022-02-26,Leeds,A,4,0,W,3,42,3,35,32,250,https://www.football-data.co.uk/mmz4281/2122/E0.csv,2026-05-25
2021-22,Tottenham,26,2022-03-07,Everton,H,5,0,W,3,45,8,40,32,267,https://www.football-data.co.uk/mmz4281/2122/E0.csv,2026-05-25
2021-22,Tottenham,27,2022-03-12,Man United,A,2,3,L,0,45,7,42,35,274,https://www.football-data.co.uk/mmz4281/2122/E0.csv,2026-05-25
2021-22,Tottenham,28,2022-03-16,Brighton,A,2,0,W,3,48,9,44,35,282,https://www.football-data.co.uk/mmz4281/2122/E0.csv,2026-05-25
2021-22,Tottenham,29,2022-03-20,West Ham,H,3,1,W,3,51,11,47,36,288,https://www.football-data.co.uk/mmz4281/2122/E0.csv,2026-05-25
2021-22,Tottenham,30,2022-04-03,Newcastle,H,5,1,W,3,54,15,52,37,297,https://www.football-data.co.uk/mmz4281/2122/E0.csv,2026-05-25
2021-22,Tottenham,31,2022-04-09,Aston Villa,A,4,0,W,3,57,19,56,37,305,https://www.football-data.co.uk/mmz4281/2122/E0.csv,2026-05-25
2021-22,Tottenham,32,2022-04-16,Brighton,H,0,1,L,0,57,18,56,38,310,https://www.football-data.co.uk/mmz4281/2122/E0.csv,2026-05-25
2021-22,Tottenham,33,2022-04-23,Brentford,A,0,0,D,1,58,18,56,38,326,https://www.football-data.co.uk/mmz4281/2122/E0.csv,2026-05-25
2021-22,Tottenham,34,2022-05-01,Leicester,H,3,1,W,3,61,20,59,39,340,https://www.football-data.co.uk/mmz4281/2122/E0.csv,2026-05-25
2021-22,Tottenham,35,2022-05-07,Liverpool,A,1,1,D,1,62,20,60,40,348,https://www.football-data.co.uk/mmz4281/2122/E0.csv,2026-05-25
2021-22,Tottenham,36,2022-05-12,Arsenal,H,3,0,W,3,65,23,63,40,358,https://www.football-data.co.uk/mmz4281/2122/E0.csv,2026-05-25
2021-22,Tottenham,37,2022-05-15,Burnley,H,1,0,W,3,68,24,64,40,359,https://www.football-data.co.uk/mmz4281/2122/E0.csv,2026-05-25
2021-22,Tottenham,38,2022-05-22,Norwich,A,5,0,W,3,71,29,69,40,380,https://www.football-data.co.uk/mmz4281/2122/E0.csv,2026-05-25
2021-22,Watford,1,2021-08-14,Aston Villa,H,3,2,W,3,3,1,3,2,7,https://www.football-data.co.uk/mmz4281/2122/E0.csv,2026-05-25
2021-22,Watford,2,2021-08-21,Brighton,A,0,2,L,0,3,-1,3,4,16,https://www.football-data.co.uk/mmz4281/2122/E0.csv,2026-05-25
2021-22,Watford,3,2021-08-29,Tottenham,A,0,1,L,0,3,-2,3,5,29,https://www.football-data.co.uk/mmz4281/2122/E0.csv,2026-05-25
2021-22,Watford,4,2021-09-11,Wolves,H,0,2,L,0,3,-4,3,7,37,https://www.football-data.co.uk/mmz4281/2122/E0.csv,2026-05-25
2021-22,Watford,5,2021-09-18,Norwich,A,3,1,W,3,6,-2,6,8,46,https://www.football-data.co.uk/mmz4281/2122/E0.csv,2026-05-25
2021-22,Watford,6,2021-09-25,Newcastle,H,1,1,D,1,7,-2,7,9,56,https://www.football-data.co.uk/mmz4281/2122/E0.csv,2026-05-25
2021-22,Watford,7,2021-10-02,Leeds,A,0,1,L,0,7,-3,7,10,64,https://www.football-data.co.uk/mmz4281/2122/E0.csv,2026-05-25
2021-22,Watford,8,2021-10-16,Liverpool,H,0,5,L,0,7,-8,7,15,71,https://www.football-data.co.uk/mmz4281/2122/E0.csv,2026-05-25
2021-22,Watford,9,2021-10-23,Everton,A,5,2,W,3,10,-5,12,17,84,https://www.football-data.co.uk/mmz4281/2122/E0.csv,2026-05-25
2021-22,Watford,10,2021-10-30,Southampton,H,0,1,L,0,10,-6,12,18,96,https://www.football-data.co.uk/mmz4281/2122/E0.csv,2026-05-25
2021-22,Watford,11,2021-11-07,Arsenal,A,0,1,L,0,10,-7,12,19,107,https://www.football-data.co.uk/mmz4281/2122/E0.csv,2026-05-25
2021-22,Watford,12,2021-11-20,Man United,H,4,1,W,3,13,-4,16,20,116,https://www.football-data.co.uk/mmz4281/2122/E0.csv,2026-05-25
2021-22,Watford,13,2021-11-28,Leicester,A,2,4,L,0,13,-6,18,24,127,https://www.football-data.co.uk/mmz4281/2122/E0.csv,2026-05-25
2021-22,Watford,14,2021-12-01,Chelsea,H,1,2,L,0,13,-7,19,26,133,https://www.football-data.co.uk/mmz4281/2122/E0.csv,2026-05-25
2021-22,Watford,15,2021-12-04,Man City,H,1,3,L,0,13,-9,20,29,144,https://www.football-data.co.uk/mmz4281/2122/E0.csv,2026-05-25
2021-22,Watford,16,2021-12-10,Brentford,A,1,2,L,0,13,-10,21,31,150,https://www.football-data.co.uk/mmz4281/2122/E0.csv,2026-05-25
2021-22,Watford,17,2021-12-28,West Ham,H,1,4,L,0,13,-13,22,35,179,https://www.football-data.co.uk/mmz4281/2122/E0.csv,2026-05-25
2021-22,Watford,18,2022-01-01,Tottenham,H,0,1,L,0,13,-14,22,36,185,https://www.football-data.co.uk/mmz4281/2122/E0.csv,2026-05-25
2021-22,Watford,19,2022-01-15,Newcastle,A,1,1,D,1,14,-14,23,37,196,https://www.football-data.co.uk/mmz4281/2122/E0.csv,2026-05-25
2021-22,Watford,20,2022-01-21,Norwich,H,0,3,L,0,14,-17,23,40,205,https://www.football-data.co.uk/mmz4281/2122/E0.csv,2026-05-25
2021-22,Watford,21,2022-02-05,Burnley,A,0,0,D,1,15,-17,23,40,215,https://www.football-data.co.uk/mmz4281/2122/E0.csv,2026-05-25
2021-22,Watford,22,2022-02-08,West Ham,A,0,1,L,0,15,-18,23,41,217,https://www.football-data.co.uk/mmz4281/2122/E0.csv,2026-05-25
2021-22,Watford,23,2022-02-12,Brighton,H,0,2,L,0,15,-20,23,43,228,https://www.football-data.co.uk/mmz4281/2122/E0.csv,2026-05-25
2021-22,Watford,24,2022-02-19,Aston Villa,A,1,0,W,3,18,-19,24,43,237,https://www.football-data.co.uk/mmz4281/2122/E0.csv,2026-05-25
2021-22,Watford,25,2022-02-23,Crystal Palace,H,1,4,L,0,18,-22,25,47,246,https://www.football-data.co.uk/mmz4281/2122/E0.csv,2026-05-25
2021-22,Watford,26,2022-02-26,Man United,A,0,0,D,1,19,-22,25,47,253,https://www.football-data.co.uk/mmz4281/2122/E0.csv,2026-05-25
2021-22,Watford,27,2022-03-06,Arsenal,H,2,3,L,0,19,-23,27,50,265,https://www.football-data.co.uk/mmz4281/2122/E0.csv,2026-05-25
2021-22,Watford,28,2022-03-10,Wolves,A,0,4,L,0,19,-27,27,54,270,https://www.football-data.co.uk/mmz4281/2122/E0.csv,2026-05-25
2021-22,Watford,29,2022-03-13,Southampton,A,2,1,W,3,22,-26,29,55,278,https://www.football-data.co.uk/mmz4281/2122/E0.csv,2026-05-25
2021-22,Watford,30,2022-04-02,Liverpool,A,0,2,L,0,22,-28,29,57,289,https://www.football-data.co.uk/mmz4281/2122/E0.csv,2026-05-25
2021-22,Watford,31,2022-04-09,Leeds,H,0,3,L,0,22,-31,29,60,304,https://www.football-data.co.uk/mmz4281/2122/E0.csv,2026-05-25
2021-22,Watford,32,2022-04-16,Brentford,H,1,2,L,0,22,-32,30,62,313,https://www.football-data.co.uk/mmz4281/2122/E0.csv,2026-05-25
2021-22,Watford,33,2022-04-23,Man City,A,1,5,L,0,22,-36,31,67,324,https://www.football-data.co.uk/mmz4281/2122/E0.csv,2026-05-25
2021-22,Watford,34,2022-04-30,Burnley,H,1,2,L,0,22,-37,32,69,336,https://www.football-data.co.uk/mmz4281/2122/E0.csv,2026-05-25
2021-22,Watford,35,2022-05-07,Crystal Palace,A,0,1,L,0,22,-38,32,70,346,https://www.football-data.co.uk/mmz4281/2122/E0.csv,2026-05-25
2021-22,Watford,36,2022-05-11,Everton,H,0,0,D,1,23,-38,32,70,356,https://www.football-data.co.uk/mmz4281/2122/E0.csv,2026-05-25
2021-22,Watford,37,2022-05-15,Leicester,H,1,5,L,0,23,-42,33,75,362,https://www.football-data.co.uk/mmz4281/2122/E0.csv,2026-05-25
2021-22,Watford,38,2022-05-22,Chelsea,A,1,2,L,0,23,-43,34,77,375,https://www.football-data.co.uk/mmz4281/2122/E0.csv,2026-05-25
2021-22,West Ham,1,2021-08-15,Newcastle,A,4,2,W,3,3,2,4,2,9,https://www.football-data.co.uk/mmz4281/2122/E0.csv,2026-05-25
2021-22,West Ham,2,2021-08-23,Leicester,H,4,1,W,3,6,5,8,3,20,https://www.football-data.co.uk/mmz4281/2122/E0.csv,2026-05-25
2021-22,West Ham,3,2021-08-28,Crystal Palace,H,2,2,D,1,7,5,10,5,26,https://www.football-data.co.uk/mmz4281/2122/E0.csv,2026-05-25
2021-22,West Ham,4,2021-09-11,Southampton,A,0,0,D,1,8,5,10,5,36,https://www.football-data.co.uk/mmz4281/2122/E0.csv,2026-05-25
2021-22,West Ham,5,2021-09-19,Man United,H,1,2,L,0,8,4,11,7,49,https://www.football-data.co.uk/mmz4281/2122/E0.csv,2026-05-25
2021-22,West Ham,6,2021-09-25,Leeds,A,2,1,W,3,11,5,13,8,54,https://www.football-data.co.uk/mmz4281/2122/E0.csv,2026-05-25
2021-22,West Ham,7,2021-10-03,Brentford,H,1,2,L,0,11,4,14,10,69,https://www.football-data.co.uk/mmz4281/2122/E0.csv,2026-05-25
2021-22,West Ham,8,2021-10-17,Everton,A,1,0,W,3,14,5,15,10,78,https://www.football-data.co.uk/mmz4281/2122/E0.csv,2026-05-25
2021-22,West Ham,9,2021-10-24,Tottenham,H,1,0,W,3,17,6,16,10,89,https://www.football-data.co.uk/mmz4281/2122/E0.csv,2026-05-25
2021-22,West Ham,10,2021-10-31,Aston Villa,A,4,1,W,3,20,9,20,11,99,https://www.football-data.co.uk/mmz4281/2122/E0.csv,2026-05-25
2021-22,West Ham,11,2021-11-07,Liverpool,H,3,2,W,3,23,10,23,13,110,https://www.football-data.co.uk/mmz4281/2122/E0.csv,2026-05-25
2021-22,West Ham,12,2021-11-20,Wolves,A,0,1,L,0,23,9,23,14,117,https://www.football-data.co.uk/mmz4281/2122/E0.csv,2026-05-25
2021-22,West Ham,13,2021-11-28,Man City,A,1,2,L,0,23,8,24,16,128,https://www.football-data.co.uk/mmz4281/2122/E0.csv,2026-05-25
2021-22,West Ham,14,2021-12-01,Brighton,H,1,1,D,1,24,8,25,17,134,https://www.football-data.co.uk/mmz4281/2122/E0.csv,2026-05-25
2021-22,West Ham,15,2021-12-04,Chelsea,H,3,2,W,3,27,9,28,19,140,https://www.football-data.co.uk/mmz4281/2122/E0.csv,2026-05-25
2021-22,West Ham,16,2021-12-12,Burnley,A,0,0,D,1,28,9,28,19,156,https://www.football-data.co.uk/mmz4281/2122/E0.csv,2026-05-25
2021-22,West Ham,17,2021-12-15,Arsenal,A,0,2,L,0,28,7,28,21,163,https://www.football-data.co.uk/mmz4281/2122/E0.csv,2026-05-25
2021-22,West Ham,18,2021-12-26,Southampton,H,2,3,L,0,28,6,30,24,173,https://www.football-data.co.uk/mmz4281/2122/E0.csv,2026-05-25
2021-22,West Ham,19,2021-12-28,Watford,A,4,1,W,3,31,9,34,25,179,https://www.football-data.co.uk/mmz4281/2122/E0.csv,2026-05-25
2021-22,West Ham,20,2022-01-01,Crystal Palace,A,3,2,W,3,34,10,37,27,186,https://www.football-data.co.uk/mmz4281/2122/E0.csv,2026-05-25
2021-22,West Ham,21,2022-01-12,Norwich,H,2,0,W,3,37,12,39,27,193,https://www.football-data.co.uk/mmz4281/2122/E0.csv,2026-05-25
2021-22,West Ham,22,2022-01-16,Leeds,H,2,3,L,0,37,11,41,30,201,https://www.football-data.co.uk/mmz4281/2122/E0.csv,2026-05-25
2021-22,West Ham,23,2022-01-22,Man United,A,0,1,L,0,37,10,41,31,209,https://www.football-data.co.uk/mmz4281/2122/E0.csv,2026-05-25
2021-22,West Ham,24,2022-02-08,Watford,H,1,0,W,3,40,11,42,31,217,https://www.football-data.co.uk/mmz4281/2122/E0.csv,2026-05-25
2021-22,West Ham,25,2022-02-13,Leicester,A,2,2,D,1,41,11,44,33,233,https://www.football-data.co.uk/mmz4281/2122/E0.csv,2026-05-25
2021-22,West Ham,26,2022-02-19,Newcastle,H,1,1,D,1,42,11,45,34,235,https://www.football-data.co.uk/mmz4281/2122/E0.csv,2026-05-25
2021-22,West Ham,27,2022-02-27,Wolves,H,1,0,W,3,45,12,46,34,256,https://www.football-data.co.uk/mmz4281/2122/E0.csv,2026-05-25
2021-22,West Ham,28,2022-03-05,Liverpool,A,0,1,L,0,45,11,46,35,264,https://www.football-data.co.uk/mmz4281/2122/E0.csv,2026-05-25
2021-22,West Ham,29,2022-03-13,Aston Villa,H,2,1,W,3,48,12,48,36,279,https://www.football-data.co.uk/mmz4281/2122/E0.csv,2026-05-25
2021-22,West Ham,30,2022-03-20,Tottenham,A,1,3,L,0,48,10,49,39,288,https://www.football-data.co.uk/mmz4281/2122/E0.csv,2026-05-25
2021-22,West Ham,31,2022-04-03,Everton,H,2,1,W,3,51,11,51,40,296,https://www.football-data.co.uk/mmz4281/2122/E0.csv,2026-05-25
2021-22,West Ham,32,2022-04-10,Brentford,A,0,2,L,0,51,9,51,42,306,https://www.football-data.co.uk/mmz4281/2122/E0.csv,2026-05-25
2021-22,West Ham,33,2022-04-17,Burnley,H,1,1,D,1,52,9,52,43,315,https://www.football-data.co.uk/mmz4281/2122/E0.csv,2026-05-25
2021-22,West Ham,34,2022-04-24,Chelsea,A,0,1,L,0,52,8,52,44,329,https://www.football-data.co.uk/mmz4281/2122/E0.csv,2026-05-25
2021-22,West Ham,35,2022-05-01,Arsenal,H,1,2,L,0,52,7,53,46,341,https://www.football-data.co.uk/mmz4281/2122/E0.csv,2026-05-25
2021-22,West Ham,36,2022-05-08,Norwich,A,4,0,W,3,55,11,57,46,351,https://www.football-data.co.uk/mmz4281/2122/E0.csv,2026-05-25
2021-22,West Ham,37,2022-05-15,Man City,H,2,2,D,1,56,11,59,48,363,https://www.football-data.co.uk/mmz4281/2122/E0.csv,2026-05-25
2021-22,West Ham,38,2022-05-22,Brighton,A,1,3,L,0,56,9,60,51,373,https://www.football-data.co.uk/mmz4281/2122/E0.csv,2026-05-25
2021-22,Wolves,1,2021-08-14,Leicester,A,0,1,L,0,0,-1,0,1,6,https://www.football-data.co.uk/mmz4281/2122/E0.csv,2026-05-25
2021-22,Wolves,2,2021-08-22,Tottenham,H,0,1,L,0,0,-2,0,2,18,https://www.football-data.co.uk/mmz4281/2122/E0.csv,2026-05-25
2021-22,Wolves,3,2021-08-29,Man United,H,0,1,L,0,0,-3,0,3,30,https://www.football-data.co.uk/mmz4281/2122/E0.csv,2026-05-25
2021-22,Wolves,4,2021-09-11,Watford,A,2,0,W,3,3,-1,2,3,37,https://www.football-data.co.uk/mmz4281/2122/E0.csv,2026-05-25
2021-22,Wolves,5,2021-09-18,Brentford,H,0,2,L,0,3,-3,2,5,42,https://www.football-data.co.uk/mmz4281/2122/E0.csv,2026-05-25
2021-22,Wolves,6,2021-09-26,Southampton,A,1,0,W,3,6,-2,3,5,58,https://www.football-data.co.uk/mmz4281/2122/E0.csv,2026-05-25
2021-22,Wolves,7,2021-10-02,Newcastle,H,2,1,W,3,9,-1,5,6,65,https://www.football-data.co.uk/mmz4281/2122/E0.csv,2026-05-25
2021-22,Wolves,8,2021-10-16,Aston Villa,A,3,2,W,3,12,0,8,8,72,https://www.football-data.co.uk/mmz4281/2122/E0.csv,2026-05-25
2021-22,Wolves,9,2021-10-23,Leeds,A,1,1,D,1,13,0,9,9,85,https://www.football-data.co.uk/mmz4281/2122/E0.csv,2026-05-25
2021-22,Wolves,10,2021-11-01,Everton,H,2,1,W,3,16,1,11,10,100,https://www.football-data.co.uk/mmz4281/2122/E0.csv,2026-05-25
2021-22,Wolves,11,2021-11-06,Crystal Palace,A,0,2,L,0,16,-1,11,12,105,https://www.football-data.co.uk/mmz4281/2122/E0.csv,2026-05-25
2021-22,Wolves,12,2021-11-20,West Ham,H,1,0,W,3,19,0,12,12,117,https://www.football-data.co.uk/mmz4281/2122/E0.csv,2026-05-25
2021-22,Wolves,13,2021-11-27,Norwich,A,0,0,D,1,20,0,12,12,124,https://www.football-data.co.uk/mmz4281/2122/E0.csv,2026-05-25
2021-22,Wolves,14,2021-12-01,Burnley,H,0,0,D,1,21,0,12,12,135,https://www.football-data.co.uk/mmz4281/2122/E0.csv,2026-05-25
2021-22,Wolves,15,2021-12-04,Liverpool,H,0,1,L,0,21,-1,12,13,143,https://www.football-data.co.uk/mmz4281/2122/E0.csv,2026-05-25
2021-22,Wolves,16,2021-12-11,Man City,A,0,1,L,0,21,-2,12,14,151,https://www.football-data.co.uk/mmz4281/2122/E0.csv,2026-05-25
2021-22,Wolves,17,2021-12-15,Brighton,A,1,0,W,3,24,-1,13,14,161,https://www.football-data.co.uk/mmz4281/2122/E0.csv,2026-05-25
2021-22,Wolves,18,2021-12-19,Chelsea,H,0,0,D,1,25,-1,13,14,168,https://www.football-data.co.uk/mmz4281/2122/E0.csv,2026-05-25
2021-22,Wolves,19,2022-01-03,Man United,A,1,0,W,3,28,0,14,14,191,https://www.football-data.co.uk/mmz4281/2122/E0.csv,2026-05-25
2021-22,Wolves,20,2022-01-15,Southampton,H,3,1,W,3,31,2,17,15,198,https://www.football-data.co.uk/mmz4281/2122/E0.csv,2026-05-25
2021-22,Wolves,21,2022-01-22,Brentford,A,2,1,W,3,34,3,19,16,207,https://www.football-data.co.uk/mmz4281/2122/E0.csv,2026-05-25
2021-22,Wolves,22,2022-02-10,Arsenal,H,0,1,L,0,34,2,19,17,224,https://www.football-data.co.uk/mmz4281/2122/E0.csv,2026-05-25
2021-22,Wolves,23,2022-02-13,Tottenham,A,2,0,W,3,37,4,21,17,232,https://www.football-data.co.uk/mmz4281/2122/E0.csv,2026-05-25
2021-22,Wolves,24,2022-02-20,Leicester,H,2,1,W,3,40,5,23,18,244,https://www.football-data.co.uk/mmz4281/2122/E0.csv,2026-05-25
2021-22,Wolves,25,2022-02-24,Arsenal,A,1,2,L,0,40,4,24,20,248,https://www.football-data.co.uk/mmz4281/2122/E0.csv,2026-05-25
2021-22,Wolves,26,2022-02-27,West Ham,A,0,1,L,0,40,3,24,21,256,https://www.football-data.co.uk/mmz4281/2122/E0.csv,2026-05-25
2021-22,Wolves,27,2022-03-05,Crystal Palace,H,0,2,L,0,40,1,24,23,263,https://www.football-data.co.uk/mmz4281/2122/E0.csv,2026-05-25
2021-22,Wolves,28,2022-03-10,Watford,H,4,0,W,3,43,5,28,23,270,https://www.football-data.co.uk/mmz4281/2122/E0.csv,2026-05-25
2021-22,Wolves,29,2022-03-13,Everton,A,1,0,W,3,46,6,29,23,276,https://www.football-data.co.uk/mmz4281/2122/E0.csv,2026-05-25
2021-22,Wolves,30,2022-03-18,Leeds,H,2,3,L,0,46,5,31,26,285,https://www.football-data.co.uk/mmz4281/2122/E0.csv,2026-05-25
2021-22,Wolves,31,2022-04-02,Aston Villa,H,2,1,W,3,49,6,33,27,294,https://www.football-data.co.uk/mmz4281/2122/E0.csv,2026-05-25
2021-22,Wolves,32,2022-04-08,Newcastle,A,0,1,L,0,49,5,33,28,300,https://www.football-data.co.uk/mmz4281/2122/E0.csv,2026-05-25
2021-22,Wolves,33,2022-04-24,Burnley,A,0,1,L,0,49,4,33,29,328,https://www.football-data.co.uk/mmz4281/2122/E0.csv,2026-05-25
2021-22,Wolves,34,2022-04-30,Brighton,H,0,3,L,0,49,1,33,32,337,https://www.football-data.co.uk/mmz4281/2122/E0.csv,2026-05-25
2021-22,Wolves,35,2022-05-07,Chelsea,A,2,2,D,1,50,1,35,34,345,https://www.football-data.co.uk/mmz4281/2122/E0.csv,2026-05-25
2021-22,Wolves,36,2022-05-11,Man City,H,1,5,L,0,50,-3,36,39,357,https://www.football-data.co.uk/mmz4281/2122/E0.csv,2026-05-25
2021-22,Wolves,37,2022-05-15,Norwich,H,1,1,D,1,51,-3,37,40,364,https://www.football-data.co.uk/mmz4281/2122/E0.csv,2026-05-25
2021-22,Wolves,38,2022-05-22,Liverpool,A,1,3,L,0,51,-5,38,43,378,https://www.football-data.co.uk/mmz4281/2122/E0.csv,2026-05-25
2022-23,Arsenal,1,2022-08-05,Crystal Palace,A,2,0,W,3,3,2,2,0,1,https://www.football-data.co.uk/mmz4281/2223/E0.csv,2026-05-25
2022-23,Arsenal,2,2022-08-13,Leicester,H,4,2,W,3,6,4,6,2,12,https://www.football-data.co.uk/mmz4281/2223/E0.csv,2026-05-25
2022-23,Arsenal,3,2022-08-20,Bournemouth,A,3,0,W,3,9,7,9,2,26,https://www.football-data.co.uk/mmz4281/2223/E0.csv,2026-05-25
2022-23,Arsenal,4,2022-08-27,Fulham,H,2,1,W,3,12,8,11,3,37,https://www.football-data.co.uk/mmz4281/2223/E0.csv,2026-05-25
2022-23,Arsenal,5,2022-08-31,Aston Villa,H,2,1,W,3,15,9,13,4,45,https://www.football-data.co.uk/mmz4281/2223/E0.csv,2026-05-25
2022-23,Arsenal,6,2022-09-04,Man United,A,1,3,L,0,15,7,14,7,60,https://www.football-data.co.uk/mmz4281/2223/E0.csv,2026-05-25
2022-23,Arsenal,7,2022-09-18,Brentford,A,3,0,W,3,18,10,17,7,66,https://www.football-data.co.uk/mmz4281/2223/E0.csv,2026-05-25
2022-23,Arsenal,8,2022-10-01,Tottenham,H,3,1,W,3,21,12,20,8,68,https://www.football-data.co.uk/mmz4281/2223/E0.csv,2026-05-25
2022-23,Arsenal,9,2022-10-09,Liverpool,H,3,2,W,3,24,13,23,10,85,https://www.football-data.co.uk/mmz4281/2223/E0.csv,2026-05-25
2022-23,Arsenal,10,2022-10-16,Leeds,A,1,0,W,3,27,14,24,10,94,https://www.football-data.co.uk/mmz4281/2223/E0.csv,2026-05-25
2022-23,Arsenal,11,2022-10-23,Southampton,A,1,1,D,1,28,14,25,11,113,https://www.football-data.co.uk/mmz4281/2223/E0.csv,2026-05-25
2022-23,Arsenal,12,2022-10-30,Nott'm Forest,H,5,0,W,3,31,19,30,11,125,https://www.football-data.co.uk/mmz4281/2223/E0.csv,2026-05-25
2022-23,Arsenal,13,2022-11-06,Chelsea,A,1,0,W,3,34,20,31,11,132,https://www.football-data.co.uk/mmz4281/2223/E0.csv,2026-05-25
2022-23,Arsenal,14,2022-11-12,Wolves,A,2,0,W,3,37,22,33,11,144,https://www.football-data.co.uk/mmz4281/2223/E0.csv,2026-05-25
2022-23,Arsenal,15,2022-12-26,West Ham,H,3,1,W,3,40,24,36,12,153,https://www.football-data.co.uk/mmz4281/2223/E0.csv,2026-05-25
2022-23,Arsenal,16,2022-12-31,Brighton,A,4,2,W,3,43,26,40,14,164,https://www.football-data.co.uk/mmz4281/2223/E0.csv,2026-05-25
2022-23,Arsenal,17,2023-01-03,Newcastle,H,0,0,D,1,44,26,40,14,168,https://www.football-data.co.uk/mmz4281/2223/E0.csv,2026-05-25
2022-23,Arsenal,18,2023-01-15,Tottenham,A,2,0,W,3,47,28,42,14,187,https://www.football-data.co.uk/mmz4281/2223/E0.csv,2026-05-25
2022-23,Arsenal,19,2023-01-22,Man United,H,3,2,W,3,50,29,45,16,198,https://www.football-data.co.uk/mmz4281/2223/E0.csv,2026-05-25
2022-23,Arsenal,20,2023-02-04,Everton,A,0,1,L,0,50,28,45,17,201,https://www.football-data.co.uk/mmz4281/2223/E0.csv,2026-05-25
2022-23,Arsenal,21,2023-02-11,Brentford,H,1,1,D,1,51,28,46,18,212,https://www.football-data.co.uk/mmz4281/2223/E0.csv,2026-05-25
2022-23,Arsenal,22,2023-02-15,Man City,H,1,3,L,0,51,26,47,21,221,https://www.football-data.co.uk/mmz4281/2223/E0.csv,2026-05-25
2022-23,Arsenal,23,2023-02-18,Aston Villa,A,4,2,W,3,54,28,51,23,222,https://www.football-data.co.uk/mmz4281/2223/E0.csv,2026-05-25
2022-23,Arsenal,24,2023-02-25,Leicester,A,1,0,W,3,57,29,52,23,235,https://www.football-data.co.uk/mmz4281/2223/E0.csv,2026-05-25
2022-23,Arsenal,25,2023-03-01,Everton,H,4,0,W,3,60,33,56,23,240,https://www.football-data.co.uk/mmz4281/2223/E0.csv,2026-05-25
2022-23,Arsenal,26,2023-03-04,Bournemouth,H,3,2,W,3,63,34,59,25,243,https://www.football-data.co.uk/mmz4281/2223/E0.csv,2026-05-25
2022-23,Arsenal,27,2023-03-12,Fulham,A,3,0,W,3,66,37,62,25,258,https://www.football-data.co.uk/mmz4281/2223/E0.csv,2026-05-25
2022-23,Arsenal,28,2023-03-19,Crystal Palace,H,4,1,W,3,69,40,66,26,270,https://www.football-data.co.uk/mmz4281/2223/E0.csv,2026-05-25
2022-23,Arsenal,29,2023-04-01,Leeds,H,4,1,W,3,72,43,70,27,272,https://www.football-data.co.uk/mmz4281/2223/E0.csv,2026-05-25
2022-23,Arsenal,30,2023-04-09,Liverpool,A,2,2,D,1,73,43,72,29,296,https://www.football-data.co.uk/mmz4281/2223/E0.csv,2026-05-25
2022-23,Arsenal,31,2023-04-16,West Ham,A,2,2,D,1,74,43,74,31,304,https://www.football-data.co.uk/mmz4281/2223/E0.csv,2026-05-25
2022-23,Arsenal,32,2023-04-21,Southampton,H,3,3,D,1,75,43,77,34,307,https://www.football-data.co.uk/mmz4281/2223/E0.csv,2026-05-25
2022-23,Arsenal,33,2023-04-26,Man City,A,1,4,L,0,75,40,78,38,321,https://www.football-data.co.uk/mmz4281/2223/E0.csv,2026-05-25
2022-23,Arsenal,34,2023-05-02,Chelsea,H,3,1,W,3,78,42,81,39,334,https://www.football-data.co.uk/mmz4281/2223/E0.csv,2026-05-25
2022-23,Arsenal,35,2023-05-07,Newcastle,A,2,0,W,3,81,44,83,39,343,https://www.football-data.co.uk/mmz4281/2223/E0.csv,2026-05-25
2022-23,Arsenal,36,2023-05-14,Brighton,H,0,3,L,0,81,41,83,42,356,https://www.football-data.co.uk/mmz4281/2223/E0.csv,2026-05-25
2022-23,Arsenal,37,2023-05-20,Nott'm Forest,A,0,1,L,0,81,40,83,43,364,https://www.football-data.co.uk/mmz4281/2223/E0.csv,2026-05-25
2022-23,Arsenal,38,2023-05-28,Wolves,H,5,0,W,3,84,45,88,43,371,https://www.football-data.co.uk/mmz4281/2223/E0.csv,2026-05-25
2022-23,Aston Villa,1,2022-08-06,Bournemouth,A,0,2,L,0,0,-2,0,2,3,https://www.football-data.co.uk/mmz4281/2223/E0.csv,2026-05-25
2022-23,Aston Villa,2,2022-08-13,Everton,H,2,1,W,3,3,-1,2,3,11,https://www.football-data.co.uk/mmz4281/2223/E0.csv,2026-05-25
2022-23,Aston Villa,3,2022-08-20,Crystal Palace,A,1,3,L,0,3,-3,3,6,22,https://www.football-data.co.uk/mmz4281/2223/E0.csv,2026-05-25
2022-23,Aston Villa,4,2022-08-28,West Ham,H,0,1,L,0,3,-4,3,7,38,https://www.football-data.co.uk/mmz4281/2223/E0.csv,2026-05-25
2022-23,Aston Villa,5,2022-08-31,Arsenal,A,1,2,L,0,3,-5,4,9,45,https://www.football-data.co.uk/mmz4281/2223/E0.csv,2026-05-25
2022-23,Aston Villa,6,2022-09-03,Man City,H,1,1,D,1,4,-5,5,10,58,https://www.football-data.co.uk/mmz4281/2223/E0.csv,2026-05-25
2022-23,Aston Villa,7,2022-09-16,Southampton,H,1,0,W,3,7,-4,6,10,61,https://www.football-data.co.uk/mmz4281/2223/E0.csv,2026-05-25
2022-23,Aston Villa,8,2022-10-02,Leeds,A,0,0,D,1,8,-4,6,10,76,https://www.football-data.co.uk/mmz4281/2223/E0.csv,2026-05-25
2022-23,Aston Villa,9,2022-10-10,Nott'm Forest,A,1,1,D,1,9,-4,7,11,87,https://www.football-data.co.uk/mmz4281/2223/E0.csv,2026-05-25
2022-23,Aston Villa,10,2022-10-16,Chelsea,H,0,2,L,0,9,-6,7,13,93,https://www.football-data.co.uk/mmz4281/2223/E0.csv,2026-05-25
2022-23,Aston Villa,11,2022-10-20,Fulham,A,0,3,L,0,9,-9,7,16,105,https://www.football-data.co.uk/mmz4281/2223/E0.csv,2026-05-25
2022-23,Aston Villa,12,2022-10-23,Brentford,H,4,0,W,3,12,-5,11,16,111,https://www.football-data.co.uk/mmz4281/2223/E0.csv,2026-05-25
2022-23,Aston Villa,13,2022-10-29,Newcastle,A,0,4,L,0,12,-9,11,20,122,https://www.football-data.co.uk/mmz4281/2223/E0.csv,2026-05-25
2022-23,Aston Villa,14,2022-11-06,Man United,H,3,1,W,3,15,-7,14,21,133,https://www.football-data.co.uk/mmz4281/2223/E0.csv,2026-05-25
2022-23,Aston Villa,15,2022-11-13,Brighton,A,2,1,W,3,18,-6,16,22,145,https://www.football-data.co.uk/mmz4281/2223/E0.csv,2026-05-25
2022-23,Aston Villa,16,2022-12-26,Liverpool,H,1,3,L,0,18,-8,17,25,152,https://www.football-data.co.uk/mmz4281/2223/E0.csv,2026-05-25
2022-23,Aston Villa,17,2023-01-01,Tottenham,A,2,0,W,3,21,-6,19,25,165,https://www.football-data.co.uk/mmz4281/2223/E0.csv,2026-05-25
2022-23,Aston Villa,18,2023-01-04,Wolves,H,1,1,D,1,22,-6,20,26,174,https://www.football-data.co.uk/mmz4281/2223/E0.csv,2026-05-25
2022-23,Aston Villa,19,2023-01-13,Leeds,H,2,1,W,3,25,-5,22,27,178,https://www.football-data.co.uk/mmz4281/2223/E0.csv,2026-05-25
2022-23,Aston Villa,20,2023-01-21,Southampton,A,1,0,W,3,28,-4,23,27,193,https://www.football-data.co.uk/mmz4281/2223/E0.csv,2026-05-25
2022-23,Aston Villa,21,2023-02-04,Leicester,H,2,4,L,0,28,-6,25,31,202,https://www.football-data.co.uk/mmz4281/2223/E0.csv,2026-05-25
2022-23,Aston Villa,22,2023-02-12,Man City,A,1,3,L,0,28,-8,26,34,219,https://www.football-data.co.uk/mmz4281/2223/E0.csv,2026-05-25
2022-23,Aston Villa,23,2023-02-18,Arsenal,H,2,4,L,0,28,-10,28,38,222,https://www.football-data.co.uk/mmz4281/2223/E0.csv,2026-05-25
2022-23,Aston Villa,24,2023-02-25,Everton,A,2,0,W,3,31,-8,30,38,233,https://www.football-data.co.uk/mmz4281/2223/E0.csv,2026-05-25
2022-23,Aston Villa,25,2023-03-04,Crystal Palace,H,1,0,W,3,34,-7,31,38,244,https://www.football-data.co.uk/mmz4281/2223/E0.csv,2026-05-25
2022-23,Aston Villa,26,2023-03-12,West Ham,A,1,1,D,1,35,-7,32,39,260,https://www.football-data.co.uk/mmz4281/2223/E0.csv,2026-05-25
2022-23,Aston Villa,27,2023-03-18,Bournemouth,H,3,0,W,3,38,-4,35,39,265,https://www.football-data.co.uk/mmz4281/2223/E0.csv,2026-05-25
2022-23,Aston Villa,28,2023-04-01,Chelsea,A,2,0,W,3,41,-2,37,39,277,https://www.football-data.co.uk/mmz4281/2223/E0.csv,2026-05-25
2022-23,Aston Villa,29,2023-04-04,Leicester,A,2,1,W,3,44,-1,39,40,283,https://www.football-data.co.uk/mmz4281/2223/E0.csv,2026-05-25
2022-23,Aston Villa,30,2023-04-08,Nott'm Forest,H,2,0,W,3,47,1,41,40,288,https://www.football-data.co.uk/mmz4281/2223/E0.csv,2026-05-25
2022-23,Aston Villa,31,2023-04-15,Newcastle,H,3,0,W,3,50,4,44,40,297,https://www.football-data.co.uk/mmz4281/2223/E0.csv,2026-05-25
2022-23,Aston Villa,32,2023-04-22,Brentford,A,1,1,D,1,51,4,45,41,309,https://www.football-data.co.uk/mmz4281/2223/E0.csv,2026-05-25
2022-23,Aston Villa,33,2023-04-25,Fulham,H,1,0,W,3,54,5,46,41,316,https://www.football-data.co.uk/mmz4281/2223/E0.csv,2026-05-25
2022-23,Aston Villa,34,2023-04-30,Man United,A,0,1,L,0,54,4,46,42,330,https://www.football-data.co.uk/mmz4281/2223/E0.csv,2026-05-25
2022-23,Aston Villa,35,2023-05-06,Wolves,A,0,1,L,0,54,3,46,43,341,https://www.football-data.co.uk/mmz4281/2223/E0.csv,2026-05-25
2022-23,Aston Villa,36,2023-05-13,Tottenham,H,2,1,W,3,57,4,48,44,349,https://www.football-data.co.uk/mmz4281/2223/E0.csv,2026-05-25
2022-23,Aston Villa,37,2023-05-20,Liverpool,A,1,1,D,1,58,4,49,45,362,https://www.football-data.co.uk/mmz4281/2223/E0.csv,2026-05-25
2022-23,Aston Villa,38,2023-05-28,Brighton,H,2,1,W,3,61,5,51,46,372,https://www.football-data.co.uk/mmz4281/2223/E0.csv,2026-05-25
2022-23,Bournemouth,1,2022-08-06,Aston Villa,H,2,0,W,3,3,2,2,0,3,https://www.football-data.co.uk/mmz4281/2223/E0.csv,2026-05-25
2022-23,Bournemouth,2,2022-08-13,Man City,A,0,4,L,0,3,-2,2,4,14,https://www.football-data.co.uk/mmz4281/2223/E0.csv,2026-05-25
2022-23,Bournemouth,3,2022-08-20,Arsenal,H,0,3,L,0,3,-5,2,7,26,https://www.football-data.co.uk/mmz4281/2223/E0.csv,2026-05-25
2022-23,Bournemouth,4,2022-08-27,Liverpool,A,0,9,L,0,3,-14,2,16,35,https://www.football-data.co.uk/mmz4281/2223/E0.csv,2026-05-25
2022-23,Bournemouth,5,2022-08-31,Wolves,H,0,0,D,1,4,-14,2,16,46,https://www.football-data.co.uk/mmz4281/2223/E0.csv,2026-05-25
2022-23,Bournemouth,6,2022-09-03,Nott'm Forest,A,3,2,W,3,7,-13,5,18,55,https://www.football-data.co.uk/mmz4281/2223/E0.csv,2026-05-25
2022-23,Bournemouth,7,2022-09-17,Newcastle,A,1,1,D,1,8,-13,6,19,64,https://www.football-data.co.uk/mmz4281/2223/E0.csv,2026-05-25
2022-23,Bournemouth,8,2022-10-01,Brentford,H,0,0,D,1,9,-13,6,19,69,https://www.football-data.co.uk/mmz4281/2223/E0.csv,2026-05-25
2022-23,Bournemouth,9,2022-10-08,Leicester,H,2,1,W,3,12,-12,8,20,78,https://www.football-data.co.uk/mmz4281/2223/E0.csv,2026-05-25
2022-23,Bournemouth,10,2022-10-15,Fulham,A,2,2,D,1,13,-12,10,22,90,https://www.football-data.co.uk/mmz4281/2223/E0.csv,2026-05-25
2022-23,Bournemouth,11,2022-10-19,Southampton,H,0,1,L,0,13,-13,10,23,100,https://www.football-data.co.uk/mmz4281/2223/E0.csv,2026-05-25
2022-23,Bournemouth,12,2022-10-24,West Ham,A,0,2,L,0,13,-15,10,25,116,https://www.football-data.co.uk/mmz4281/2223/E0.csv,2026-05-25
2022-23,Bournemouth,13,2022-10-29,Tottenham,H,2,3,L,0,13,-16,12,28,118,https://www.football-data.co.uk/mmz4281/2223/E0.csv,2026-05-25
2022-23,Bournemouth,14,2022-11-05,Leeds,A,3,4,L,0,13,-17,15,32,127,https://www.football-data.co.uk/mmz4281/2223/E0.csv,2026-05-25
2022-23,Bournemouth,15,2022-11-12,Everton,H,3,0,W,3,16,-14,18,32,138,https://www.football-data.co.uk/mmz4281/2223/E0.csv,2026-05-25
2022-23,Bournemouth,16,2022-12-27,Chelsea,A,0,2,L,0,16,-16,18,34,154,https://www.football-data.co.uk/mmz4281/2223/E0.csv,2026-05-25
2022-23,Bournemouth,17,2022-12-31,Crystal Palace,H,0,2,L,0,16,-18,18,36,160,https://www.football-data.co.uk/mmz4281/2223/E0.csv,2026-05-25
2022-23,Bournemouth,18,2023-01-03,Man United,A,0,3,L,0,16,-21,18,39,171,https://www.football-data.co.uk/mmz4281/2223/E0.csv,2026-05-25
2022-23,Bournemouth,19,2023-01-14,Brentford,A,0,2,L,0,16,-23,18,41,184,https://www.football-data.co.uk/mmz4281/2223/E0.csv,2026-05-25
2022-23,Bournemouth,20,2023-01-21,Nott'm Forest,H,1,1,D,1,17,-23,19,42,191,https://www.football-data.co.uk/mmz4281/2223/E0.csv,2026-05-25
2022-23,Bournemouth,21,2023-02-04,Brighton,A,0,1,L,0,17,-24,19,43,204,https://www.football-data.co.uk/mmz4281/2223/E0.csv,2026-05-25
2022-23,Bournemouth,22,2023-02-11,Newcastle,H,1,1,D,1,18,-24,20,44,217,https://www.football-data.co.uk/mmz4281/2223/E0.csv,2026-05-25
2022-23,Bournemouth,23,2023-02-18,Wolves,A,1,0,W,3,21,-23,21,44,228,https://www.football-data.co.uk/mmz4281/2223/E0.csv,2026-05-25
2022-23,Bournemouth,24,2023-02-25,Man City,H,1,4,L,0,21,-26,22,48,237,https://www.football-data.co.uk/mmz4281/2223/E0.csv,2026-05-25
2022-23,Bournemouth,25,2023-03-04,Arsenal,A,2,3,L,0,21,-27,24,51,243,https://www.football-data.co.uk/mmz4281/2223/E0.csv,2026-05-25
2022-23,Bournemouth,26,2023-03-11,Liverpool,H,1,0,W,3,24,-26,25,51,252,https://www.football-data.co.uk/mmz4281/2223/E0.csv,2026-05-25
2022-23,Bournemouth,27,2023-03-18,Aston Villa,A,0,3,L,0,24,-29,25,54,265,https://www.football-data.co.uk/mmz4281/2223/E0.csv,2026-05-25
2022-23,Bournemouth,28,2023-04-01,Fulham,H,2,1,W,3,27,-28,27,55,273,https://www.football-data.co.uk/mmz4281/2223/E0.csv,2026-05-25
2022-23,Bournemouth,29,2023-04-04,Brighton,H,0,2,L,0,27,-30,27,57,281,https://www.football-data.co.uk/mmz4281/2223/E0.csv,2026-05-25
2022-23,Bournemouth,30,2023-04-08,Leicester,A,1,0,W,3,30,-29,28,57,291,https://www.football-data.co.uk/mmz4281/2223/E0.csv,2026-05-25
2022-23,Bournemouth,31,2023-04-15,Tottenham,A,3,2,W,3,33,-28,31,59,301,https://www.football-data.co.uk/mmz4281/2223/E0.csv,2026-05-25
2022-23,Bournemouth,32,2023-04-23,West Ham,H,0,4,L,0,33,-32,31,63,313,https://www.football-data.co.uk/mmz4281/2223/E0.csv,2026-05-25
2022-23,Bournemouth,33,2023-04-27,Southampton,A,1,0,W,3,36,-31,32,63,323,https://www.football-data.co.uk/mmz4281/2223/E0.csv,2026-05-25
2022-23,Bournemouth,34,2023-04-30,Leeds,H,4,1,W,3,39,-28,36,64,328,https://www.football-data.co.uk/mmz4281/2223/E0.csv,2026-05-25
2022-23,Bournemouth,35,2023-05-06,Chelsea,H,1,3,L,0,39,-30,37,67,338,https://www.football-data.co.uk/mmz4281/2223/E0.csv,2026-05-25
2022-23,Bournemouth,36,2023-05-13,Crystal Palace,A,0,2,L,0,39,-32,37,69,351,https://www.football-data.co.uk/mmz4281/2223/E0.csv,2026-05-25
2022-23,Bournemouth,37,2023-05-20,Man United,H,0,1,L,0,39,-33,37,70,360,https://www.football-data.co.uk/mmz4281/2223/E0.csv,2026-05-25
2022-23,Bournemouth,38,2023-05-28,Everton,A,0,1,L,0,39,-34,37,71,376,https://www.football-data.co.uk/mmz4281/2223/E0.csv,2026-05-25
2022-23,Brentford,1,2022-08-07,Leicester,A,2,2,D,1,1,0,2,2,8,https://www.football-data.co.uk/mmz4281/2223/E0.csv,2026-05-25
2022-23,Brentford,2,2022-08-13,Man United,H,4,0,W,3,4,4,6,2,17,https://www.football-data.co.uk/mmz4281/2223/E0.csv,2026-05-25
2022-23,Brentford,3,2022-08-20,Fulham,A,2,3,L,0,4,3,8,5,24,https://www.football-data.co.uk/mmz4281/2223/E0.csv,2026-05-25
2022-23,Brentford,4,2022-08-27,Everton,H,1,1,D,1,5,3,9,6,32,https://www.football-data.co.uk/mmz4281/2223/E0.csv,2026-05-25
2022-23,Brentford,5,2022-08-30,Crystal Palace,A,1,1,D,1,6,3,10,7,41,https://www.football-data.co.uk/mmz4281/2223/E0.csv,2026-05-25
2022-23,Brentford,6,2022-09-03,Leeds,H,5,2,W,3,9,6,15,9,52,https://www.football-data.co.uk/mmz4281/2223/E0.csv,2026-05-25
2022-23,Brentford,7,2022-09-18,Arsenal,H,0,3,L,0,9,3,15,12,66,https://www.football-data.co.uk/mmz4281/2223/E0.csv,2026-05-25
2022-23,Brentford,8,2022-10-01,Bournemouth,A,0,0,D,1,10,3,15,12,69,https://www.football-data.co.uk/mmz4281/2223/E0.csv,2026-05-25
2022-23,Brentford,9,2022-10-08,Newcastle,A,1,5,L,0,10,-1,16,17,81,https://www.football-data.co.uk/mmz4281/2223/E0.csv,2026-05-25
2022-23,Brentford,10,2022-10-14,Brighton,H,2,0,W,3,13,1,18,17,88,https://www.football-data.co.uk/mmz4281/2223/E0.csv,2026-05-25
2022-23,Brentford,11,2022-10-19,Chelsea,H,0,0,D,1,14,1,18,17,101,https://www.football-data.co.uk/mmz4281/2223/E0.csv,2026-05-25
2022-23,Brentford,12,2022-10-23,Aston Villa,A,0,4,L,0,14,-3,18,21,111,https://www.football-data.co.uk/mmz4281/2223/E0.csv,2026-05-25
2022-23,Brentford,13,2022-10-29,Wolves,H,1,1,D,1,15,-3,19,22,119,https://www.football-data.co.uk/mmz4281/2223/E0.csv,2026-05-25
2022-23,Brentford,14,2022-11-05,Nott'm Forest,A,2,2,D,1,16,-3,21,24,129,https://www.football-data.co.uk/mmz4281/2223/E0.csv,2026-05-25
2022-23,Brentford,15,2022-11-12,Man City,A,2,1,W,3,19,-2,23,25,137,https://www.football-data.co.uk/mmz4281/2223/E0.csv,2026-05-25
2022-23,Brentford,16,2022-12-26,Tottenham,H,2,2,D,1,20,-2,25,27,147,https://www.football-data.co.uk/mmz4281/2223/E0.csv,2026-05-25
2022-23,Brentford,17,2022-12-30,West Ham,A,2,0,W,3,23,0,27,27,157,https://www.football-data.co.uk/mmz4281/2223/E0.csv,2026-05-25
2022-23,Brentford,18,2023-01-02,Liverpool,H,3,1,W,3,26,2,30,28,167,https://www.football-data.co.uk/mmz4281/2223/E0.csv,2026-05-25
2022-23,Brentford,19,2023-01-14,Bournemouth,H,2,0,W,3,29,4,32,28,184,https://www.football-data.co.uk/mmz4281/2223/E0.csv,2026-05-25
2022-23,Brentford,20,2023-01-22,Leeds,A,0,0,D,1,30,4,32,28,196,https://www.football-data.co.uk/mmz4281/2223/E0.csv,2026-05-25
2022-23,Brentford,21,2023-02-04,Southampton,H,3,0,W,3,33,7,35,28,203,https://www.football-data.co.uk/mmz4281/2223/E0.csv,2026-05-25
2022-23,Brentford,22,2023-02-11,Arsenal,A,1,1,D,1,34,7,36,29,212,https://www.football-data.co.uk/mmz4281/2223/E0.csv,2026-05-25
2022-23,Brentford,23,2023-02-18,Crystal Palace,H,1,1,D,1,35,7,37,30,223,https://www.football-data.co.uk/mmz4281/2223/E0.csv,2026-05-25
2022-23,Brentford,24,2023-03-06,Fulham,H,3,2,W,3,38,8,40,32,251,https://www.football-data.co.uk/mmz4281/2223/E0.csv,2026-05-25
2022-23,Brentford,25,2023-03-11,Everton,A,0,1,L,0,38,7,40,33,253,https://www.football-data.co.uk/mmz4281/2223/E0.csv,2026-05-25
2022-23,Brentford,26,2023-03-15,Southampton,A,2,0,W,3,41,9,42,33,263,https://www.football-data.co.uk/mmz4281/2223/E0.csv,2026-05-25
2022-23,Brentford,27,2023-03-18,Leicester,H,1,1,D,1,42,9,43,34,266,https://www.football-data.co.uk/mmz4281/2223/E0.csv,2026-05-25
2022-23,Brentford,28,2023-04-01,Brighton,A,3,3,D,1,43,9,46,37,274,https://www.football-data.co.uk/mmz4281/2223/E0.csv,2026-05-25
2022-23,Brentford,29,2023-04-05,Man United,A,0,1,L,0,43,8,46,38,285,https://www.football-data.co.uk/mmz4281/2223/E0.csv,2026-05-25
2022-23,Brentford,30,2023-04-08,Newcastle,H,1,2,L,0,43,7,47,40,289,https://www.football-data.co.uk/mmz4281/2223/E0.csv,2026-05-25
2022-23,Brentford,31,2023-04-15,Wolves,A,0,2,L,0,43,5,47,42,302,https://www.football-data.co.uk/mmz4281/2223/E0.csv,2026-05-25
2022-23,Brentford,32,2023-04-22,Aston Villa,H,1,1,D,1,44,5,48,43,309,https://www.football-data.co.uk/mmz4281/2223/E0.csv,2026-05-25
2022-23,Brentford,33,2023-04-26,Chelsea,A,2,0,W,3,47,7,50,43,319,https://www.football-data.co.uk/mmz4281/2223/E0.csv,2026-05-25
2022-23,Brentford,34,2023-04-29,Nott'm Forest,H,2,1,W,3,50,8,52,44,326,https://www.football-data.co.uk/mmz4281/2223/E0.csv,2026-05-25
2022-23,Brentford,35,2023-05-06,Liverpool,A,0,1,L,0,50,7,52,45,342,https://www.football-data.co.uk/mmz4281/2223/E0.csv,2026-05-25
2022-23,Brentford,36,2023-05-14,West Ham,H,2,0,W,3,53,9,54,45,354,https://www.football-data.co.uk/mmz4281/2223/E0.csv,2026-05-25
2022-23,Brentford,37,2023-05-20,Tottenham,A,3,1,W,3,56,11,57,46,359,https://www.football-data.co.uk/mmz4281/2223/E0.csv,2026-05-25
2022-23,Brentford,38,2023-05-28,Man City,H,1,0,W,3,59,12,58,46,373,https://www.football-data.co.uk/mmz4281/2223/E0.csv,2026-05-25
2022-23,Brighton,1,2022-08-07,Man United,A,2,1,W,3,3,1,2,1,9,https://www.football-data.co.uk/mmz4281/2223/E0.csv,2026-05-25
2022-23,Brighton,2,2022-08-13,Newcastle,H,0,0,D,1,4,1,2,1,13,https://www.football-data.co.uk/mmz4281/2223/E0.csv,2026-05-25
2022-23,Brighton,3,2022-08-21,West Ham,A,2,0,W,3,7,3,4,1,28,https://www.football-data.co.uk/mmz4281/2223/E0.csv,2026-05-25
2022-23,Brighton,4,2022-08-27,Leeds,H,1,0,W,3,10,4,5,1,33,https://www.football-data.co.uk/mmz4281/2223/E0.csv,2026-05-25
2022-23,Brighton,5,2022-08-30,Fulham,A,1,2,L,0,10,3,6,3,42,https://www.football-data.co.uk/mmz4281/2223/E0.csv,2026-05-25
2022-23,Brighton,6,2022-09-04,Leicester,H,5,2,W,3,13,6,11,5,59,https://www.football-data.co.uk/mmz4281/2223/E0.csv,2026-05-25
2022-23,Brighton,7,2022-10-01,Liverpool,A,3,3,D,1,14,6,14,8,72,https://www.football-data.co.uk/mmz4281/2223/E0.csv,2026-05-25
2022-23,Brighton,8,2022-10-08,Tottenham,H,0,1,L,0,14,5,14,9,82,https://www.football-data.co.uk/mmz4281/2223/E0.csv,2026-05-25
2022-23,Brighton,9,2022-10-14,Brentford,A,0,2,L,0,14,3,14,11,88,https://www.football-data.co.uk/mmz4281/2223/E0.csv,2026-05-25
2022-23,Brighton,10,2022-10-18,Nott'm Forest,H,0,0,D,1,15,3,14,11,98,https://www.football-data.co.uk/mmz4281/2223/E0.csv,2026-05-25
2022-23,Brighton,11,2022-10-22,Man City,A,1,3,L,0,15,1,15,14,109,https://www.football-data.co.uk/mmz4281/2223/E0.csv,2026-05-25
2022-23,Brighton,12,2022-10-29,Chelsea,H,4,1,W,3,18,4,19,15,120,https://www.football-data.co.uk/mmz4281/2223/E0.csv,2026-05-25
2022-23,Brighton,13,2022-11-05,Wolves,A,3,2,W,3,21,5,22,17,130,https://www.football-data.co.uk/mmz4281/2223/E0.csv,2026-05-25
2022-23,Brighton,14,2022-11-13,Aston Villa,H,1,2,L,0,21,4,23,19,145,https://www.football-data.co.uk/mmz4281/2223/E0.csv,2026-05-25
2022-23,Brighton,15,2022-12-26,Southampton,A,3,1,W,3,24,6,26,20,151,https://www.football-data.co.uk/mmz4281/2223/E0.csv,2026-05-25
2022-23,Brighton,16,2022-12-31,Arsenal,H,2,4,L,0,24,4,28,24,164,https://www.football-data.co.uk/mmz4281/2223/E0.csv,2026-05-25
2022-23,Brighton,17,2023-01-03,Everton,A,4,1,W,3,27,7,32,25,169,https://www.football-data.co.uk/mmz4281/2223/E0.csv,2026-05-25
2022-23,Brighton,18,2023-01-14,Liverpool,H,3,0,W,3,30,10,35,25,180,https://www.football-data.co.uk/mmz4281/2223/E0.csv,2026-05-25
2022-23,Brighton,19,2023-01-21,Leicester,A,2,2,D,1,31,10,37,27,192,https://www.football-data.co.uk/mmz4281/2223/E0.csv,2026-05-25
2022-23,Brighton,20,2023-02-04,Bournemouth,H,1,0,W,3,34,11,38,27,204,https://www.football-data.co.uk/mmz4281/2223/E0.csv,2026-05-25
2022-23,Brighton,21,2023-02-11,Crystal Palace,A,1,1,D,1,35,11,39,28,213,https://www.football-data.co.uk/mmz4281/2223/E0.csv,2026-05-25
2022-23,Brighton,22,2023-02-18,Fulham,H,0,1,L,0,35,10,39,29,224,https://www.football-data.co.uk/mmz4281/2223/E0.csv,2026-05-25
2022-23,Brighton,23,2023-03-04,West Ham,H,4,0,W,3,38,14,43,29,245,https://www.football-data.co.uk/mmz4281/2223/E0.csv,2026-05-25
2022-23,Brighton,24,2023-03-11,Leeds,A,2,2,D,1,39,14,45,31,254,https://www.football-data.co.uk/mmz4281/2223/E0.csv,2026-05-25
2022-23,Brighton,25,2023-03-15,Crystal Palace,H,1,0,W,3,42,15,46,31,262,https://www.football-data.co.uk/mmz4281/2223/E0.csv,2026-05-25
2022-23,Brighton,26,2023-04-01,Brentford,H,3,3,D,1,43,15,49,34,274,https://www.football-data.co.uk/mmz4281/2223/E0.csv,2026-05-25
2022-23,Brighton,27,2023-04-04,Bournemouth,A,2,0,W,3,46,17,51,34,281,https://www.football-data.co.uk/mmz4281/2223/E0.csv,2026-05-25
2022-23,Brighton,28,2023-04-08,Tottenham,A,1,2,L,0,46,16,52,36,292,https://www.football-data.co.uk/mmz4281/2223/E0.csv,2026-05-25
2022-23,Brighton,29,2023-04-15,Chelsea,A,2,1,W,3,49,17,54,37,298,https://www.football-data.co.uk/mmz4281/2223/E0.csv,2026-05-25
2022-23,Brighton,30,2023-04-26,Nott'm Forest,A,1,3,L,0,49,15,55,40,318,https://www.football-data.co.uk/mmz4281/2223/E0.csv,2026-05-25
2022-23,Brighton,31,2023-04-29,Wolves,H,6,0,W,3,52,21,61,40,327,https://www.football-data.co.uk/mmz4281/2223/E0.csv,2026-05-25
2022-23,Brighton,32,2023-05-04,Man United,H,1,0,W,3,55,22,62,40,337,https://www.football-data.co.uk/mmz4281/2223/E0.csv,2026-05-25
2022-23,Brighton,33,2023-05-08,Everton,H,1,5,L,0,55,18,63,45,346,https://www.football-data.co.uk/mmz4281/2223/E0.csv,2026-05-25
2022-23,Brighton,34,2023-05-14,Arsenal,A,3,0,W,3,58,21,66,45,356,https://www.football-data.co.uk/mmz4281/2223/E0.csv,2026-05-25
2022-23,Brighton,35,2023-05-18,Newcastle,A,1,4,L,0,58,18,67,49,358,https://www.football-data.co.uk/mmz4281/2223/E0.csv,2026-05-25
2022-23,Brighton,36,2023-05-21,Southampton,H,3,1,W,3,61,20,70,50,366,https://www.football-data.co.uk/mmz4281/2223/E0.csv,2026-05-25
2022-23,Brighton,37,2023-05-24,Man City,H,1,1,D,1,62,20,71,51,369,https://www.football-data.co.uk/mmz4281/2223/E0.csv,2026-05-25
2022-23,Brighton,38,2023-05-28,Aston Villa,A,1,2,L,0,62,19,72,53,372,https://www.football-data.co.uk/mmz4281/2223/E0.csv,2026-05-25
2022-23,Chelsea,1,2022-08-06,Everton,A,1,0,W,3,3,1,1,0,7,https://www.football-data.co.uk/mmz4281/2223/E0.csv,2026-05-25
2022-23,Chelsea,2,2022-08-14,Tottenham,H,2,2,D,1,4,1,3,2,19,https://www.football-data.co.uk/mmz4281/2223/E0.csv,2026-05-25
2022-23,Chelsea,3,2022-08-21,Leeds,A,0,3,L,0,4,-2,3,5,27,https://www.football-data.co.uk/mmz4281/2223/E0.csv,2026-05-25
2022-23,Chelsea,4,2022-08-27,Leicester,H,2,1,W,3,7,-1,5,6,34,https://www.football-data.co.uk/mmz4281/2223/E0.csv,2026-05-25
2022-23,Chelsea,5,2022-08-30,Southampton,A,1,2,L,0,7,-2,6,8,43,https://www.football-data.co.uk/mmz4281/2223/E0.csv,2026-05-25
2022-23,Chelsea,6,2022-09-03,West Ham,H,2,1,W,3,10,-1,8,9,53,https://www.football-data.co.uk/mmz4281/2223/E0.csv,2026-05-25
2022-23,Chelsea,7,2022-10-01,Crystal Palace,A,2,1,W,3,13,0,10,10,70,https://www.football-data.co.uk/mmz4281/2223/E0.csv,2026-05-25
2022-23,Chelsea,8,2022-10-08,Wolves,H,3,0,W,3,16,3,13,10,79,https://www.football-data.co.uk/mmz4281/2223/E0.csv,2026-05-25
2022-23,Chelsea,9,2022-10-16,Aston Villa,A,2,0,W,3,19,5,15,10,93,https://www.football-data.co.uk/mmz4281/2223/E0.csv,2026-05-25
2022-23,Chelsea,10,2022-10-19,Brentford,A,0,0,D,1,20,5,15,10,101,https://www.football-data.co.uk/mmz4281/2223/E0.csv,2026-05-25
2022-23,Chelsea,11,2022-10-22,Man United,H,1,1,D,1,21,5,16,11,110,https://www.football-data.co.uk/mmz4281/2223/E0.csv,2026-05-25
2022-23,Chelsea,12,2022-10-29,Brighton,A,1,4,L,0,21,2,17,15,120,https://www.football-data.co.uk/mmz4281/2223/E0.csv,2026-05-25
2022-23,Chelsea,13,2022-11-06,Arsenal,H,0,1,L,0,21,1,17,16,132,https://www.football-data.co.uk/mmz4281/2223/E0.csv,2026-05-25
2022-23,Chelsea,14,2022-11-12,Newcastle,A,0,1,L,0,21,0,17,17,143,https://www.football-data.co.uk/mmz4281/2223/E0.csv,2026-05-25
2022-23,Chelsea,15,2022-12-27,Bournemouth,H,2,0,W,3,24,2,19,17,154,https://www.football-data.co.uk/mmz4281/2223/E0.csv,2026-05-25
2022-23,Chelsea,16,2023-01-01,Nott'm Forest,A,1,1,D,1,25,2,20,18,166,https://www.football-data.co.uk/mmz4281/2223/E0.csv,2026-05-25
2022-23,Chelsea,17,2023-01-05,Man City,H,0,1,L,0,25,1,20,19,176,https://www.football-data.co.uk/mmz4281/2223/E0.csv,2026-05-25
2022-23,Chelsea,18,2023-01-12,Fulham,A,1,2,L,0,25,0,21,21,177,https://www.football-data.co.uk/mmz4281/2223/E0.csv,2026-05-25
2022-23,Chelsea,19,2023-01-15,Crystal Palace,H,1,0,W,3,28,1,22,21,185,https://www.football-data.co.uk/mmz4281/2223/E0.csv,2026-05-25
2022-23,Chelsea,20,2023-01-21,Liverpool,A,0,0,D,1,29,1,22,21,190,https://www.football-data.co.uk/mmz4281/2223/E0.csv,2026-05-25
2022-23,Chelsea,21,2023-02-03,Fulham,H,0,0,D,1,30,1,22,21,200,https://www.football-data.co.uk/mmz4281/2223/E0.csv,2026-05-25
2022-23,Chelsea,22,2023-02-11,West Ham,A,1,1,D,1,31,1,23,22,211,https://www.football-data.co.uk/mmz4281/2223/E0.csv,2026-05-25
2022-23,Chelsea,23,2023-02-18,Southampton,H,0,1,L,0,31,0,23,23,225,https://www.football-data.co.uk/mmz4281/2223/E0.csv,2026-05-25
2022-23,Chelsea,24,2023-02-26,Tottenham,A,0,2,L,0,31,-2,23,25,239,https://www.football-data.co.uk/mmz4281/2223/E0.csv,2026-05-25
2022-23,Chelsea,25,2023-03-04,Leeds,H,1,0,W,3,34,-1,24,25,246,https://www.football-data.co.uk/mmz4281/2223/E0.csv,2026-05-25
2022-23,Chelsea,26,2023-03-11,Leicester,A,3,1,W,3,37,1,27,26,255,https://www.football-data.co.uk/mmz4281/2223/E0.csv,2026-05-25
2022-23,Chelsea,27,2023-03-18,Everton,H,2,2,D,1,38,1,29,28,269,https://www.football-data.co.uk/mmz4281/2223/E0.csv,2026-05-25
2022-23,Chelsea,28,2023-04-01,Aston Villa,H,0,2,L,0,38,-1,29,30,277,https://www.football-data.co.uk/mmz4281/2223/E0.csv,2026-05-25
2022-23,Chelsea,29,2023-04-04,Liverpool,H,0,0,D,1,39,-1,29,30,284,https://www.football-data.co.uk/mmz4281/2223/E0.csv,2026-05-25
2022-23,Chelsea,30,2023-04-08,Wolves,A,0,1,L,0,39,-2,29,31,293,https://www.football-data.co.uk/mmz4281/2223/E0.csv,2026-05-25
2022-23,Chelsea,31,2023-04-15,Brighton,H,1,2,L,0,39,-3,30,33,298,https://www.football-data.co.uk/mmz4281/2223/E0.csv,2026-05-25
2022-23,Chelsea,32,2023-04-26,Brentford,H,0,2,L,0,39,-5,30,35,319,https://www.football-data.co.uk/mmz4281/2223/E0.csv,2026-05-25
2022-23,Chelsea,33,2023-05-02,Arsenal,A,1,3,L,0,39,-7,31,38,334,https://www.football-data.co.uk/mmz4281/2223/E0.csv,2026-05-25
2022-23,Chelsea,34,2023-05-06,Bournemouth,A,3,1,W,3,42,-5,34,39,338,https://www.football-data.co.uk/mmz4281/2223/E0.csv,2026-05-25
2022-23,Chelsea,35,2023-05-13,Nott'm Forest,H,2,2,D,1,43,-5,36,41,350,https://www.football-data.co.uk/mmz4281/2223/E0.csv,2026-05-25
2022-23,Chelsea,36,2023-05-21,Man City,A,0,1,L,0,43,-6,36,42,367,https://www.football-data.co.uk/mmz4281/2223/E0.csv,2026-05-25
2022-23,Chelsea,37,2023-05-25,Man United,A,1,4,L,0,43,-9,37,46,370,https://www.football-data.co.uk/mmz4281/2223/E0.csv,2026-05-25
2022-23,Chelsea,38,2023-05-28,Newcastle,H,1,1,D,1,44,-9,38,47,374,https://www.football-data.co.uk/mmz4281/2223/E0.csv,2026-05-25
2022-23,Crystal Palace,1,2022-08-05,Arsenal,H,0,2,L,0,0,-2,0,2,1,https://www.football-data.co.uk/mmz4281/2223/E0.csv,2026-05-25
2022-23,Crystal Palace,2,2022-08-15,Liverpool,A,1,1,D,1,1,-2,1,3,20,https://www.football-data.co.uk/mmz4281/2223/E0.csv,2026-05-25
2022-23,Crystal Palace,3,2022-08-20,Aston Villa,H,3,1,W,3,4,0,4,4,22,https://www.football-data.co.uk/mmz4281/2223/E0.csv,2026-05-25
2022-23,Crystal Palace,4,2022-08-27,Man City,A,2,4,L,0,4,-2,6,8,36,https://www.football-data.co.uk/mmz4281/2223/E0.csv,2026-05-25
2022-23,Crystal Palace,5,2022-08-30,Brentford,H,1,1,D,1,5,-2,7,9,41,https://www.football-data.co.uk/mmz4281/2223/E0.csv,2026-05-25
2022-23,Crystal Palace,6,2022-09-03,Newcastle,A,0,0,D,1,6,-2,7,9,54,https://www.football-data.co.uk/mmz4281/2223/E0.csv,2026-05-25
2022-23,Crystal Palace,7,2022-10-01,Chelsea,H,1,2,L,0,6,-3,8,11,70,https://www.football-data.co.uk/mmz4281/2223/E0.csv,2026-05-25
2022-23,Crystal Palace,8,2022-10-09,Leeds,H,2,1,W,3,9,-2,10,12,83,https://www.football-data.co.uk/mmz4281/2223/E0.csv,2026-05-25
2022-23,Crystal Palace,9,2022-10-15,Leicester,A,0,0,D,1,10,-2,10,12,89,https://www.football-data.co.uk/mmz4281/2223/E0.csv,2026-05-25
2022-23,Crystal Palace,10,2022-10-18,Wolves,H,2,1,W,3,13,-1,12,13,99,https://www.football-data.co.uk/mmz4281/2223/E0.csv,2026-05-25
2022-23,Crystal Palace,11,2022-10-22,Everton,A,0,3,L,0,13,-4,12,16,108,https://www.football-data.co.uk/mmz4281/2223/E0.csv,2026-05-25
2022-23,Crystal Palace,12,2022-10-29,Southampton,H,1,0,W,3,16,-3,13,16,121,https://www.football-data.co.uk/mmz4281/2223/E0.csv,2026-05-25
2022-23,Crystal Palace,13,2022-11-06,West Ham,A,2,1,W,3,19,-2,15,17,135,https://www.football-data.co.uk/mmz4281/2223/E0.csv,2026-05-25
2022-23,Crystal Palace,14,2022-11-12,Nott'm Forest,A,0,1,L,0,19,-3,15,18,140,https://www.football-data.co.uk/mmz4281/2223/E0.csv,2026-05-25
2022-23,Crystal Palace,15,2022-12-26,Fulham,H,0,3,L,0,19,-6,15,21,148,https://www.football-data.co.uk/mmz4281/2223/E0.csv,2026-05-25
2022-23,Crystal Palace,16,2022-12-31,Bournemouth,A,2,0,W,3,22,-4,17,21,160,https://www.football-data.co.uk/mmz4281/2223/E0.csv,2026-05-25
2022-23,Crystal Palace,17,2023-01-04,Tottenham,H,0,4,L,0,22,-8,17,25,175,https://www.football-data.co.uk/mmz4281/2223/E0.csv,2026-05-25
2022-23,Crystal Palace,18,2023-01-15,Chelsea,A,0,1,L,0,22,-9,17,26,185,https://www.football-data.co.uk/mmz4281/2223/E0.csv,2026-05-25
2022-23,Crystal Palace,19,2023-01-18,Man United,H,1,1,D,1,23,-9,18,27,188,https://www.football-data.co.uk/mmz4281/2223/E0.csv,2026-05-25
2022-23,Crystal Palace,20,2023-01-21,Newcastle,H,0,0,D,1,24,-9,18,27,195,https://www.football-data.co.uk/mmz4281/2223/E0.csv,2026-05-25
2022-23,Crystal Palace,21,2023-02-04,Man United,A,1,2,L,0,24,-10,19,29,205,https://www.football-data.co.uk/mmz4281/2223/E0.csv,2026-05-25
2022-23,Crystal Palace,22,2023-02-11,Brighton,H,1,1,D,1,25,-10,20,30,213,https://www.football-data.co.uk/mmz4281/2223/E0.csv,2026-05-25
2022-23,Crystal Palace,23,2023-02-18,Brentford,A,1,1,D,1,26,-10,21,31,223,https://www.football-data.co.uk/mmz4281/2223/E0.csv,2026-05-25
2022-23,Crystal Palace,24,2023-02-25,Liverpool,H,0,0,D,1,27,-10,21,31,238,https://www.football-data.co.uk/mmz4281/2223/E0.csv,2026-05-25
2022-23,Crystal Palace,25,2023-03-04,Aston Villa,A,0,1,L,0,27,-11,21,32,244,https://www.football-data.co.uk/mmz4281/2223/E0.csv,2026-05-25
2022-23,Crystal Palace,26,2023-03-11,Man City,H,0,1,L,0,27,-12,21,33,257,https://www.football-data.co.uk/mmz4281/2223/E0.csv,2026-05-25
2022-23,Crystal Palace,27,2023-03-15,Brighton,A,0,1,L,0,27,-13,21,34,262,https://www.football-data.co.uk/mmz4281/2223/E0.csv,2026-05-25
2022-23,Crystal Palace,28,2023-03-19,Arsenal,A,1,4,L,0,27,-16,22,38,270,https://www.football-data.co.uk/mmz4281/2223/E0.csv,2026-05-25
2022-23,Crystal Palace,29,2023-04-01,Leicester,H,2,1,W,3,30,-15,24,39,275,https://www.football-data.co.uk/mmz4281/2223/E0.csv,2026-05-25
2022-23,Crystal Palace,30,2023-04-09,Leeds,A,5,1,W,3,33,-11,29,40,295,https://www.football-data.co.uk/mmz4281/2223/E0.csv,2026-05-25
2022-23,Crystal Palace,31,2023-04-15,Southampton,A,2,0,W,3,36,-9,31,40,300,https://www.football-data.co.uk/mmz4281/2223/E0.csv,2026-05-25
2022-23,Crystal Palace,32,2023-04-22,Everton,H,0,0,D,1,37,-9,31,40,310,https://www.football-data.co.uk/mmz4281/2223/E0.csv,2026-05-25
2022-23,Crystal Palace,33,2023-04-25,Wolves,A,0,2,L,0,37,-11,31,42,315,https://www.football-data.co.uk/mmz4281/2223/E0.csv,2026-05-25
2022-23,Crystal Palace,34,2023-04-29,West Ham,H,4,3,W,3,40,-10,35,45,325,https://www.football-data.co.uk/mmz4281/2223/E0.csv,2026-05-25
2022-23,Crystal Palace,35,2023-05-06,Tottenham,A,0,1,L,0,40,-11,35,46,340,https://www.football-data.co.uk/mmz4281/2223/E0.csv,2026-05-25
2022-23,Crystal Palace,36,2023-05-13,Bournemouth,H,2,0,W,3,43,-9,37,46,351,https://www.football-data.co.uk/mmz4281/2223/E0.csv,2026-05-25
2022-23,Crystal Palace,37,2023-05-20,Fulham,A,2,2,D,1,44,-9,39,48,361,https://www.football-data.co.uk/mmz4281/2223/E0.csv,2026-05-25
2022-23,Crystal Palace,38,2023-05-28,Nott'm Forest,H,1,1,D,1,45,-9,40,49,375,https://www.football-data.co.uk/mmz4281/2223/E0.csv,2026-05-25
2022-23,Everton,1,2022-08-06,Chelsea,H,0,1,L,0,0,-1,0,1,7,https://www.football-data.co.uk/mmz4281/2223/E0.csv,2026-05-25
2022-23,Everton,2,2022-08-13,Aston Villa,A,1,2,L,0,0,-2,1,3,11,https://www.football-data.co.uk/mmz4281/2223/E0.csv,2026-05-25
2022-23,Everton,3,2022-08-20,Nott'm Forest,H,1,1,D,1,1,-2,2,4,23,https://www.football-data.co.uk/mmz4281/2223/E0.csv,2026-05-25
2022-23,Everton,4,2022-08-27,Brentford,A,1,1,D,1,2,-2,3,5,32,https://www.football-data.co.uk/mmz4281/2223/E0.csv,2026-05-25
2022-23,Everton,5,2022-08-30,Leeds,A,1,1,D,1,3,-2,4,6,44,https://www.football-data.co.uk/mmz4281/2223/E0.csv,2026-05-25
2022-23,Everton,6,2022-09-03,Liverpool,H,0,0,D,1,4,-2,4,6,51,https://www.football-data.co.uk/mmz4281/2223/E0.csv,2026-05-25
2022-23,Everton,7,2022-09-18,West Ham,H,1,0,W,3,7,-1,5,6,67,https://www.football-data.co.uk/mmz4281/2223/E0.csv,2026-05-25
2022-23,Everton,8,2022-10-01,Southampton,A,2,1,W,3,10,0,7,7,73,https://www.football-data.co.uk/mmz4281/2223/E0.csv,2026-05-25
2022-23,Everton,9,2022-10-09,Man United,H,1,2,L,0,10,-1,8,9,86,https://www.football-data.co.uk/mmz4281/2223/E0.csv,2026-05-25
2022-23,Everton,10,2022-10-15,Tottenham,A,0,2,L,0,10,-3,8,11,92,https://www.football-data.co.uk/mmz4281/2223/E0.csv,2026-05-25
2022-23,Everton,11,2022-10-19,Newcastle,A,0,1,L,0,10,-4,8,12,103,https://www.football-data.co.uk/mmz4281/2223/E0.csv,2026-05-25
2022-23,Everton,12,2022-10-22,Crystal Palace,H,3,0,W,3,13,-1,11,12,108,https://www.football-data.co.uk/mmz4281/2223/E0.csv,2026-05-25
2022-23,Everton,13,2022-10-29,Fulham,A,0,0,D,1,14,-1,11,12,123,https://www.football-data.co.uk/mmz4281/2223/E0.csv,2026-05-25
2022-23,Everton,14,2022-11-05,Leicester,H,0,2,L,0,14,-3,11,14,131,https://www.football-data.co.uk/mmz4281/2223/E0.csv,2026-05-25
2022-23,Everton,15,2022-11-12,Bournemouth,A,0,3,L,0,14,-6,11,17,138,https://www.football-data.co.uk/mmz4281/2223/E0.csv,2026-05-25
2022-23,Everton,16,2022-12-26,Wolves,H,1,2,L,0,14,-7,12,19,149,https://www.football-data.co.uk/mmz4281/2223/E0.csv,2026-05-25
2022-23,Everton,17,2022-12-31,Man City,A,1,1,D,1,15,-7,13,20,162,https://www.football-data.co.uk/mmz4281/2223/E0.csv,2026-05-25
2022-23,Everton,18,2023-01-03,Brighton,H,1,4,L,0,15,-10,14,24,169,https://www.football-data.co.uk/mmz4281/2223/E0.csv,2026-05-25
2022-23,Everton,19,2023-01-14,Southampton,H,1,2,L,0,15,-11,15,26,181,https://www.football-data.co.uk/mmz4281/2223/E0.csv,2026-05-25
2022-23,Everton,20,2023-01-21,West Ham,A,0,2,L,0,15,-13,15,28,194,https://www.football-data.co.uk/mmz4281/2223/E0.csv,2026-05-25
2022-23,Everton,21,2023-02-04,Arsenal,H,1,0,W,3,18,-12,16,28,201,https://www.football-data.co.uk/mmz4281/2223/E0.csv,2026-05-25
2022-23,Everton,22,2023-02-13,Liverpool,A,0,2,L,0,18,-14,16,30,220,https://www.football-data.co.uk/mmz4281/2223/E0.csv,2026-05-25
2022-23,Everton,23,2023-02-18,Leeds,H,1,0,W,3,21,-13,17,30,226,https://www.football-data.co.uk/mmz4281/2223/E0.csv,2026-05-25
2022-23,Everton,24,2023-02-25,Aston Villa,H,0,2,L,0,21,-15,17,32,233,https://www.football-data.co.uk/mmz4281/2223/E0.csv,2026-05-25
2022-23,Everton,25,2023-03-01,Arsenal,A,0,4,L,0,21,-19,17,36,240,https://www.football-data.co.uk/mmz4281/2223/E0.csv,2026-05-25
2022-23,Everton,26,2023-03-05,Nott'm Forest,A,2,2,D,1,22,-19,19,38,249,https://www.football-data.co.uk/mmz4281/2223/E0.csv,2026-05-25
2022-23,Everton,27,2023-03-11,Brentford,H,1,0,W,3,25,-18,20,38,253,https://www.football-data.co.uk/mmz4281/2223/E0.csv,2026-05-25
2022-23,Everton,28,2023-03-18,Chelsea,A,2,2,D,1,26,-18,22,40,269,https://www.football-data.co.uk/mmz4281/2223/E0.csv,2026-05-25
2022-23,Everton,29,2023-04-03,Tottenham,H,1,1,D,1,27,-18,23,41,280,https://www.football-data.co.uk/mmz4281/2223/E0.csv,2026-05-25
2022-23,Everton,30,2023-04-08,Man United,A,0,2,L,0,27,-20,23,43,287,https://www.football-data.co.uk/mmz4281/2223/E0.csv,2026-05-25
2022-23,Everton,31,2023-04-15,Fulham,H,1,3,L,0,27,-22,24,46,299,https://www.football-data.co.uk/mmz4281/2223/E0.csv,2026-05-25
2022-23,Everton,32,2023-04-22,Crystal Palace,A,0,0,D,1,28,-22,24,46,310,https://www.football-data.co.uk/mmz4281/2223/E0.csv,2026-05-25
2022-23,Everton,33,2023-04-27,Newcastle,H,1,4,L,0,28,-25,25,50,322,https://www.football-data.co.uk/mmz4281/2223/E0.csv,2026-05-25
2022-23,Everton,34,2023-05-01,Leicester,A,2,2,D,1,29,-25,27,52,333,https://www.football-data.co.uk/mmz4281/2223/E0.csv,2026-05-25
2022-23,Everton,35,2023-05-08,Brighton,A,5,1,W,3,32,-21,32,53,346,https://www.football-data.co.uk/mmz4281/2223/E0.csv,2026-05-25
2022-23,Everton,36,2023-05-14,Man City,H,0,3,L,0,32,-24,32,56,355,https://www.football-data.co.uk/mmz4281/2223/E0.csv,2026-05-25
2022-23,Everton,37,2023-05-20,Wolves,A,1,1,D,1,33,-24,33,57,363,https://www.football-data.co.uk/mmz4281/2223/E0.csv,2026-05-25
2022-23,Everton,38,2023-05-28,Bournemouth,H,1,0,W,3,36,-23,34,57,376,https://www.football-data.co.uk/mmz4281/2223/E0.csv,2026-05-25
2022-23,Fulham,1,2022-08-06,Liverpool,H,2,2,D,1,1,0,2,2,2,https://www.football-data.co.uk/mmz4281/2223/E0.csv,2026-05-25
2022-23,Fulham,2,2022-08-13,Wolves,A,0,0,D,1,2,0,2,2,16,https://www.football-data.co.uk/mmz4281/2223/E0.csv,2026-05-25
2022-23,Fulham,3,2022-08-20,Brentford,H,3,2,W,3,5,1,5,4,24,https://www.football-data.co.uk/mmz4281/2223/E0.csv,2026-05-25
2022-23,Fulham,4,2022-08-27,Arsenal,A,1,2,L,0,5,0,6,6,37,https://www.football-data.co.uk/mmz4281/2223/E0.csv,2026-05-25
2022-23,Fulham,5,2022-08-30,Brighton,H,2,1,W,3,8,1,8,7,42,https://www.football-data.co.uk/mmz4281/2223/E0.csv,2026-05-25
2022-23,Fulham,6,2022-09-03,Tottenham,A,1,2,L,0,8,0,9,9,56,https://www.football-data.co.uk/mmz4281/2223/E0.csv,2026-05-25
2022-23,Fulham,7,2022-09-16,Nott'm Forest,A,3,2,W,3,11,1,12,11,62,https://www.football-data.co.uk/mmz4281/2223/E0.csv,2026-05-25
2022-23,Fulham,8,2022-10-01,Newcastle,H,1,4,L,0,11,-2,13,15,71,https://www.football-data.co.uk/mmz4281/2223/E0.csv,2026-05-25
2022-23,Fulham,9,2022-10-09,West Ham,A,1,3,L,0,11,-4,14,18,84,https://www.football-data.co.uk/mmz4281/2223/E0.csv,2026-05-25
2022-23,Fulham,10,2022-10-15,Bournemouth,H,2,2,D,1,12,-4,16,20,90,https://www.football-data.co.uk/mmz4281/2223/E0.csv,2026-05-25
2022-23,Fulham,11,2022-10-20,Aston Villa,H,3,0,W,3,15,-1,19,20,105,https://www.football-data.co.uk/mmz4281/2223/E0.csv,2026-05-25
2022-23,Fulham,12,2022-10-23,Leeds,A,3,2,W,3,18,0,22,22,112,https://www.football-data.co.uk/mmz4281/2223/E0.csv,2026-05-25
2022-23,Fulham,13,2022-10-29,Everton,H,0,0,D,1,19,0,22,22,123,https://www.football-data.co.uk/mmz4281/2223/E0.csv,2026-05-25
2022-23,Fulham,14,2022-11-05,Man City,A,1,2,L,0,19,-1,23,24,128,https://www.football-data.co.uk/mmz4281/2223/E0.csv,2026-05-25
2022-23,Fulham,15,2022-11-13,Man United,H,1,2,L,0,19,-2,24,26,146,https://www.football-data.co.uk/mmz4281/2223/E0.csv,2026-05-25
2022-23,Fulham,16,2022-12-26,Crystal Palace,A,3,0,W,3,22,1,27,26,148,https://www.football-data.co.uk/mmz4281/2223/E0.csv,2026-05-25
2022-23,Fulham,17,2022-12-31,Southampton,H,2,1,W,3,25,2,29,27,161,https://www.football-data.co.uk/mmz4281/2223/E0.csv,2026-05-25
2022-23,Fulham,18,2023-01-03,Leicester,A,1,0,W,3,28,3,30,27,170,https://www.football-data.co.uk/mmz4281/2223/E0.csv,2026-05-25
2022-23,Fulham,19,2023-01-12,Chelsea,H,2,1,W,3,31,4,32,28,177,https://www.football-data.co.uk/mmz4281/2223/E0.csv,2026-05-25
2022-23,Fulham,20,2023-01-15,Newcastle,A,0,1,L,0,31,3,32,29,186,https://www.football-data.co.uk/mmz4281/2223/E0.csv,2026-05-25
2022-23,Fulham,21,2023-01-23,Tottenham,H,0,1,L,0,31,2,32,30,199,https://www.football-data.co.uk/mmz4281/2223/E0.csv,2026-05-25
2022-23,Fulham,22,2023-02-03,Chelsea,A,0,0,D,1,32,2,32,30,200,https://www.football-data.co.uk/mmz4281/2223/E0.csv,2026-05-25
2022-23,Fulham,23,2023-02-11,Nott'm Forest,H,2,0,W,3,35,4,34,30,214,https://www.football-data.co.uk/mmz4281/2223/E0.csv,2026-05-25
2022-23,Fulham,24,2023-02-18,Brighton,A,1,0,W,3,38,5,35,30,224,https://www.football-data.co.uk/mmz4281/2223/E0.csv,2026-05-25
2022-23,Fulham,25,2023-02-24,Wolves,H,1,1,D,1,39,5,36,31,232,https://www.football-data.co.uk/mmz4281/2223/E0.csv,2026-05-25
2022-23,Fulham,26,2023-03-06,Brentford,A,2,3,L,0,39,4,38,34,251,https://www.football-data.co.uk/mmz4281/2223/E0.csv,2026-05-25
2022-23,Fulham,27,2023-03-12,Arsenal,H,0,3,L,0,39,1,38,37,258,https://www.football-data.co.uk/mmz4281/2223/E0.csv,2026-05-25
2022-23,Fulham,28,2023-04-01,Bournemouth,A,1,2,L,0,39,0,39,39,273,https://www.football-data.co.uk/mmz4281/2223/E0.csv,2026-05-25
2022-23,Fulham,29,2023-04-08,West Ham,H,0,1,L,0,39,-1,39,40,290,https://www.football-data.co.uk/mmz4281/2223/E0.csv,2026-05-25
2022-23,Fulham,30,2023-04-15,Everton,A,3,1,W,3,42,1,42,41,299,https://www.football-data.co.uk/mmz4281/2223/E0.csv,2026-05-25
2022-23,Fulham,31,2023-04-22,Leeds,H,2,1,W,3,45,2,44,42,308,https://www.football-data.co.uk/mmz4281/2223/E0.csv,2026-05-25
2022-23,Fulham,32,2023-04-25,Aston Villa,A,0,1,L,0,45,1,44,43,316,https://www.football-data.co.uk/mmz4281/2223/E0.csv,2026-05-25
2022-23,Fulham,33,2023-04-30,Man City,H,1,2,L,0,45,0,45,45,329,https://www.football-data.co.uk/mmz4281/2223/E0.csv,2026-05-25
2022-23,Fulham,34,2023-05-03,Liverpool,A,0,1,L,0,45,-1,45,46,335,https://www.football-data.co.uk/mmz4281/2223/E0.csv,2026-05-25
2022-23,Fulham,35,2023-05-08,Leicester,H,5,3,W,3,48,1,50,49,345,https://www.football-data.co.uk/mmz4281/2223/E0.csv,2026-05-25
2022-23,Fulham,36,2023-05-13,Southampton,A,2,0,W,3,51,3,52,49,353,https://www.football-data.co.uk/mmz4281/2223/E0.csv,2026-05-25
2022-23,Fulham,37,2023-05-20,Crystal Palace,H,2,2,D,1,52,3,54,51,361,https://www.football-data.co.uk/mmz4281/2223/E0.csv,2026-05-25
2022-23,Fulham,38,2023-05-28,Man United,A,1,2,L,0,52,2,55,53,379,https://www.football-data.co.uk/mmz4281/2223/E0.csv,2026-05-25
2022-23,Leeds,1,2022-08-06,Wolves,H,2,1,W,3,3,1,2,1,4,https://www.football-data.co.uk/mmz4281/2223/E0.csv,2026-05-25
2022-23,Leeds,2,2022-08-13,Southampton,A,2,2,D,1,4,1,4,3,15,https://www.football-data.co.uk/mmz4281/2223/E0.csv,2026-05-25
2022-23,Leeds,3,2022-08-21,Chelsea,H,3,0,W,3,7,4,7,3,27,https://www.football-data.co.uk/mmz4281/2223/E0.csv,2026-05-25
2022-23,Leeds,4,2022-08-27,Brighton,A,0,1,L,0,7,3,7,4,33,https://www.football-data.co.uk/mmz4281/2223/E0.csv,2026-05-25
2022-23,Leeds,5,2022-08-30,Everton,H,1,1,D,1,8,3,8,5,44,https://www.football-data.co.uk/mmz4281/2223/E0.csv,2026-05-25
2022-23,Leeds,6,2022-09-03,Brentford,A,2,5,L,0,8,0,10,10,52,https://www.football-data.co.uk/mmz4281/2223/E0.csv,2026-05-25
2022-23,Leeds,7,2022-10-02,Aston Villa,H,0,0,D,1,9,0,10,10,76,https://www.football-data.co.uk/mmz4281/2223/E0.csv,2026-05-25
2022-23,Leeds,8,2022-10-09,Crystal Palace,A,1,2,L,0,9,-1,11,12,83,https://www.football-data.co.uk/mmz4281/2223/E0.csv,2026-05-25
2022-23,Leeds,9,2022-10-16,Arsenal,H,0,1,L,0,9,-2,11,13,94,https://www.football-data.co.uk/mmz4281/2223/E0.csv,2026-05-25
2022-23,Leeds,10,2022-10-20,Leicester,A,0,2,L,0,9,-4,11,15,106,https://www.football-data.co.uk/mmz4281/2223/E0.csv,2026-05-25
2022-23,Leeds,11,2022-10-23,Fulham,H,2,3,L,0,9,-5,13,18,112,https://www.football-data.co.uk/mmz4281/2223/E0.csv,2026-05-25
2022-23,Leeds,12,2022-10-29,Liverpool,A,2,1,W,3,12,-4,15,19,124,https://www.football-data.co.uk/mmz4281/2223/E0.csv,2026-05-25
2022-23,Leeds,13,2022-11-05,Bournemouth,H,4,3,W,3,15,-3,19,22,127,https://www.football-data.co.uk/mmz4281/2223/E0.csv,2026-05-25
2022-23,Leeds,14,2022-11-12,Tottenham,A,3,4,L,0,15,-4,22,26,141,https://www.football-data.co.uk/mmz4281/2223/E0.csv,2026-05-25
2022-23,Leeds,15,2022-12-28,Man City,H,1,3,L,0,15,-6,23,29,156,https://www.football-data.co.uk/mmz4281/2223/E0.csv,2026-05-25
2022-23,Leeds,16,2022-12-31,Newcastle,A,0,0,D,1,16,-6,23,29,163,https://www.football-data.co.uk/mmz4281/2223/E0.csv,2026-05-25
2022-23,Leeds,17,2023-01-04,West Ham,H,2,2,D,1,17,-6,25,31,173,https://www.football-data.co.uk/mmz4281/2223/E0.csv,2026-05-25
2022-23,Leeds,18,2023-01-13,Aston Villa,A,1,2,L,0,17,-7,26,33,178,https://www.football-data.co.uk/mmz4281/2223/E0.csv,2026-05-25
2022-23,Leeds,19,2023-01-22,Brentford,H,0,0,D,1,18,-7,26,33,196,https://www.football-data.co.uk/mmz4281/2223/E0.csv,2026-05-25
2022-23,Leeds,20,2023-02-05,Nott'm Forest,A,0,1,L,0,18,-8,26,34,208,https://www.football-data.co.uk/mmz4281/2223/E0.csv,2026-05-25
2022-23,Leeds,21,2023-02-08,Man United,A,2,2,D,1,19,-8,28,36,210,https://www.football-data.co.uk/mmz4281/2223/E0.csv,2026-05-25
2022-23,Leeds,22,2023-02-12,Man United,H,0,2,L,0,19,-10,28,38,218,https://www.football-data.co.uk/mmz4281/2223/E0.csv,2026-05-25
2022-23,Leeds,23,2023-02-18,Everton,A,0,1,L,0,19,-11,28,39,226,https://www.football-data.co.uk/mmz4281/2223/E0.csv,2026-05-25
2022-23,Leeds,24,2023-02-25,Southampton,H,1,0,W,3,22,-10,29,39,234,https://www.football-data.co.uk/mmz4281/2223/E0.csv,2026-05-25
2022-23,Leeds,25,2023-03-04,Chelsea,A,0,1,L,0,22,-11,29,40,246,https://www.football-data.co.uk/mmz4281/2223/E0.csv,2026-05-25
2022-23,Leeds,26,2023-03-11,Brighton,H,2,2,D,1,23,-11,31,42,254,https://www.football-data.co.uk/mmz4281/2223/E0.csv,2026-05-25
2022-23,Leeds,27,2023-03-18,Wolves,A,4,2,W,3,26,-9,35,44,268,https://www.football-data.co.uk/mmz4281/2223/E0.csv,2026-05-25
2022-23,Leeds,28,2023-04-01,Arsenal,A,1,4,L,0,26,-12,36,48,272,https://www.football-data.co.uk/mmz4281/2223/E0.csv,2026-05-25
2022-23,Leeds,29,2023-04-04,Nott'm Forest,H,2,1,W,3,29,-11,38,49,282,https://www.football-data.co.uk/mmz4281/2223/E0.csv,2026-05-25
2022-23,Leeds,30,2023-04-09,Crystal Palace,H,1,5,L,0,29,-15,39,54,295,https://www.football-data.co.uk/mmz4281/2223/E0.csv,2026-05-25
2022-23,Leeds,31,2023-04-17,Liverpool,H,1,6,L,0,29,-20,40,60,306,https://www.football-data.co.uk/mmz4281/2223/E0.csv,2026-05-25
2022-23,Leeds,32,2023-04-22,Fulham,A,1,2,L,0,29,-21,41,62,308,https://www.football-data.co.uk/mmz4281/2223/E0.csv,2026-05-25
2022-23,Leeds,33,2023-04-25,Leicester,H,1,1,D,1,30,-21,42,63,317,https://www.football-data.co.uk/mmz4281/2223/E0.csv,2026-05-25
2022-23,Leeds,34,2023-04-30,Bournemouth,A,1,4,L,0,30,-24,43,67,328,https://www.football-data.co.uk/mmz4281/2223/E0.csv,2026-05-25
2022-23,Leeds,35,2023-05-06,Man City,A,1,2,L,0,30,-25,44,69,339,https://www.football-data.co.uk/mmz4281/2223/E0.csv,2026-05-25
2022-23,Leeds,36,2023-05-13,Newcastle,H,2,2,D,1,31,-25,46,71,348,https://www.football-data.co.uk/mmz4281/2223/E0.csv,2026-05-25
2022-23,Leeds,37,2023-05-21,West Ham,A,1,3,L,0,31,-27,47,74,365,https://www.football-data.co.uk/mmz4281/2223/E0.csv,2026-05-25
2022-23,Leeds,38,2023-05-28,Tottenham,H,1,4,L,0,31,-30,48,78,377,https://www.football-data.co.uk/mmz4281/2223/E0.csv,2026-05-25
2022-23,Leicester,1,2022-08-07,Brentford,H,2,2,D,1,1,0,2,2,8,https://www.football-data.co.uk/mmz4281/2223/E0.csv,2026-05-25
2022-23,Leicester,2,2022-08-13,Arsenal,A,2,4,L,0,1,-2,4,6,12,https://www.football-data.co.uk/mmz4281/2223/E0.csv,2026-05-25
2022-23,Leicester,3,2022-08-20,Southampton,H,1,2,L,0,1,-3,5,8,25,https://www.football-data.co.uk/mmz4281/2223/E0.csv,2026-05-25
2022-23,Leicester,4,2022-08-27,Chelsea,A,1,2,L,0,1,-4,6,10,34,https://www.football-data.co.uk/mmz4281/2223/E0.csv,2026-05-25
2022-23,Leicester,5,2022-09-01,Man United,H,0,1,L,0,1,-5,6,11,50,https://www.football-data.co.uk/mmz4281/2223/E0.csv,2026-05-25
2022-23,Leicester,6,2022-09-04,Brighton,A,2,5,L,0,1,-8,8,16,59,https://www.football-data.co.uk/mmz4281/2223/E0.csv,2026-05-25
2022-23,Leicester,7,2022-09-17,Tottenham,A,2,6,L,0,1,-12,10,22,65,https://www.football-data.co.uk/mmz4281/2223/E0.csv,2026-05-25
2022-23,Leicester,8,2022-10-03,Nott'm Forest,H,4,0,W,3,4,-8,14,22,77,https://www.football-data.co.uk/mmz4281/2223/E0.csv,2026-05-25
2022-23,Leicester,9,2022-10-08,Bournemouth,A,1,2,L,0,4,-9,15,24,78,https://www.football-data.co.uk/mmz4281/2223/E0.csv,2026-05-25
2022-23,Leicester,10,2022-10-15,Crystal Palace,H,0,0,D,1,5,-9,15,24,89,https://www.football-data.co.uk/mmz4281/2223/E0.csv,2026-05-25
2022-23,Leicester,11,2022-10-20,Leeds,H,2,0,W,3,8,-7,17,24,106,https://www.football-data.co.uk/mmz4281/2223/E0.csv,2026-05-25
2022-23,Leicester,12,2022-10-23,Wolves,A,4,0,W,3,11,-3,21,24,114,https://www.football-data.co.uk/mmz4281/2223/E0.csv,2026-05-25
2022-23,Leicester,13,2022-10-29,Man City,H,0,1,L,0,11,-4,21,25,117,https://www.football-data.co.uk/mmz4281/2223/E0.csv,2026-05-25
2022-23,Leicester,14,2022-11-05,Everton,A,2,0,W,3,14,-2,23,25,131,https://www.football-data.co.uk/mmz4281/2223/E0.csv,2026-05-25
2022-23,Leicester,15,2022-11-12,West Ham,A,2,0,W,3,17,0,25,25,142,https://www.football-data.co.uk/mmz4281/2223/E0.csv,2026-05-25
2022-23,Leicester,16,2022-12-26,Newcastle,H,0,3,L,0,17,-3,25,28,150,https://www.football-data.co.uk/mmz4281/2223/E0.csv,2026-05-25
2022-23,Leicester,17,2022-12-30,Liverpool,A,1,2,L,0,17,-4,26,30,158,https://www.football-data.co.uk/mmz4281/2223/E0.csv,2026-05-25
2022-23,Leicester,18,2023-01-03,Fulham,H,0,1,L,0,17,-5,26,31,170,https://www.football-data.co.uk/mmz4281/2223/E0.csv,2026-05-25
2022-23,Leicester,19,2023-01-14,Nott'm Forest,A,0,2,L,0,17,-7,26,33,182,https://www.football-data.co.uk/mmz4281/2223/E0.csv,2026-05-25
2022-23,Leicester,20,2023-01-21,Brighton,H,2,2,D,1,18,-7,28,35,192,https://www.football-data.co.uk/mmz4281/2223/E0.csv,2026-05-25
2022-23,Leicester,21,2023-02-04,Aston Villa,A,4,2,W,3,21,-5,32,37,202,https://www.football-data.co.uk/mmz4281/2223/E0.csv,2026-05-25
2022-23,Leicester,22,2023-02-11,Tottenham,H,4,1,W,3,24,-2,36,38,215,https://www.football-data.co.uk/mmz4281/2223/E0.csv,2026-05-25
2022-23,Leicester,23,2023-02-19,Man United,A,0,3,L,0,24,-5,36,41,230,https://www.football-data.co.uk/mmz4281/2223/E0.csv,2026-05-25
2022-23,Leicester,24,2023-02-25,Arsenal,H,0,1,L,0,24,-6,36,42,235,https://www.football-data.co.uk/mmz4281/2223/E0.csv,2026-05-25
2022-23,Leicester,25,2023-03-04,Southampton,A,0,1,L,0,24,-7,36,43,248,https://www.football-data.co.uk/mmz4281/2223/E0.csv,2026-05-25
2022-23,Leicester,26,2023-03-11,Chelsea,H,1,3,L,0,24,-9,37,46,255,https://www.football-data.co.uk/mmz4281/2223/E0.csv,2026-05-25
2022-23,Leicester,27,2023-03-18,Brentford,A,1,1,D,1,25,-9,38,47,266,https://www.football-data.co.uk/mmz4281/2223/E0.csv,2026-05-25
2022-23,Leicester,28,2023-04-01,Crystal Palace,A,1,2,L,0,25,-10,39,49,275,https://www.football-data.co.uk/mmz4281/2223/E0.csv,2026-05-25
2022-23,Leicester,29,2023-04-04,Aston Villa,H,1,2,L,0,25,-11,40,51,283,https://www.football-data.co.uk/mmz4281/2223/E0.csv,2026-05-25
2022-23,Leicester,30,2023-04-08,Bournemouth,H,0,1,L,0,25,-12,40,52,291,https://www.football-data.co.uk/mmz4281/2223/E0.csv,2026-05-25
2022-23,Leicester,31,2023-04-15,Man City,A,1,3,L,0,25,-14,41,55,303,https://www.football-data.co.uk/mmz4281/2223/E0.csv,2026-05-25
2022-23,Leicester,32,2023-04-22,Wolves,H,2,1,W,3,28,-13,43,56,311,https://www.football-data.co.uk/mmz4281/2223/E0.csv,2026-05-25
2022-23,Leicester,33,2023-04-25,Leeds,A,1,1,D,1,29,-13,44,57,317,https://www.football-data.co.uk/mmz4281/2223/E0.csv,2026-05-25
2022-23,Leicester,34,2023-05-01,Everton,H,2,2,D,1,30,-13,46,59,333,https://www.football-data.co.uk/mmz4281/2223/E0.csv,2026-05-25
2022-23,Leicester,35,2023-05-08,Fulham,A,3,5,L,0,30,-15,49,64,345,https://www.football-data.co.uk/mmz4281/2223/E0.csv,2026-05-25
2022-23,Leicester,36,2023-05-15,Liverpool,H,0,3,L,0,30,-18,49,67,357,https://www.football-data.co.uk/mmz4281/2223/E0.csv,2026-05-25
2022-23,Leicester,37,2023-05-22,Newcastle,A,0,0,D,1,31,-18,49,67,368,https://www.football-data.co.uk/mmz4281/2223/E0.csv,2026-05-25
2022-23,Leicester,38,2023-05-28,West Ham,H,2,1,W,3,34,-17,51,68,378,https://www.football-data.co.uk/mmz4281/2223/E0.csv,2026-05-25
2022-23,Liverpool,1,2022-08-06,Fulham,A,2,2,D,1,1,0,2,2,2,https://www.football-data.co.uk/mmz4281/2223/E0.csv,2026-05-25
2022-23,Liverpool,2,2022-08-15,Crystal Palace,H,1,1,D,1,2,0,3,3,20,https://www.football-data.co.uk/mmz4281/2223/E0.csv,2026-05-25
2022-23,Liverpool,3,2022-08-22,Man United,A,1,2,L,0,2,-1,4,5,30,https://www.football-data.co.uk/mmz4281/2223/E0.csv,2026-05-25
2022-23,Liverpool,4,2022-08-27,Bournemouth,H,9,0,W,3,5,8,13,5,35,https://www.football-data.co.uk/mmz4281/2223/E0.csv,2026-05-25
2022-23,Liverpool,5,2022-08-31,Newcastle,H,2,1,W,3,8,9,15,6,49,https://www.football-data.co.uk/mmz4281/2223/E0.csv,2026-05-25
2022-23,Liverpool,6,2022-09-03,Everton,A,0,0,D,1,9,9,15,6,51,https://www.football-data.co.uk/mmz4281/2223/E0.csv,2026-05-25
2022-23,Liverpool,7,2022-10-01,Brighton,H,3,3,D,1,10,9,18,9,72,https://www.football-data.co.uk/mmz4281/2223/E0.csv,2026-05-25
2022-23,Liverpool,8,2022-10-09,Arsenal,A,2,3,L,0,10,8,20,12,85,https://www.football-data.co.uk/mmz4281/2223/E0.csv,2026-05-25
2022-23,Liverpool,9,2022-10-16,Man City,H,1,0,W,3,13,9,21,12,97,https://www.football-data.co.uk/mmz4281/2223/E0.csv,2026-05-25
2022-23,Liverpool,10,2022-10-19,West Ham,H,1,0,W,3,16,10,22,12,102,https://www.football-data.co.uk/mmz4281/2223/E0.csv,2026-05-25
2022-23,Liverpool,11,2022-10-22,Nott'm Forest,A,0,1,L,0,16,9,22,13,107,https://www.football-data.co.uk/mmz4281/2223/E0.csv,2026-05-25
2022-23,Liverpool,12,2022-10-29,Leeds,H,1,2,L,0,16,8,23,15,124,https://www.football-data.co.uk/mmz4281/2223/E0.csv,2026-05-25
2022-23,Liverpool,13,2022-11-06,Tottenham,A,2,1,W,3,19,9,25,16,136,https://www.football-data.co.uk/mmz4281/2223/E0.csv,2026-05-25
2022-23,Liverpool,14,2022-11-12,Southampton,H,3,1,W,3,22,11,28,17,139,https://www.football-data.co.uk/mmz4281/2223/E0.csv,2026-05-25
2022-23,Liverpool,15,2022-12-26,Aston Villa,A,3,1,W,3,25,13,31,18,152,https://www.football-data.co.uk/mmz4281/2223/E0.csv,2026-05-25
2022-23,Liverpool,16,2022-12-30,Leicester,H,2,1,W,3,28,14,33,19,158,https://www.football-data.co.uk/mmz4281/2223/E0.csv,2026-05-25
2022-23,Liverpool,17,2023-01-02,Brentford,A,1,3,L,0,28,12,34,22,167,https://www.football-data.co.uk/mmz4281/2223/E0.csv,2026-05-25
2022-23,Liverpool,18,2023-01-14,Brighton,A,0,3,L,0,28,9,34,25,180,https://www.football-data.co.uk/mmz4281/2223/E0.csv,2026-05-25
2022-23,Liverpool,19,2023-01-21,Chelsea,H,0,0,D,1,29,9,34,25,190,https://www.football-data.co.uk/mmz4281/2223/E0.csv,2026-05-25
2022-23,Liverpool,20,2023-02-04,Wolves,A,0,3,L,0,29,6,34,28,206,https://www.football-data.co.uk/mmz4281/2223/E0.csv,2026-05-25
2022-23,Liverpool,21,2023-02-13,Everton,H,2,0,W,3,32,8,36,28,220,https://www.football-data.co.uk/mmz4281/2223/E0.csv,2026-05-25
2022-23,Liverpool,22,2023-02-18,Newcastle,A,2,0,W,3,35,10,38,28,229,https://www.football-data.co.uk/mmz4281/2223/E0.csv,2026-05-25
2022-23,Liverpool,23,2023-02-25,Crystal Palace,A,0,0,D,1,36,10,38,28,238,https://www.football-data.co.uk/mmz4281/2223/E0.csv,2026-05-25
2022-23,Liverpool,24,2023-03-01,Wolves,H,2,0,W,3,39,12,40,28,241,https://www.football-data.co.uk/mmz4281/2223/E0.csv,2026-05-25
2022-23,Liverpool,25,2023-03-05,Man United,H,7,0,W,3,42,19,47,28,250,https://www.football-data.co.uk/mmz4281/2223/E0.csv,2026-05-25
2022-23,Liverpool,26,2023-03-11,Bournemouth,A,0,1,L,0,42,18,47,29,252,https://www.football-data.co.uk/mmz4281/2223/E0.csv,2026-05-25
2022-23,Liverpool,27,2023-04-01,Man City,A,1,4,L,0,42,15,48,33,271,https://www.football-data.co.uk/mmz4281/2223/E0.csv,2026-05-25
2022-23,Liverpool,28,2023-04-04,Chelsea,A,0,0,D,1,43,15,48,33,284,https://www.football-data.co.uk/mmz4281/2223/E0.csv,2026-05-25
2022-23,Liverpool,29,2023-04-09,Arsenal,H,2,2,D,1,44,15,50,35,296,https://www.football-data.co.uk/mmz4281/2223/E0.csv,2026-05-25
2022-23,Liverpool,30,2023-04-17,Leeds,A,6,1,W,3,47,20,56,36,306,https://www.football-data.co.uk/mmz4281/2223/E0.csv,2026-05-25
2022-23,Liverpool,31,2023-04-22,Nott'm Forest,H,3,2,W,3,50,21,59,38,312,https://www.football-data.co.uk/mmz4281/2223/E0.csv,2026-05-25
2022-23,Liverpool,32,2023-04-26,West Ham,A,2,1,W,3,53,22,61,39,320,https://www.football-data.co.uk/mmz4281/2223/E0.csv,2026-05-25
2022-23,Liverpool,33,2023-04-30,Tottenham,H,4,3,W,3,56,23,65,42,332,https://www.football-data.co.uk/mmz4281/2223/E0.csv,2026-05-25
2022-23,Liverpool,34,2023-05-03,Fulham,H,1,0,W,3,59,24,66,42,335,https://www.football-data.co.uk/mmz4281/2223/E0.csv,2026-05-25
2022-23,Liverpool,35,2023-05-06,Brentford,H,1,0,W,3,62,25,67,42,342,https://www.football-data.co.uk/mmz4281/2223/E0.csv,2026-05-25
2022-23,Liverpool,36,2023-05-15,Leicester,A,3,0,W,3,65,28,70,42,357,https://www.football-data.co.uk/mmz4281/2223/E0.csv,2026-05-25
2022-23,Liverpool,37,2023-05-20,Aston Villa,H,1,1,D,1,66,28,71,43,362,https://www.football-data.co.uk/mmz4281/2223/E0.csv,2026-05-25
2022-23,Liverpool,38,2023-05-28,Southampton,A,4,4,D,1,67,28,75,47,380,https://www.football-data.co.uk/mmz4281/2223/E0.csv,2026-05-25
2022-23,Man City,1,2022-08-07,West Ham,A,2,0,W,3,3,2,2,0,10,https://www.football-data.co.uk/mmz4281/2223/E0.csv,2026-05-25
2022-23,Man City,2,2022-08-13,Bournemouth,H,4,0,W,3,6,6,6,0,14,https://www.football-data.co.uk/mmz4281/2223/E0.csv,2026-05-25
2022-23,Man City,3,2022-08-21,Newcastle,A,3,3,D,1,7,6,9,3,29,https://www.football-data.co.uk/mmz4281/2223/E0.csv,2026-05-25
2022-23,Man City,4,2022-08-27,Crystal Palace,H,4,2,W,3,10,8,13,5,36,https://www.football-data.co.uk/mmz4281/2223/E0.csv,2026-05-25
2022-23,Man City,5,2022-08-31,Nott'm Forest,H,6,0,W,3,13,14,19,5,47,https://www.football-data.co.uk/mmz4281/2223/E0.csv,2026-05-25
2022-23,Man City,6,2022-09-03,Aston Villa,A,1,1,D,1,14,14,20,6,58,https://www.football-data.co.uk/mmz4281/2223/E0.csv,2026-05-25
2022-23,Man City,7,2022-09-17,Wolves,A,3,0,W,3,17,17,23,6,63,https://www.football-data.co.uk/mmz4281/2223/E0.csv,2026-05-25
2022-23,Man City,8,2022-10-02,Man United,H,6,3,W,3,20,20,29,9,75,https://www.football-data.co.uk/mmz4281/2223/E0.csv,2026-05-25
2022-23,Man City,9,2022-10-08,Southampton,H,4,0,W,3,23,24,33,9,80,https://www.football-data.co.uk/mmz4281/2223/E0.csv,2026-05-25
2022-23,Man City,10,2022-10-16,Liverpool,A,0,1,L,0,23,23,33,10,97,https://www.football-data.co.uk/mmz4281/2223/E0.csv,2026-05-25
2022-23,Man City,11,2022-10-22,Brighton,H,3,1,W,3,26,25,36,11,109,https://www.football-data.co.uk/mmz4281/2223/E0.csv,2026-05-25
2022-23,Man City,12,2022-10-29,Leicester,A,1,0,W,3,29,26,37,11,117,https://www.football-data.co.uk/mmz4281/2223/E0.csv,2026-05-25
2022-23,Man City,13,2022-11-05,Fulham,H,2,1,W,3,32,27,39,12,128,https://www.football-data.co.uk/mmz4281/2223/E0.csv,2026-05-25
2022-23,Man City,14,2022-11-12,Brentford,H,1,2,L,0,32,26,40,14,137,https://www.football-data.co.uk/mmz4281/2223/E0.csv,2026-05-25
2022-23,Man City,15,2022-12-28,Leeds,A,3,1,W,3,35,28,43,15,156,https://www.football-data.co.uk/mmz4281/2223/E0.csv,2026-05-25
2022-23,Man City,16,2022-12-31,Everton,H,1,1,D,1,36,28,44,16,162,https://www.football-data.co.uk/mmz4281/2223/E0.csv,2026-05-25
2022-23,Man City,17,2023-01-05,Chelsea,A,1,0,W,3,39,29,45,16,176,https://www.football-data.co.uk/mmz4281/2223/E0.csv,2026-05-25
2022-23,Man City,18,2023-01-14,Man United,A,1,2,L,0,39,28,46,18,179,https://www.football-data.co.uk/mmz4281/2223/E0.csv,2026-05-25
2022-23,Man City,19,2023-01-19,Tottenham,H,4,2,W,3,42,30,50,20,189,https://www.football-data.co.uk/mmz4281/2223/E0.csv,2026-05-25
2022-23,Man City,20,2023-01-22,Wolves,H,3,0,W,3,45,33,53,20,197,https://www.football-data.co.uk/mmz4281/2223/E0.csv,2026-05-25
2022-23,Man City,21,2023-02-05,Tottenham,A,0,1,L,0,45,32,53,21,209,https://www.football-data.co.uk/mmz4281/2223/E0.csv,2026-05-25
2022-23,Man City,22,2023-02-12,Aston Villa,H,3,1,W,3,48,34,56,22,219,https://www.football-data.co.uk/mmz4281/2223/E0.csv,2026-05-25
2022-23,Man City,23,2023-02-15,Arsenal,A,3,1,W,3,51,36,59,23,221,https://www.football-data.co.uk/mmz4281/2223/E0.csv,2026-05-25
2022-23,Man City,24,2023-02-18,Nott'm Forest,A,1,1,D,1,52,36,60,24,227,https://www.football-data.co.uk/mmz4281/2223/E0.csv,2026-05-25
2022-23,Man City,25,2023-02-25,Bournemouth,A,4,1,W,3,55,39,64,25,237,https://www.football-data.co.uk/mmz4281/2223/E0.csv,2026-05-25
2022-23,Man City,26,2023-03-04,Newcastle,H,2,0,W,3,58,41,66,25,242,https://www.football-data.co.uk/mmz4281/2223/E0.csv,2026-05-25
2022-23,Man City,27,2023-03-11,Crystal Palace,A,1,0,W,3,61,42,67,25,257,https://www.football-data.co.uk/mmz4281/2223/E0.csv,2026-05-25
2022-23,Man City,28,2023-04-01,Liverpool,H,4,1,W,3,64,45,71,26,271,https://www.football-data.co.uk/mmz4281/2223/E0.csv,2026-05-25
2022-23,Man City,29,2023-04-08,Southampton,A,4,1,W,3,67,48,75,27,294,https://www.football-data.co.uk/mmz4281/2223/E0.csv,2026-05-25
2022-23,Man City,30,2023-04-15,Leicester,H,3,1,W,3,70,50,78,28,303,https://www.football-data.co.uk/mmz4281/2223/E0.csv,2026-05-25
2022-23,Man City,31,2023-04-26,Arsenal,H,4,1,W,3,73,53,82,29,321,https://www.football-data.co.uk/mmz4281/2223/E0.csv,2026-05-25
2022-23,Man City,32,2023-04-30,Fulham,A,2,1,W,3,76,54,84,30,329,https://www.football-data.co.uk/mmz4281/2223/E0.csv,2026-05-25
2022-23,Man City,33,2023-05-03,West Ham,H,3,0,W,3,79,57,87,30,336,https://www.football-data.co.uk/mmz4281/2223/E0.csv,2026-05-25
2022-23,Man City,34,2023-05-06,Leeds,H,2,1,W,3,82,58,89,31,339,https://www.football-data.co.uk/mmz4281/2223/E0.csv,2026-05-25
2022-23,Man City,35,2023-05-14,Everton,A,3,0,W,3,85,61,92,31,355,https://www.football-data.co.uk/mmz4281/2223/E0.csv,2026-05-25
2022-23,Man City,36,2023-05-21,Chelsea,H,1,0,W,3,88,62,93,31,367,https://www.football-data.co.uk/mmz4281/2223/E0.csv,2026-05-25
2022-23,Man City,37,2023-05-24,Brighton,A,1,1,D,1,89,62,94,32,369,https://www.football-data.co.uk/mmz4281/2223/E0.csv,2026-05-25
2022-23,Man City,38,2023-05-28,Brentford,A,0,1,L,0,89,61,94,33,373,https://www.football-data.co.uk/mmz4281/2223/E0.csv,2026-05-25
2022-23,Man United,1,2022-08-07,Brighton,H,1,2,L,0,0,-1,1,2,9,https://www.football-data.co.uk/mmz4281/2223/E0.csv,2026-05-25
2022-23,Man United,2,2022-08-13,Brentford,A,0,4,L,0,0,-5,1,6,17,https://www.football-data.co.uk/mmz4281/2223/E0.csv,2026-05-25
2022-23,Man United,3,2022-08-22,Liverpool,H,2,1,W,3,3,-4,3,7,30,https://www.football-data.co.uk/mmz4281/2223/E0.csv,2026-05-25
2022-23,Man United,4,2022-08-27,Southampton,A,1,0,W,3,6,-3,4,7,31,https://www.football-data.co.uk/mmz4281/2223/E0.csv,2026-05-25
2022-23,Man United,5,2022-09-01,Leicester,A,1,0,W,3,9,-2,5,7,50,https://www.football-data.co.uk/mmz4281/2223/E0.csv,2026-05-25
2022-23,Man United,6,2022-09-04,Arsenal,H,3,1,W,3,12,0,8,8,60,https://www.football-data.co.uk/mmz4281/2223/E0.csv,2026-05-25
2022-23,Man United,7,2022-10-02,Man City,A,3,6,L,0,12,-3,11,14,75,https://www.football-data.co.uk/mmz4281/2223/E0.csv,2026-05-25
2022-23,Man United,8,2022-10-09,Everton,A,2,1,W,3,15,-2,13,15,86,https://www.football-data.co.uk/mmz4281/2223/E0.csv,2026-05-25
2022-23,Man United,9,2022-10-16,Newcastle,H,0,0,D,1,16,-2,13,15,95,https://www.football-data.co.uk/mmz4281/2223/E0.csv,2026-05-25
2022-23,Man United,10,2022-10-19,Tottenham,H,2,0,W,3,19,0,15,15,104,https://www.football-data.co.uk/mmz4281/2223/E0.csv,2026-05-25
2022-23,Man United,11,2022-10-22,Chelsea,A,1,1,D,1,20,0,16,16,110,https://www.football-data.co.uk/mmz4281/2223/E0.csv,2026-05-25
2022-23,Man United,12,2022-10-30,West Ham,H,1,0,W,3,23,1,17,16,126,https://www.football-data.co.uk/mmz4281/2223/E0.csv,2026-05-25
2022-23,Man United,13,2022-11-06,Aston Villa,A,1,3,L,0,23,-1,18,19,133,https://www.football-data.co.uk/mmz4281/2223/E0.csv,2026-05-25
2022-23,Man United,14,2022-11-13,Fulham,A,2,1,W,3,26,0,20,20,146,https://www.football-data.co.uk/mmz4281/2223/E0.csv,2026-05-25
2022-23,Man United,15,2022-12-27,Nott'm Forest,H,3,0,W,3,29,3,23,20,155,https://www.football-data.co.uk/mmz4281/2223/E0.csv,2026-05-25
2022-23,Man United,16,2022-12-31,Wolves,A,1,0,W,3,32,4,24,20,159,https://www.football-data.co.uk/mmz4281/2223/E0.csv,2026-05-25
2022-23,Man United,17,2023-01-03,Bournemouth,H,3,0,W,3,35,7,27,20,171,https://www.football-data.co.uk/mmz4281/2223/E0.csv,2026-05-25
2022-23,Man United,18,2023-01-14,Man City,H,2,1,W,3,38,8,29,21,179,https://www.football-data.co.uk/mmz4281/2223/E0.csv,2026-05-25
2022-23,Man United,19,2023-01-18,Crystal Palace,A,1,1,D,1,39,8,30,22,188,https://www.football-data.co.uk/mmz4281/2223/E0.csv,2026-05-25
2022-23,Man United,20,2023-01-22,Arsenal,A,2,3,L,0,39,7,32,25,198,https://www.football-data.co.uk/mmz4281/2223/E0.csv,2026-05-25
2022-23,Man United,21,2023-02-04,Crystal Palace,H,2,1,W,3,42,8,34,26,205,https://www.football-data.co.uk/mmz4281/2223/E0.csv,2026-05-25
2022-23,Man United,22,2023-02-08,Leeds,H,2,2,D,1,43,8,36,28,210,https://www.football-data.co.uk/mmz4281/2223/E0.csv,2026-05-25
2022-23,Man United,23,2023-02-12,Leeds,A,2,0,W,3,46,10,38,28,218,https://www.football-data.co.uk/mmz4281/2223/E0.csv,2026-05-25
2022-23,Man United,24,2023-02-19,Leicester,H,3,0,W,3,49,13,41,28,230,https://www.football-data.co.uk/mmz4281/2223/E0.csv,2026-05-25
2022-23,Man United,25,2023-03-05,Liverpool,A,0,7,L,0,49,6,41,35,250,https://www.football-data.co.uk/mmz4281/2223/E0.csv,2026-05-25
2022-23,Man United,26,2023-03-12,Southampton,H,0,0,D,1,50,6,41,35,259,https://www.football-data.co.uk/mmz4281/2223/E0.csv,2026-05-25
2022-23,Man United,27,2023-04-02,Newcastle,A,0,2,L,0,50,4,41,37,279,https://www.football-data.co.uk/mmz4281/2223/E0.csv,2026-05-25
2022-23,Man United,28,2023-04-05,Brentford,H,1,0,W,3,53,5,42,37,285,https://www.football-data.co.uk/mmz4281/2223/E0.csv,2026-05-25
2022-23,Man United,29,2023-04-08,Everton,H,2,0,W,3,56,7,44,37,287,https://www.football-data.co.uk/mmz4281/2223/E0.csv,2026-05-25
2022-23,Man United,30,2023-04-16,Nott'm Forest,A,2,0,W,3,59,9,46,37,305,https://www.football-data.co.uk/mmz4281/2223/E0.csv,2026-05-25
2022-23,Man United,31,2023-04-27,Tottenham,A,2,2,D,1,60,9,48,39,324,https://www.football-data.co.uk/mmz4281/2223/E0.csv,2026-05-25
2022-23,Man United,32,2023-04-30,Aston Villa,H,1,0,W,3,63,10,49,39,330,https://www.football-data.co.uk/mmz4281/2223/E0.csv,2026-05-25
2022-23,Man United,33,2023-05-04,Brighton,A,0,1,L,0,63,9,49,40,337,https://www.football-data.co.uk/mmz4281/2223/E0.csv,2026-05-25
2022-23,Man United,34,2023-05-07,West Ham,A,0,1,L,0,63,8,49,41,344,https://www.football-data.co.uk/mmz4281/2223/E0.csv,2026-05-25
2022-23,Man United,35,2023-05-13,Wolves,H,2,0,W,3,66,10,51,41,352,https://www.football-data.co.uk/mmz4281/2223/E0.csv,2026-05-25
2022-23,Man United,36,2023-05-20,Bournemouth,A,1,0,W,3,69,11,52,41,360,https://www.football-data.co.uk/mmz4281/2223/E0.csv,2026-05-25
2022-23,Man United,37,2023-05-25,Chelsea,H,4,1,W,3,72,14,56,42,370,https://www.football-data.co.uk/mmz4281/2223/E0.csv,2026-05-25
2022-23,Man United,38,2023-05-28,Fulham,H,2,1,W,3,75,15,58,43,379,https://www.football-data.co.uk/mmz4281/2223/E0.csv,2026-05-25
2022-23,Newcastle,1,2022-08-06,Nott'm Forest,H,2,0,W,3,3,2,2,0,5,https://www.football-data.co.uk/mmz4281/2223/E0.csv,2026-05-25
2022-23,Newcastle,2,2022-08-13,Brighton,A,0,0,D,1,4,2,2,0,13,https://www.football-data.co.uk/mmz4281/2223/E0.csv,2026-05-25
2022-23,Newcastle,3,2022-08-21,Man City,H,3,3,D,1,5,2,5,3,29,https://www.football-data.co.uk/mmz4281/2223/E0.csv,2026-05-25
2022-23,Newcastle,4,2022-08-28,Wolves,A,1,1,D,1,6,2,6,4,39,https://www.football-data.co.uk/mmz4281/2223/E0.csv,2026-05-25
2022-23,Newcastle,5,2022-08-31,Liverpool,A,1,2,L,0,6,1,7,6,49,https://www.football-data.co.uk/mmz4281/2223/E0.csv,2026-05-25
2022-23,Newcastle,6,2022-09-03,Crystal Palace,H,0,0,D,1,7,1,7,6,54,https://www.football-data.co.uk/mmz4281/2223/E0.csv,2026-05-25
2022-23,Newcastle,7,2022-09-17,Bournemouth,H,1,1,D,1,8,1,8,7,64,https://www.football-data.co.uk/mmz4281/2223/E0.csv,2026-05-25
2022-23,Newcastle,8,2022-10-01,Fulham,A,4,1,W,3,11,4,12,8,71,https://www.football-data.co.uk/mmz4281/2223/E0.csv,2026-05-25
2022-23,Newcastle,9,2022-10-08,Brentford,H,5,1,W,3,14,8,17,9,81,https://www.football-data.co.uk/mmz4281/2223/E0.csv,2026-05-25
2022-23,Newcastle,10,2022-10-16,Man United,A,0,0,D,1,15,8,17,9,95,https://www.football-data.co.uk/mmz4281/2223/E0.csv,2026-05-25
2022-23,Newcastle,11,2022-10-19,Everton,H,1,0,W,3,18,9,18,9,103,https://www.football-data.co.uk/mmz4281/2223/E0.csv,2026-05-25
2022-23,Newcastle,12,2022-10-23,Tottenham,A,2,1,W,3,21,10,20,10,115,https://www.football-data.co.uk/mmz4281/2223/E0.csv,2026-05-25
2022-23,Newcastle,13,2022-10-29,Aston Villa,H,4,0,W,3,24,14,24,10,122,https://www.football-data.co.uk/mmz4281/2223/E0.csv,2026-05-25
2022-23,Newcastle,14,2022-11-06,Southampton,A,4,1,W,3,27,17,28,11,134,https://www.football-data.co.uk/mmz4281/2223/E0.csv,2026-05-25
2022-23,Newcastle,15,2022-11-12,Chelsea,H,1,0,W,3,30,18,29,11,143,https://www.football-data.co.uk/mmz4281/2223/E0.csv,2026-05-25
2022-23,Newcastle,16,2022-12-26,Leicester,A,3,0,W,3,33,21,32,11,150,https://www.football-data.co.uk/mmz4281/2223/E0.csv,2026-05-25
2022-23,Newcastle,17,2022-12-31,Leeds,H,0,0,D,1,34,21,32,11,163,https://www.football-data.co.uk/mmz4281/2223/E0.csv,2026-05-25
2022-23,Newcastle,18,2023-01-03,Arsenal,A,0,0,D,1,35,21,32,11,168,https://www.football-data.co.uk/mmz4281/2223/E0.csv,2026-05-25
2022-23,Newcastle,19,2023-01-15,Fulham,H,1,0,W,3,38,22,33,11,186,https://www.football-data.co.uk/mmz4281/2223/E0.csv,2026-05-25
2022-23,Newcastle,20,2023-01-21,Crystal Palace,A,0,0,D,1,39,22,33,11,195,https://www.football-data.co.uk/mmz4281/2223/E0.csv,2026-05-25
2022-23,Newcastle,21,2023-02-04,West Ham,H,1,1,D,1,40,22,34,12,207,https://www.football-data.co.uk/mmz4281/2223/E0.csv,2026-05-25
2022-23,Newcastle,22,2023-02-11,Bournemouth,A,1,1,D,1,41,22,35,13,217,https://www.football-data.co.uk/mmz4281/2223/E0.csv,2026-05-25
2022-23,Newcastle,23,2023-02-18,Liverpool,H,0,2,L,0,41,20,35,15,229,https://www.football-data.co.uk/mmz4281/2223/E0.csv,2026-05-25
2022-23,Newcastle,24,2023-03-04,Man City,A,0,2,L,0,41,18,35,17,242,https://www.football-data.co.uk/mmz4281/2223/E0.csv,2026-05-25
2022-23,Newcastle,25,2023-03-12,Wolves,H,2,1,W,3,44,19,37,18,261,https://www.football-data.co.uk/mmz4281/2223/E0.csv,2026-05-25
2022-23,Newcastle,26,2023-03-17,Nott'm Forest,A,2,1,W,3,47,20,39,19,264,https://www.football-data.co.uk/mmz4281/2223/E0.csv,2026-05-25
2022-23,Newcastle,27,2023-04-02,Man United,H,2,0,W,3,50,22,41,19,279,https://www.football-data.co.uk/mmz4281/2223/E0.csv,2026-05-25
2022-23,Newcastle,28,2023-04-05,West Ham,A,5,1,W,3,53,26,46,20,286,https://www.football-data.co.uk/mmz4281/2223/E0.csv,2026-05-25
2022-23,Newcastle,29,2023-04-08,Brentford,A,2,1,W,3,56,27,48,21,289,https://www.football-data.co.uk/mmz4281/2223/E0.csv,2026-05-25
2022-23,Newcastle,30,2023-04-15,Aston Villa,A,0,3,L,0,56,24,48,24,297,https://www.football-data.co.uk/mmz4281/2223/E0.csv,2026-05-25
2022-23,Newcastle,31,2023-04-23,Tottenham,H,6,1,W,3,59,29,54,25,314,https://www.football-data.co.uk/mmz4281/2223/E0.csv,2026-05-25
2022-23,Newcastle,32,2023-04-27,Everton,A,4,1,W,3,62,32,58,26,322,https://www.football-data.co.uk/mmz4281/2223/E0.csv,2026-05-25
2022-23,Newcastle,33,2023-04-30,Southampton,H,3,1,W,3,65,34,61,27,331,https://www.football-data.co.uk/mmz4281/2223/E0.csv,2026-05-25
2022-23,Newcastle,34,2023-05-07,Arsenal,H,0,2,L,0,65,32,61,29,343,https://www.football-data.co.uk/mmz4281/2223/E0.csv,2026-05-25
2022-23,Newcastle,35,2023-05-13,Leeds,A,2,2,D,1,66,32,63,31,348,https://www.football-data.co.uk/mmz4281/2223/E0.csv,2026-05-25
2022-23,Newcastle,36,2023-05-18,Brighton,H,4,1,W,3,69,35,67,32,358,https://www.football-data.co.uk/mmz4281/2223/E0.csv,2026-05-25
2022-23,Newcastle,37,2023-05-22,Leicester,H,0,0,D,1,70,35,67,32,368,https://www.football-data.co.uk/mmz4281/2223/E0.csv,2026-05-25
2022-23,Newcastle,38,2023-05-28,Chelsea,A,1,1,D,1,71,35,68,33,374,https://www.football-data.co.uk/mmz4281/2223/E0.csv,2026-05-25
2022-23,Nott'm Forest,1,2022-08-06,Newcastle,A,0,2,L,0,0,-2,0,2,5,https://www.football-data.co.uk/mmz4281/2223/E0.csv,2026-05-25
2022-23,Nott'm Forest,2,2022-08-14,West Ham,H,1,0,W,3,3,-1,1,2,18,https://www.football-data.co.uk/mmz4281/2223/E0.csv,2026-05-25
2022-23,Nott'm Forest,3,2022-08-20,Everton,A,1,1,D,1,4,-1,2,3,23,https://www.football-data.co.uk/mmz4281/2223/E0.csv,2026-05-25
2022-23,Nott'm Forest,4,2022-08-28,Tottenham,H,0,2,L,0,4,-3,2,5,40,https://www.football-data.co.uk/mmz4281/2223/E0.csv,2026-05-25
2022-23,Nott'm Forest,5,2022-08-31,Man City,A,0,6,L,0,4,-9,2,11,47,https://www.football-data.co.uk/mmz4281/2223/E0.csv,2026-05-25
2022-23,Nott'm Forest,6,2022-09-03,Bournemouth,H,2,3,L,0,4,-10,4,14,55,https://www.football-data.co.uk/mmz4281/2223/E0.csv,2026-05-25
2022-23,Nott'm Forest,7,2022-09-16,Fulham,H,2,3,L,0,4,-11,6,17,62,https://www.football-data.co.uk/mmz4281/2223/E0.csv,2026-05-25
2022-23,Nott'm Forest,8,2022-10-03,Leicester,A,0,4,L,0,4,-15,6,21,77,https://www.football-data.co.uk/mmz4281/2223/E0.csv,2026-05-25
2022-23,Nott'm Forest,9,2022-10-10,Aston Villa,H,1,1,D,1,5,-15,7,22,87,https://www.football-data.co.uk/mmz4281/2223/E0.csv,2026-05-25
2022-23,Nott'm Forest,10,2022-10-15,Wolves,A,0,1,L,0,5,-16,7,23,91,https://www.football-data.co.uk/mmz4281/2223/E0.csv,2026-05-25
2022-23,Nott'm Forest,11,2022-10-18,Brighton,A,0,0,D,1,6,-16,7,23,98,https://www.football-data.co.uk/mmz4281/2223/E0.csv,2026-05-25
2022-23,Nott'm Forest,12,2022-10-22,Liverpool,H,1,0,W,3,9,-15,8,23,107,https://www.football-data.co.uk/mmz4281/2223/E0.csv,2026-05-25
2022-23,Nott'm Forest,13,2022-10-30,Arsenal,A,0,5,L,0,9,-20,8,28,125,https://www.football-data.co.uk/mmz4281/2223/E0.csv,2026-05-25
2022-23,Nott'm Forest,14,2022-11-05,Brentford,H,2,2,D,1,10,-20,10,30,129,https://www.football-data.co.uk/mmz4281/2223/E0.csv,2026-05-25
2022-23,Nott'm Forest,15,2022-11-12,Crystal Palace,H,1,0,W,3,13,-19,11,30,140,https://www.football-data.co.uk/mmz4281/2223/E0.csv,2026-05-25
2022-23,Nott'm Forest,16,2022-12-27,Man United,A,0,3,L,0,13,-22,11,33,155,https://www.football-data.co.uk/mmz4281/2223/E0.csv,2026-05-25
2022-23,Nott'm Forest,17,2023-01-01,Chelsea,H,1,1,D,1,14,-22,12,34,166,https://www.football-data.co.uk/mmz4281/2223/E0.csv,2026-05-25
2022-23,Nott'm Forest,18,2023-01-04,Southampton,A,1,0,W,3,17,-21,13,34,172,https://www.football-data.co.uk/mmz4281/2223/E0.csv,2026-05-25
2022-23,Nott'm Forest,19,2023-01-14,Leicester,H,2,0,W,3,20,-19,15,34,182,https://www.football-data.co.uk/mmz4281/2223/E0.csv,2026-05-25
2022-23,Nott'm Forest,20,2023-01-21,Bournemouth,A,1,1,D,1,21,-19,16,35,191,https://www.football-data.co.uk/mmz4281/2223/E0.csv,2026-05-25
2022-23,Nott'm Forest,21,2023-02-05,Leeds,H,1,0,W,3,24,-18,17,35,208,https://www.football-data.co.uk/mmz4281/2223/E0.csv,2026-05-25
2022-23,Nott'm Forest,22,2023-02-11,Fulham,A,0,2,L,0,24,-20,17,37,214,https://www.football-data.co.uk/mmz4281/2223/E0.csv,2026-05-25
2022-23,Nott'm Forest,23,2023-02-18,Man City,H,1,1,D,1,25,-20,18,38,227,https://www.football-data.co.uk/mmz4281/2223/E0.csv,2026-05-25
2022-23,Nott'm Forest,24,2023-02-25,West Ham,A,0,4,L,0,25,-24,18,42,236,https://www.football-data.co.uk/mmz4281/2223/E0.csv,2026-05-25
2022-23,Nott'm Forest,25,2023-03-05,Everton,H,2,2,D,1,26,-24,20,44,249,https://www.football-data.co.uk/mmz4281/2223/E0.csv,2026-05-25
2022-23,Nott'm Forest,26,2023-03-11,Tottenham,A,1,3,L,0,26,-26,21,47,256,https://www.football-data.co.uk/mmz4281/2223/E0.csv,2026-05-25
2022-23,Nott'm Forest,27,2023-03-17,Newcastle,H,1,2,L,0,26,-27,22,49,264,https://www.football-data.co.uk/mmz4281/2223/E0.csv,2026-05-25
2022-23,Nott'm Forest,28,2023-04-01,Wolves,H,1,1,D,1,27,-27,23,50,276,https://www.football-data.co.uk/mmz4281/2223/E0.csv,2026-05-25
2022-23,Nott'm Forest,29,2023-04-04,Leeds,A,1,2,L,0,27,-28,24,52,282,https://www.football-data.co.uk/mmz4281/2223/E0.csv,2026-05-25
2022-23,Nott'm Forest,30,2023-04-08,Aston Villa,A,0,2,L,0,27,-30,24,54,288,https://www.football-data.co.uk/mmz4281/2223/E0.csv,2026-05-25
2022-23,Nott'm Forest,31,2023-04-16,Man United,H,0,2,L,0,27,-32,24,56,305,https://www.football-data.co.uk/mmz4281/2223/E0.csv,2026-05-25
2022-23,Nott'm Forest,32,2023-04-22,Liverpool,A,2,3,L,0,27,-33,26,59,312,https://www.football-data.co.uk/mmz4281/2223/E0.csv,2026-05-25
2022-23,Nott'm Forest,33,2023-04-26,Brighton,H,3,1,W,3,30,-31,29,60,318,https://www.football-data.co.uk/mmz4281/2223/E0.csv,2026-05-25
2022-23,Nott'm Forest,34,2023-04-29,Brentford,A,1,2,L,0,30,-32,30,62,326,https://www.football-data.co.uk/mmz4281/2223/E0.csv,2026-05-25
2022-23,Nott'm Forest,35,2023-05-08,Southampton,H,4,3,W,3,33,-31,34,65,347,https://www.football-data.co.uk/mmz4281/2223/E0.csv,2026-05-25
2022-23,Nott'm Forest,36,2023-05-13,Chelsea,A,2,2,D,1,34,-31,36,67,350,https://www.football-data.co.uk/mmz4281/2223/E0.csv,2026-05-25
2022-23,Nott'm Forest,37,2023-05-20,Arsenal,H,1,0,W,3,37,-30,37,67,364,https://www.football-data.co.uk/mmz4281/2223/E0.csv,2026-05-25
2022-23,Nott'm Forest,38,2023-05-28,Crystal Palace,A,1,1,D,1,38,-30,38,68,375,https://www.football-data.co.uk/mmz4281/2223/E0.csv,2026-05-25
2022-23,Southampton,1,2022-08-06,Tottenham,A,1,4,L,0,0,-3,1,4,6,https://www.football-data.co.uk/mmz4281/2223/E0.csv,2026-05-25
2022-23,Southampton,2,2022-08-13,Leeds,H,2,2,D,1,1,-3,3,6,15,https://www.football-data.co.uk/mmz4281/2223/E0.csv,2026-05-25
2022-23,Southampton,3,2022-08-20,Leicester,A,2,1,W,3,4,-2,5,7,25,https://www.football-data.co.uk/mmz4281/2223/E0.csv,2026-05-25
2022-23,Southampton,4,2022-08-27,Man United,H,0,1,L,0,4,-3,5,8,31,https://www.football-data.co.uk/mmz4281/2223/E0.csv,2026-05-25
2022-23,Southampton,5,2022-08-30,Chelsea,H,2,1,W,3,7,-2,7,9,43,https://www.football-data.co.uk/mmz4281/2223/E0.csv,2026-05-25
2022-23,Southampton,6,2022-09-03,Wolves,A,0,1,L,0,7,-3,7,10,57,https://www.football-data.co.uk/mmz4281/2223/E0.csv,2026-05-25
2022-23,Southampton,7,2022-09-16,Aston Villa,A,0,1,L,0,7,-4,7,11,61,https://www.football-data.co.uk/mmz4281/2223/E0.csv,2026-05-25
2022-23,Southampton,8,2022-10-01,Everton,H,1,2,L,0,7,-5,8,13,73,https://www.football-data.co.uk/mmz4281/2223/E0.csv,2026-05-25
2022-23,Southampton,9,2022-10-08,Man City,A,0,4,L,0,7,-9,8,17,80,https://www.football-data.co.uk/mmz4281/2223/E0.csv,2026-05-25
2022-23,Southampton,10,2022-10-16,West Ham,H,1,1,D,1,8,-9,9,18,96,https://www.football-data.co.uk/mmz4281/2223/E0.csv,2026-05-25
2022-23,Southampton,11,2022-10-19,Bournemouth,A,1,0,W,3,11,-8,10,18,100,https://www.football-data.co.uk/mmz4281/2223/E0.csv,2026-05-25
2022-23,Southampton,12,2022-10-23,Arsenal,H,1,1,D,1,12,-8,11,19,113,https://www.football-data.co.uk/mmz4281/2223/E0.csv,2026-05-25
2022-23,Southampton,13,2022-10-29,Crystal Palace,A,0,1,L,0,12,-9,11,20,121,https://www.football-data.co.uk/mmz4281/2223/E0.csv,2026-05-25
2022-23,Southampton,14,2022-11-06,Newcastle,H,1,4,L,0,12,-12,12,24,134,https://www.football-data.co.uk/mmz4281/2223/E0.csv,2026-05-25
2022-23,Southampton,15,2022-11-12,Liverpool,A,1,3,L,0,12,-14,13,27,139,https://www.football-data.co.uk/mmz4281/2223/E0.csv,2026-05-25
2022-23,Southampton,16,2022-12-26,Brighton,H,1,3,L,0,12,-16,14,30,151,https://www.football-data.co.uk/mmz4281/2223/E0.csv,2026-05-25
2022-23,Southampton,17,2022-12-31,Fulham,A,1,2,L,0,12,-17,15,32,161,https://www.football-data.co.uk/mmz4281/2223/E0.csv,2026-05-25
2022-23,Southampton,18,2023-01-04,Nott'm Forest,H,0,1,L,0,12,-18,15,33,172,https://www.football-data.co.uk/mmz4281/2223/E0.csv,2026-05-25
2022-23,Southampton,19,2023-01-14,Everton,A,2,1,W,3,15,-17,17,34,181,https://www.football-data.co.uk/mmz4281/2223/E0.csv,2026-05-25
2022-23,Southampton,20,2023-01-21,Aston Villa,H,0,1,L,0,15,-18,17,35,193,https://www.football-data.co.uk/mmz4281/2223/E0.csv,2026-05-25
2022-23,Southampton,21,2023-02-04,Brentford,A,0,3,L,0,15,-21,17,38,203,https://www.football-data.co.uk/mmz4281/2223/E0.csv,2026-05-25
2022-23,Southampton,22,2023-02-11,Wolves,H,1,2,L,0,15,-22,18,40,216,https://www.football-data.co.uk/mmz4281/2223/E0.csv,2026-05-25
2022-23,Southampton,23,2023-02-18,Chelsea,A,1,0,W,3,18,-21,19,40,225,https://www.football-data.co.uk/mmz4281/2223/E0.csv,2026-05-25
2022-23,Southampton,24,2023-02-25,Leeds,A,0,1,L,0,18,-22,19,41,234,https://www.football-data.co.uk/mmz4281/2223/E0.csv,2026-05-25
2022-23,Southampton,25,2023-03-04,Leicester,H,1,0,W,3,21,-21,20,41,248,https://www.football-data.co.uk/mmz4281/2223/E0.csv,2026-05-25
2022-23,Southampton,26,2023-03-12,Man United,A,0,0,D,1,22,-21,20,41,259,https://www.football-data.co.uk/mmz4281/2223/E0.csv,2026-05-25
2022-23,Southampton,27,2023-03-15,Brentford,H,0,2,L,0,22,-23,20,43,263,https://www.football-data.co.uk/mmz4281/2223/E0.csv,2026-05-25
2022-23,Southampton,28,2023-03-18,Tottenham,H,3,3,D,1,23,-23,23,46,267,https://www.football-data.co.uk/mmz4281/2223/E0.csv,2026-05-25
2022-23,Southampton,29,2023-04-02,West Ham,A,0,1,L,0,23,-24,23,47,278,https://www.football-data.co.uk/mmz4281/2223/E0.csv,2026-05-25
2022-23,Southampton,30,2023-04-08,Man City,H,1,4,L,0,23,-27,24,51,294,https://www.football-data.co.uk/mmz4281/2223/E0.csv,2026-05-25
2022-23,Southampton,31,2023-04-15,Crystal Palace,H,0,2,L,0,23,-29,24,53,300,https://www.football-data.co.uk/mmz4281/2223/E0.csv,2026-05-25
2022-23,Southampton,32,2023-04-21,Arsenal,A,3,3,D,1,24,-29,27,56,307,https://www.football-data.co.uk/mmz4281/2223/E0.csv,2026-05-25
2022-23,Southampton,33,2023-04-27,Bournemouth,H,0,1,L,0,24,-30,27,57,323,https://www.football-data.co.uk/mmz4281/2223/E0.csv,2026-05-25
2022-23,Southampton,34,2023-04-30,Newcastle,A,1,3,L,0,24,-32,28,60,331,https://www.football-data.co.uk/mmz4281/2223/E0.csv,2026-05-25
2022-23,Southampton,35,2023-05-08,Nott'm Forest,A,3,4,L,0,24,-33,31,64,347,https://www.football-data.co.uk/mmz4281/2223/E0.csv,2026-05-25
2022-23,Southampton,36,2023-05-13,Fulham,H,0,2,L,0,24,-35,31,66,353,https://www.football-data.co.uk/mmz4281/2223/E0.csv,2026-05-25
2022-23,Southampton,37,2023-05-21,Brighton,A,1,3,L,0,24,-37,32,69,366,https://www.football-data.co.uk/mmz4281/2223/E0.csv,2026-05-25
2022-23,Southampton,38,2023-05-28,Liverpool,H,4,4,D,1,25,-37,36,73,380,https://www.football-data.co.uk/mmz4281/2223/E0.csv,2026-05-25
2022-23,Tottenham,1,2022-08-06,Southampton,H,4,1,W,3,3,3,4,1,6,https://www.football-data.co.uk/mmz4281/2223/E0.csv,2026-05-25
2022-23,Tottenham,2,2022-08-14,Chelsea,A,2,2,D,1,4,3,6,3,19,https://www.football-data.co.uk/mmz4281/2223/E0.csv,2026-05-25
2022-23,Tottenham,3,2022-08-20,Wolves,H,1,0,W,3,7,4,7,3,21,https://www.football-data.co.uk/mmz4281/2223/E0.csv,2026-05-25
2022-23,Tottenham,4,2022-08-28,Nott'm Forest,A,2,0,W,3,10,6,9,3,40,https://www.football-data.co.uk/mmz4281/2223/E0.csv,2026-05-25
2022-23,Tottenham,5,2022-08-31,West Ham,A,1,1,D,1,11,6,10,4,48,https://www.football-data.co.uk/mmz4281/2223/E0.csv,2026-05-25
2022-23,Tottenham,6,2022-09-03,Fulham,H,2,1,W,3,14,7,12,5,56,https://www.football-data.co.uk/mmz4281/2223/E0.csv,2026-05-25
2022-23,Tottenham,7,2022-09-17,Leicester,H,6,2,W,3,17,11,18,7,65,https://www.football-data.co.uk/mmz4281/2223/E0.csv,2026-05-25
2022-23,Tottenham,8,2022-10-01,Arsenal,A,1,3,L,0,17,9,19,10,68,https://www.football-data.co.uk/mmz4281/2223/E0.csv,2026-05-25
2022-23,Tottenham,9,2022-10-08,Brighton,A,1,0,W,3,20,10,20,10,82,https://www.football-data.co.uk/mmz4281/2223/E0.csv,2026-05-25
2022-23,Tottenham,10,2022-10-15,Everton,H,2,0,W,3,23,12,22,10,92,https://www.football-data.co.uk/mmz4281/2223/E0.csv,2026-05-25
2022-23,Tottenham,11,2022-10-19,Man United,A,0,2,L,0,23,10,22,12,104,https://www.football-data.co.uk/mmz4281/2223/E0.csv,2026-05-25
2022-23,Tottenham,12,2022-10-23,Newcastle,H,1,2,L,0,23,9,23,14,115,https://www.football-data.co.uk/mmz4281/2223/E0.csv,2026-05-25
2022-23,Tottenham,13,2022-10-29,Bournemouth,A,3,2,W,3,26,10,26,16,118,https://www.football-data.co.uk/mmz4281/2223/E0.csv,2026-05-25
2022-23,Tottenham,14,2022-11-06,Liverpool,H,1,2,L,0,26,9,27,18,136,https://www.football-data.co.uk/mmz4281/2223/E0.csv,2026-05-25
2022-23,Tottenham,15,2022-11-12,Leeds,H,4,3,W,3,29,10,31,21,141,https://www.football-data.co.uk/mmz4281/2223/E0.csv,2026-05-25
2022-23,Tottenham,16,2022-12-26,Brentford,A,2,2,D,1,30,10,33,23,147,https://www.football-data.co.uk/mmz4281/2223/E0.csv,2026-05-25
2022-23,Tottenham,17,2023-01-01,Aston Villa,H,0,2,L,0,30,8,33,25,165,https://www.football-data.co.uk/mmz4281/2223/E0.csv,2026-05-25
2022-23,Tottenham,18,2023-01-04,Crystal Palace,A,4,0,W,3,33,12,37,25,175,https://www.football-data.co.uk/mmz4281/2223/E0.csv,2026-05-25
2022-23,Tottenham,19,2023-01-15,Arsenal,H,0,2,L,0,33,10,37,27,187,https://www.football-data.co.uk/mmz4281/2223/E0.csv,2026-05-25
2022-23,Tottenham,20,2023-01-19,Man City,A,2,4,L,0,33,8,39,31,189,https://www.football-data.co.uk/mmz4281/2223/E0.csv,2026-05-25
2022-23,Tottenham,21,2023-01-23,Fulham,A,1,0,W,3,36,9,40,31,199,https://www.football-data.co.uk/mmz4281/2223/E0.csv,2026-05-25
2022-23,Tottenham,22,2023-02-05,Man City,H,1,0,W,3,39,10,41,31,209,https://www.football-data.co.uk/mmz4281/2223/E0.csv,2026-05-25
2022-23,Tottenham,23,2023-02-11,Leicester,A,1,4,L,0,39,7,42,35,215,https://www.football-data.co.uk/mmz4281/2223/E0.csv,2026-05-25
2022-23,Tottenham,24,2023-02-19,West Ham,H,2,0,W,3,42,9,44,35,231,https://www.football-data.co.uk/mmz4281/2223/E0.csv,2026-05-25
2022-23,Tottenham,25,2023-02-26,Chelsea,H,2,0,W,3,45,11,46,35,239,https://www.football-data.co.uk/mmz4281/2223/E0.csv,2026-05-25
2022-23,Tottenham,26,2023-03-04,Wolves,A,0,1,L,0,45,10,46,36,247,https://www.football-data.co.uk/mmz4281/2223/E0.csv,2026-05-25
2022-23,Tottenham,27,2023-03-11,Nott'm Forest,H,3,1,W,3,48,12,49,37,256,https://www.football-data.co.uk/mmz4281/2223/E0.csv,2026-05-25
2022-23,Tottenham,28,2023-03-18,Southampton,A,3,3,D,1,49,12,52,40,267,https://www.football-data.co.uk/mmz4281/2223/E0.csv,2026-05-25
2022-23,Tottenham,29,2023-04-03,Everton,A,1,1,D,1,50,12,53,41,280,https://www.football-data.co.uk/mmz4281/2223/E0.csv,2026-05-25
2022-23,Tottenham,30,2023-04-08,Brighton,H,2,1,W,3,53,13,55,42,292,https://www.football-data.co.uk/mmz4281/2223/E0.csv,2026-05-25
2022-23,Tottenham,31,2023-04-15,Bournemouth,H,2,3,L,0,53,12,57,45,301,https://www.football-data.co.uk/mmz4281/2223/E0.csv,2026-05-25
2022-23,Tottenham,32,2023-04-23,Newcastle,A,1,6,L,0,53,7,58,51,314,https://www.football-data.co.uk/mmz4281/2223/E0.csv,2026-05-25
2022-23,Tottenham,33,2023-04-27,Man United,H,2,2,D,1,54,7,60,53,324,https://www.football-data.co.uk/mmz4281/2223/E0.csv,2026-05-25
2022-23,Tottenham,34,2023-04-30,Liverpool,A,3,4,L,0,54,6,63,57,332,https://www.football-data.co.uk/mmz4281/2223/E0.csv,2026-05-25
2022-23,Tottenham,35,2023-05-06,Crystal Palace,H,1,0,W,3,57,7,64,57,340,https://www.football-data.co.uk/mmz4281/2223/E0.csv,2026-05-25
2022-23,Tottenham,36,2023-05-13,Aston Villa,A,1,2,L,0,57,6,65,59,349,https://www.football-data.co.uk/mmz4281/2223/E0.csv,2026-05-25
2022-23,Tottenham,37,2023-05-20,Brentford,H,1,3,L,0,57,4,66,62,359,https://www.football-data.co.uk/mmz4281/2223/E0.csv,2026-05-25
2022-23,Tottenham,38,2023-05-28,Leeds,A,4,1,W,3,60,7,70,63,377,https://www.football-data.co.uk/mmz4281/2223/E0.csv,2026-05-25
2022-23,West Ham,1,2022-08-07,Man City,H,0,2,L,0,0,-2,0,2,10,https://www.football-data.co.uk/mmz4281/2223/E0.csv,2026-05-25
2022-23,West Ham,2,2022-08-14,Nott'm Forest,A,0,1,L,0,0,-3,0,3,18,https://www.football-data.co.uk/mmz4281/2223/E0.csv,2026-05-25
2022-23,West Ham,3,2022-08-21,Brighton,H,0,2,L,0,0,-5,0,5,28,https://www.football-data.co.uk/mmz4281/2223/E0.csv,2026-05-25
2022-23,West Ham,4,2022-08-28,Aston Villa,A,1,0,W,3,3,-4,1,5,38,https://www.football-data.co.uk/mmz4281/2223/E0.csv,2026-05-25
2022-23,West Ham,5,2022-08-31,Tottenham,H,1,1,D,1,4,-4,2,6,48,https://www.football-data.co.uk/mmz4281/2223/E0.csv,2026-05-25
2022-23,West Ham,6,2022-09-03,Chelsea,A,1,2,L,0,4,-5,3,8,53,https://www.football-data.co.uk/mmz4281/2223/E0.csv,2026-05-25
2022-23,West Ham,7,2022-09-18,Everton,A,0,1,L,0,4,-6,3,9,67,https://www.football-data.co.uk/mmz4281/2223/E0.csv,2026-05-25
2022-23,West Ham,8,2022-10-01,Wolves,H,2,0,W,3,7,-4,5,9,74,https://www.football-data.co.uk/mmz4281/2223/E0.csv,2026-05-25
2022-23,West Ham,9,2022-10-09,Fulham,H,3,1,W,3,10,-2,8,10,84,https://www.football-data.co.uk/mmz4281/2223/E0.csv,2026-05-25
2022-23,West Ham,10,2022-10-16,Southampton,A,1,1,D,1,11,-2,9,11,96,https://www.football-data.co.uk/mmz4281/2223/E0.csv,2026-05-25
2022-23,West Ham,11,2022-10-19,Liverpool,A,0,1,L,0,11,-3,9,12,102,https://www.football-data.co.uk/mmz4281/2223/E0.csv,2026-05-25
2022-23,West Ham,12,2022-10-24,Bournemouth,H,2,0,W,3,14,-1,11,12,116,https://www.football-data.co.uk/mmz4281/2223/E0.csv,2026-05-25
2022-23,West Ham,13,2022-10-30,Man United,A,0,1,L,0,14,-2,11,13,126,https://www.football-data.co.uk/mmz4281/2223/E0.csv,2026-05-25
2022-23,West Ham,14,2022-11-06,Crystal Palace,H,1,2,L,0,14,-3,12,15,135,https://www.football-data.co.uk/mmz4281/2223/E0.csv,2026-05-25
2022-23,West Ham,15,2022-11-12,Leicester,H,0,2,L,0,14,-5,12,17,142,https://www.football-data.co.uk/mmz4281/2223/E0.csv,2026-05-25
2022-23,West Ham,16,2022-12-26,Arsenal,A,1,3,L,0,14,-7,13,20,153,https://www.football-data.co.uk/mmz4281/2223/E0.csv,2026-05-25
2022-23,West Ham,17,2022-12-30,Brentford,H,0,2,L,0,14,-9,13,22,157,https://www.football-data.co.uk/mmz4281/2223/E0.csv,2026-05-25
2022-23,West Ham,18,2023-01-04,Leeds,A,2,2,D,1,15,-9,15,24,173,https://www.football-data.co.uk/mmz4281/2223/E0.csv,2026-05-25
2022-23,West Ham,19,2023-01-14,Wolves,A,0,1,L,0,15,-10,15,25,183,https://www.football-data.co.uk/mmz4281/2223/E0.csv,2026-05-25
2022-23,West Ham,20,2023-01-21,Everton,H,2,0,W,3,18,-8,17,25,194,https://www.football-data.co.uk/mmz4281/2223/E0.csv,2026-05-25
2022-23,West Ham,21,2023-02-04,Newcastle,A,1,1,D,1,19,-8,18,26,207,https://www.football-data.co.uk/mmz4281/2223/E0.csv,2026-05-25
2022-23,West Ham,22,2023-02-11,Chelsea,H,1,1,D,1,20,-8,19,27,211,https://www.football-data.co.uk/mmz4281/2223/E0.csv,2026-05-25
2022-23,West Ham,23,2023-02-19,Tottenham,A,0,2,L,0,20,-10,19,29,231,https://www.football-data.co.uk/mmz4281/2223/E0.csv,2026-05-25
2022-23,West Ham,24,2023-02-25,Nott'm Forest,H,4,0,W,3,23,-6,23,29,236,https://www.football-data.co.uk/mmz4281/2223/E0.csv,2026-05-25
2022-23,West Ham,25,2023-03-04,Brighton,A,0,4,L,0,23,-10,23,33,245,https://www.football-data.co.uk/mmz4281/2223/E0.csv,2026-05-25
2022-23,West Ham,26,2023-03-12,Aston Villa,H,1,1,D,1,24,-10,24,34,260,https://www.football-data.co.uk/mmz4281/2223/E0.csv,2026-05-25
2022-23,West Ham,27,2023-04-02,Southampton,H,1,0,W,3,27,-9,25,34,278,https://www.football-data.co.uk/mmz4281/2223/E0.csv,2026-05-25
2022-23,West Ham,28,2023-04-05,Newcastle,H,1,5,L,0,27,-13,26,39,286,https://www.football-data.co.uk/mmz4281/2223/E0.csv,2026-05-25
2022-23,West Ham,29,2023-04-08,Fulham,A,1,0,W,3,30,-12,27,39,290,https://www.football-data.co.uk/mmz4281/2223/E0.csv,2026-05-25
2022-23,West Ham,30,2023-04-16,Arsenal,H,2,2,D,1,31,-12,29,41,304,https://www.football-data.co.uk/mmz4281/2223/E0.csv,2026-05-25
2022-23,West Ham,31,2023-04-23,Bournemouth,A,4,0,W,3,34,-8,33,41,313,https://www.football-data.co.uk/mmz4281/2223/E0.csv,2026-05-25
2022-23,West Ham,32,2023-04-26,Liverpool,H,1,2,L,0,34,-9,34,43,320,https://www.football-data.co.uk/mmz4281/2223/E0.csv,2026-05-25
2022-23,West Ham,33,2023-04-29,Crystal Palace,A,3,4,L,0,34,-10,37,47,325,https://www.football-data.co.uk/mmz4281/2223/E0.csv,2026-05-25
2022-23,West Ham,34,2023-05-03,Man City,A,0,3,L,0,34,-13,37,50,336,https://www.football-data.co.uk/mmz4281/2223/E0.csv,2026-05-25
2022-23,West Ham,35,2023-05-07,Man United,H,1,0,W,3,37,-12,38,50,344,https://www.football-data.co.uk/mmz4281/2223/E0.csv,2026-05-25
2022-23,West Ham,36,2023-05-14,Brentford,A,0,2,L,0,37,-14,38,52,354,https://www.football-data.co.uk/mmz4281/2223/E0.csv,2026-05-25
2022-23,West Ham,37,2023-05-21,Leeds,H,3,1,W,3,40,-12,41,53,365,https://www.football-data.co.uk/mmz4281/2223/E0.csv,2026-05-25
2022-23,West Ham,38,2023-05-28,Leicester,A,1,2,L,0,40,-13,42,55,378,https://www.football-data.co.uk/mmz4281/2223/E0.csv,2026-05-25
2022-23,Wolves,1,2022-08-06,Leeds,A,1,2,L,0,0,-1,1,2,4,https://www.football-data.co.uk/mmz4281/2223/E0.csv,2026-05-25
2022-23,Wolves,2,2022-08-13,Fulham,H,0,0,D,1,1,-1,1,2,16,https://www.football-data.co.uk/mmz4281/2223/E0.csv,2026-05-25
2022-23,Wolves,3,2022-08-20,Tottenham,A,0,1,L,0,1,-2,1,3,21,https://www.football-data.co.uk/mmz4281/2223/E0.csv,2026-05-25
2022-23,Wolves,4,2022-08-28,Newcastle,H,1,1,D,1,2,-2,2,4,39,https://www.football-data.co.uk/mmz4281/2223/E0.csv,2026-05-25
2022-23,Wolves,5,2022-08-31,Bournemouth,A,0,0,D,1,3,-2,2,4,46,https://www.football-data.co.uk/mmz4281/2223/E0.csv,2026-05-25
2022-23,Wolves,6,2022-09-03,Southampton,H,1,0,W,3,6,-1,3,4,57,https://www.football-data.co.uk/mmz4281/2223/E0.csv,2026-05-25
2022-23,Wolves,7,2022-09-17,Man City,H,0,3,L,0,6,-4,3,7,63,https://www.football-data.co.uk/mmz4281/2223/E0.csv,2026-05-25
2022-23,Wolves,8,2022-10-01,West Ham,A,0,2,L,0,6,-6,3,9,74,https://www.football-data.co.uk/mmz4281/2223/E0.csv,2026-05-25
2022-23,Wolves,9,2022-10-08,Chelsea,A,0,3,L,0,6,-9,3,12,79,https://www.football-data.co.uk/mmz4281/2223/E0.csv,2026-05-25
2022-23,Wolves,10,2022-10-15,Nott'm Forest,H,1,0,W,3,9,-8,4,12,91,https://www.football-data.co.uk/mmz4281/2223/E0.csv,2026-05-25
2022-23,Wolves,11,2022-10-18,Crystal Palace,A,1,2,L,0,9,-9,5,14,99,https://www.football-data.co.uk/mmz4281/2223/E0.csv,2026-05-25
2022-23,Wolves,12,2022-10-23,Leicester,H,0,4,L,0,9,-13,5,18,114,https://www.football-data.co.uk/mmz4281/2223/E0.csv,2026-05-25
2022-23,Wolves,13,2022-10-29,Brentford,A,1,1,D,1,10,-13,6,19,119,https://www.football-data.co.uk/mmz4281/2223/E0.csv,2026-05-25
2022-23,Wolves,14,2022-11-05,Brighton,H,2,3,L,0,10,-14,8,22,130,https://www.football-data.co.uk/mmz4281/2223/E0.csv,2026-05-25
2022-23,Wolves,15,2022-11-12,Arsenal,H,0,2,L,0,10,-16,8,24,144,https://www.football-data.co.uk/mmz4281/2223/E0.csv,2026-05-25
2022-23,Wolves,16,2022-12-26,Everton,A,2,1,W,3,13,-15,10,25,149,https://www.football-data.co.uk/mmz4281/2223/E0.csv,2026-05-25
2022-23,Wolves,17,2022-12-31,Man United,H,0,1,L,0,13,-16,10,26,159,https://www.football-data.co.uk/mmz4281/2223/E0.csv,2026-05-25
2022-23,Wolves,18,2023-01-04,Aston Villa,A,1,1,D,1,14,-16,11,27,174,https://www.football-data.co.uk/mmz4281/2223/E0.csv,2026-05-25
2022-23,Wolves,19,2023-01-14,West Ham,H,1,0,W,3,17,-15,12,27,183,https://www.football-data.co.uk/mmz4281/2223/E0.csv,2026-05-25
2022-23,Wolves,20,2023-01-22,Man City,A,0,3,L,0,17,-18,12,30,197,https://www.football-data.co.uk/mmz4281/2223/E0.csv,2026-05-25
2022-23,Wolves,21,2023-02-04,Liverpool,H,3,0,W,3,20,-15,15,30,206,https://www.football-data.co.uk/mmz4281/2223/E0.csv,2026-05-25
2022-23,Wolves,22,2023-02-11,Southampton,A,2,1,W,3,23,-14,17,31,216,https://www.football-data.co.uk/mmz4281/2223/E0.csv,2026-05-25
2022-23,Wolves,23,2023-02-18,Bournemouth,H,0,1,L,0,23,-15,17,32,228,https://www.football-data.co.uk/mmz4281/2223/E0.csv,2026-05-25
2022-23,Wolves,24,2023-02-24,Fulham,A,1,1,D,1,24,-15,18,33,232,https://www.football-data.co.uk/mmz4281/2223/E0.csv,2026-05-25
2022-23,Wolves,25,2023-03-01,Liverpool,A,0,2,L,0,24,-17,18,35,241,https://www.football-data.co.uk/mmz4281/2223/E0.csv,2026-05-25
2022-23,Wolves,26,2023-03-04,Tottenham,H,1,0,W,3,27,-16,19,35,247,https://www.football-data.co.uk/mmz4281/2223/E0.csv,2026-05-25
2022-23,Wolves,27,2023-03-12,Newcastle,A,1,2,L,0,27,-17,20,37,261,https://www.football-data.co.uk/mmz4281/2223/E0.csv,2026-05-25
2022-23,Wolves,28,2023-03-18,Leeds,H,2,4,L,0,27,-19,22,41,268,https://www.football-data.co.uk/mmz4281/2223/E0.csv,2026-05-25
2022-23,Wolves,29,2023-04-01,Nott'm Forest,A,1,1,D,1,28,-19,23,42,276,https://www.football-data.co.uk/mmz4281/2223/E0.csv,2026-05-25
2022-23,Wolves,30,2023-04-08,Chelsea,H,1,0,W,3,31,-18,24,42,293,https://www.football-data.co.uk/mmz4281/2223/E0.csv,2026-05-25
2022-23,Wolves,31,2023-04-15,Brentford,H,2,0,W,3,34,-16,26,42,302,https://www.football-data.co.uk/mmz4281/2223/E0.csv,2026-05-25
2022-23,Wolves,32,2023-04-22,Leicester,A,1,2,L,0,34,-17,27,44,311,https://www.football-data.co.uk/mmz4281/2223/E0.csv,2026-05-25
2022-23,Wolves,33,2023-04-25,Crystal Palace,H,2,0,W,3,37,-15,29,44,315,https://www.football-data.co.uk/mmz4281/2223/E0.csv,2026-05-25
2022-23,Wolves,34,2023-04-29,Brighton,A,0,6,L,0,37,-21,29,50,327,https://www.football-data.co.uk/mmz4281/2223/E0.csv,2026-05-25
2022-23,Wolves,35,2023-05-06,Aston Villa,H,1,0,W,3,40,-20,30,50,341,https://www.football-data.co.uk/mmz4281/2223/E0.csv,2026-05-25
2022-23,Wolves,36,2023-05-13,Man United,A,0,2,L,0,40,-22,30,52,352,https://www.football-data.co.uk/mmz4281/2223/E0.csv,2026-05-25
2022-23,Wolves,37,2023-05-20,Everton,H,1,1,D,1,41,-22,31,53,363,https://www.football-data.co.uk/mmz4281/2223/E0.csv,2026-05-25
2022-23,Wolves,38,2023-05-28,Arsenal,A,0,5,L,0,41,-27,31,58,371,https://www.football-data.co.uk/mmz4281/2223/E0.csv,2026-05-25
2023-24,Arsenal,1,2023-08-12,Nott'm Forest,H,2,1,W,3,3,1,2,1,2,https://www.football-data.co.uk/mmz4281/2324/E0.csv,2026-05-25
2023-24,Arsenal,2,2023-08-21,Crystal Palace,A,1,0,W,3,6,2,3,1,19,https://www.football-data.co.uk/mmz4281/2324/E0.csv,2026-05-25
2023-24,Arsenal,3,2023-08-26,Fulham,H,2,2,D,1,7,2,5,3,22,https://www.football-data.co.uk/mmz4281/2324/E0.csv,2026-05-25
2023-24,Arsenal,4,2023-09-03,Man United,H,3,1,W,3,10,4,8,4,39,https://www.football-data.co.uk/mmz4281/2324/E0.csv,2026-05-25
2023-24,Arsenal,5,2023-09-17,Everton,A,1,0,W,3,13,5,9,4,48,https://www.football-data.co.uk/mmz4281/2324/E0.csv,2026-05-25
2023-24,Arsenal,6,2023-09-24,Tottenham,H,2,2,D,1,14,5,11,6,55,https://www.football-data.co.uk/mmz4281/2324/E0.csv,2026-05-25
2023-24,Arsenal,7,2023-09-30,Bournemouth,A,4,0,W,3,17,9,15,6,61,https://www.football-data.co.uk/mmz4281/2324/E0.csv,2026-05-25
2023-24,Arsenal,8,2023-10-08,Man City,H,1,0,W,3,20,10,16,6,80,https://www.football-data.co.uk/mmz4281/2324/E0.csv,2026-05-25
2023-24,Arsenal,9,2023-10-21,Chelsea,A,2,2,D,1,21,10,18,8,87,https://www.football-data.co.uk/mmz4281/2324/E0.csv,2026-05-25
2023-24,Arsenal,10,2023-10-28,Sheffield United,H,5,0,W,3,24,15,23,8,93,https://www.football-data.co.uk/mmz4281/2324/E0.csv,2026-05-25
2023-24,Arsenal,11,2023-11-04,Newcastle,A,0,1,L,0,24,14,23,9,107,https://www.football-data.co.uk/mmz4281/2324/E0.csv,2026-05-25
2023-24,Arsenal,12,2023-11-11,Burnley,H,3,1,W,3,27,16,26,10,112,https://www.football-data.co.uk/mmz4281/2324/E0.csv,2026-05-25
2023-24,Arsenal,13,2023-11-25,Brentford,A,1,0,W,3,30,17,27,10,127,https://www.football-data.co.uk/mmz4281/2324/E0.csv,2026-05-25
2023-24,Arsenal,14,2023-12-02,Wolves,H,2,1,W,3,33,18,29,11,131,https://www.football-data.co.uk/mmz4281/2324/E0.csv,2026-05-25
2023-24,Arsenal,15,2023-12-05,Luton,A,4,3,W,3,36,19,33,14,142,https://www.football-data.co.uk/mmz4281/2324/E0.csv,2026-05-25
2023-24,Arsenal,16,2023-12-09,Aston Villa,A,0,1,L,0,36,18,33,15,156,https://www.football-data.co.uk/mmz4281/2324/E0.csv,2026-05-25
2023-24,Arsenal,17,2023-12-17,Brighton,H,2,0,W,3,39,20,35,15,166,https://www.football-data.co.uk/mmz4281/2324/E0.csv,2026-05-25
2023-24,Arsenal,18,2023-12-23,Liverpool,A,1,1,D,1,40,20,36,16,177,https://www.football-data.co.uk/mmz4281/2324/E0.csv,2026-05-25
2023-24,Arsenal,19,2023-12-28,West Ham,H,0,2,L,0,40,18,36,18,188,https://www.football-data.co.uk/mmz4281/2324/E0.csv,2026-05-25
2023-24,Arsenal,20,2023-12-31,Fulham,A,1,2,L,0,40,17,37,20,195,https://www.football-data.co.uk/mmz4281/2324/E0.csv,2026-05-25
2023-24,Arsenal,21,2024-01-20,Crystal Palace,H,5,0,W,3,43,22,42,20,204,https://www.football-data.co.uk/mmz4281/2324/E0.csv,2026-05-25
2023-24,Arsenal,22,2024-01-30,Nott'm Forest,A,2,1,W,3,46,23,44,21,209,https://www.football-data.co.uk/mmz4281/2324/E0.csv,2026-05-25
2023-24,Arsenal,23,2024-02-04,Liverpool,H,3,1,W,3,49,25,47,22,227,https://www.football-data.co.uk/mmz4281/2324/E0.csv,2026-05-25
2023-24,Arsenal,24,2024-02-11,West Ham,A,6,0,W,3,52,31,53,22,236,https://www.football-data.co.uk/mmz4281/2324/E0.csv,2026-05-25
2023-24,Arsenal,25,2024-02-17,Burnley,A,5,0,W,3,55,36,58,22,240,https://www.football-data.co.uk/mmz4281/2324/E0.csv,2026-05-25
2023-24,Arsenal,26,2024-02-24,Newcastle,H,4,1,W,3,58,39,62,23,256,https://www.football-data.co.uk/mmz4281/2324/E0.csv,2026-05-25
2023-24,Arsenal,27,2024-03-04,Sheffield United,A,6,0,W,3,61,45,68,23,268,https://www.football-data.co.uk/mmz4281/2324/E0.csv,2026-05-25
2023-24,Arsenal,28,2024-03-09,Brentford,H,2,1,W,3,64,46,70,24,273,https://www.football-data.co.uk/mmz4281/2324/E0.csv,2026-05-25
2023-24,Arsenal,29,2024-03-31,Man City,A,0,0,D,1,65,46,70,24,293,https://www.football-data.co.uk/mmz4281/2324/E0.csv,2026-05-25
2023-24,Arsenal,30,2024-04-03,Luton,H,2,0,W,3,68,48,72,24,299,https://www.football-data.co.uk/mmz4281/2324/E0.csv,2026-05-25
2023-24,Arsenal,31,2024-04-06,Brighton,A,3,0,W,3,71,51,75,24,310,https://www.football-data.co.uk/mmz4281/2324/E0.csv,2026-05-25
2023-24,Arsenal,32,2024-04-14,Aston Villa,H,0,2,L,0,71,49,75,26,322,https://www.football-data.co.uk/mmz4281/2324/E0.csv,2026-05-25
2023-24,Arsenal,33,2024-04-20,Wolves,A,2,0,W,3,74,51,77,26,326,https://www.football-data.co.uk/mmz4281/2324/E0.csv,2026-05-25
2023-24,Arsenal,34,2024-04-23,Chelsea,H,5,0,W,3,77,56,82,26,331,https://www.football-data.co.uk/mmz4281/2324/E0.csv,2026-05-25
2023-24,Arsenal,35,2024-04-28,Tottenham,A,3,2,W,3,80,57,85,28,345,https://www.football-data.co.uk/mmz4281/2324/E0.csv,2026-05-25
2023-24,Arsenal,36,2024-05-04,Bournemouth,H,3,0,W,3,83,60,88,28,349,https://www.football-data.co.uk/mmz4281/2324/E0.csv,2026-05-25
2023-24,Arsenal,37,2024-05-12,Man United,A,1,0,W,3,86,61,89,28,366,https://www.football-data.co.uk/mmz4281/2324/E0.csv,2026-05-25
2023-24,Arsenal,38,2024-05-19,Everton,H,2,1,W,3,89,62,91,29,371,https://www.football-data.co.uk/mmz4281/2324/E0.csv,2026-05-25
2023-24,Aston Villa,1,2023-08-12,Newcastle,A,1,5,L,0,0,-4,1,5,7,https://www.football-data.co.uk/mmz4281/2324/E0.csv,2026-05-25
2023-24,Aston Villa,2,2023-08-20,Everton,H,4,0,W,3,3,0,5,5,17,https://www.football-data.co.uk/mmz4281/2324/E0.csv,2026-05-25
2023-24,Aston Villa,3,2023-08-27,Burnley,A,3,1,W,3,6,2,8,6,27,https://www.football-data.co.uk/mmz4281/2324/E0.csv,2026-05-25
2023-24,Aston Villa,4,2023-09-03,Liverpool,A,0,3,L,0,6,-1,8,9,38,https://www.football-data.co.uk/mmz4281/2324/E0.csv,2026-05-25
2023-24,Aston Villa,5,2023-09-16,Crystal Palace,H,3,1,W,3,9,1,11,10,41,https://www.football-data.co.uk/mmz4281/2324/E0.csv,2026-05-25
2023-24,Aston Villa,6,2023-09-24,Chelsea,A,1,0,W,3,12,2,12,10,57,https://www.football-data.co.uk/mmz4281/2324/E0.csv,2026-05-25
2023-24,Aston Villa,7,2023-09-30,Brighton,H,6,1,W,3,15,7,18,11,60,https://www.football-data.co.uk/mmz4281/2324/E0.csv,2026-05-25
2023-24,Aston Villa,8,2023-10-08,Wolves,A,1,1,D,1,16,7,19,12,79,https://www.football-data.co.uk/mmz4281/2324/E0.csv,2026-05-25
2023-24,Aston Villa,9,2023-10-22,West Ham,H,4,1,W,3,19,10,23,13,89,https://www.football-data.co.uk/mmz4281/2324/E0.csv,2026-05-25
2023-24,Aston Villa,10,2023-10-29,Luton,H,3,1,W,3,22,12,26,14,97,https://www.football-data.co.uk/mmz4281/2324/E0.csv,2026-05-25
2023-24,Aston Villa,11,2023-11-05,Nott'm Forest,A,0,2,L,0,22,10,26,16,108,https://www.football-data.co.uk/mmz4281/2324/E0.csv,2026-05-25
2023-24,Aston Villa,12,2023-11-12,Fulham,H,3,1,W,3,25,12,29,17,116,https://www.football-data.co.uk/mmz4281/2324/E0.csv,2026-05-25
2023-24,Aston Villa,13,2023-11-26,Tottenham,A,2,1,W,3,28,13,31,18,128,https://www.football-data.co.uk/mmz4281/2324/E0.csv,2026-05-25
2023-24,Aston Villa,14,2023-12-03,Bournemouth,A,2,2,D,1,29,13,33,20,136,https://www.football-data.co.uk/mmz4281/2324/E0.csv,2026-05-25
2023-24,Aston Villa,15,2023-12-06,Man City,H,1,0,W,3,32,14,34,20,147,https://www.football-data.co.uk/mmz4281/2324/E0.csv,2026-05-25
2023-24,Aston Villa,16,2023-12-09,Arsenal,H,1,0,W,3,35,15,35,20,156,https://www.football-data.co.uk/mmz4281/2324/E0.csv,2026-05-25
2023-24,Aston Villa,17,2023-12-17,Brentford,A,2,1,W,3,38,16,37,21,167,https://www.football-data.co.uk/mmz4281/2324/E0.csv,2026-05-25
2023-24,Aston Villa,18,2023-12-22,Sheffield United,H,1,1,D,1,39,16,38,22,171,https://www.football-data.co.uk/mmz4281/2324/E0.csv,2026-05-25
2023-24,Aston Villa,19,2023-12-26,Man United,A,2,3,L,0,39,15,40,25,183,https://www.football-data.co.uk/mmz4281/2324/E0.csv,2026-05-25
2023-24,Aston Villa,20,2023-12-30,Burnley,H,3,2,W,3,42,16,43,27,190,https://www.football-data.co.uk/mmz4281/2324/E0.csv,2026-05-25
2023-24,Aston Villa,21,2024-01-14,Everton,A,0,0,D,1,43,16,43,27,202,https://www.football-data.co.uk/mmz4281/2324/E0.csv,2026-05-25
2023-24,Aston Villa,22,2024-01-30,Newcastle,H,1,3,L,0,43,14,44,30,213,https://www.football-data.co.uk/mmz4281/2324/E0.csv,2026-05-25
2023-24,Aston Villa,23,2024-02-03,Sheffield United,A,5,0,W,3,46,19,49,30,223,https://www.football-data.co.uk/mmz4281/2324/E0.csv,2026-05-25
2023-24,Aston Villa,24,2024-02-11,Man United,H,1,2,L,0,46,18,50,32,237,https://www.football-data.co.uk/mmz4281/2324/E0.csv,2026-05-25
2023-24,Aston Villa,25,2024-02-17,Fulham,A,2,1,W,3,49,19,52,33,241,https://www.football-data.co.uk/mmz4281/2324/E0.csv,2026-05-25
2023-24,Aston Villa,26,2024-02-24,Nott'm Forest,H,4,2,W,3,52,21,56,35,251,https://www.football-data.co.uk/mmz4281/2324/E0.csv,2026-05-25
2023-24,Aston Villa,27,2024-03-02,Luton,A,3,2,W,3,55,22,59,37,265,https://www.football-data.co.uk/mmz4281/2324/E0.csv,2026-05-25
2023-24,Aston Villa,28,2024-03-10,Tottenham,H,0,4,L,0,55,18,59,41,274,https://www.football-data.co.uk/mmz4281/2324/E0.csv,2026-05-25
2023-24,Aston Villa,29,2024-03-17,West Ham,A,1,1,D,1,56,18,60,42,283,https://www.football-data.co.uk/mmz4281/2324/E0.csv,2026-05-25
2023-24,Aston Villa,30,2024-03-30,Wolves,H,2,0,W,3,59,20,62,42,290,https://www.football-data.co.uk/mmz4281/2324/E0.csv,2026-05-25
2023-24,Aston Villa,31,2024-04-03,Man City,A,1,4,L,0,59,17,63,46,301,https://www.football-data.co.uk/mmz4281/2324/E0.csv,2026-05-25
2023-24,Aston Villa,32,2024-04-06,Brentford,H,3,3,D,1,60,17,66,49,305,https://www.football-data.co.uk/mmz4281/2324/E0.csv,2026-05-25
2023-24,Aston Villa,33,2024-04-14,Arsenal,A,2,0,W,3,63,19,68,49,322,https://www.football-data.co.uk/mmz4281/2324/E0.csv,2026-05-25
2023-24,Aston Villa,34,2024-04-21,Bournemouth,H,3,1,W,3,66,21,71,50,328,https://www.football-data.co.uk/mmz4281/2324/E0.csv,2026-05-25
2023-24,Aston Villa,35,2024-04-27,Chelsea,H,2,2,D,1,67,21,73,52,343,https://www.football-data.co.uk/mmz4281/2324/E0.csv,2026-05-25
2023-24,Aston Villa,36,2024-05-05,Brighton,A,0,1,L,0,67,20,73,53,354,https://www.football-data.co.uk/mmz4281/2324/E0.csv,2026-05-25
2023-24,Aston Villa,37,2024-05-13,Liverpool,H,3,3,D,1,68,20,76,56,367,https://www.football-data.co.uk/mmz4281/2324/E0.csv,2026-05-25
2023-24,Aston Villa,38,2024-05-19,Crystal Palace,A,0,5,L,0,68,15,76,61,376,https://www.football-data.co.uk/mmz4281/2324/E0.csv,2026-05-25
2023-24,Bournemouth,1,2023-08-12,West Ham,H,1,1,D,1,1,0,1,1,3,https://www.football-data.co.uk/mmz4281/2324/E0.csv,2026-05-25
2023-24,Bournemouth,2,2023-08-19,Liverpool,A,1,3,L,0,1,-2,2,4,13,https://www.football-data.co.uk/mmz4281/2324/E0.csv,2026-05-25
2023-24,Bournemouth,3,2023-08-26,Tottenham,H,0,2,L,0,1,-4,2,6,21,https://www.football-data.co.uk/mmz4281/2324/E0.csv,2026-05-25
2023-24,Bournemouth,4,2023-09-02,Brentford,A,2,2,D,1,2,-4,4,8,32,https://www.football-data.co.uk/mmz4281/2324/E0.csv,2026-05-25
2023-24,Bournemouth,5,2023-09-17,Chelsea,H,0,0,D,1,3,-4,4,8,47,https://www.football-data.co.uk/mmz4281/2324/E0.csv,2026-05-25
2023-24,Bournemouth,6,2023-09-24,Brighton,A,1,3,L,0,3,-6,5,11,56,https://www.football-data.co.uk/mmz4281/2324/E0.csv,2026-05-25
2023-24,Bournemouth,7,2023-09-30,Arsenal,H,0,4,L,0,3,-10,5,15,61,https://www.football-data.co.uk/mmz4281/2324/E0.csv,2026-05-25
2023-24,Bournemouth,8,2023-10-07,Everton,A,0,3,L,0,3,-13,5,18,73,https://www.football-data.co.uk/mmz4281/2324/E0.csv,2026-05-25
2023-24,Bournemouth,9,2023-10-21,Wolves,H,1,2,L,0,3,-14,6,20,82,https://www.football-data.co.uk/mmz4281/2324/E0.csv,2026-05-25
2023-24,Bournemouth,10,2023-10-28,Burnley,H,2,1,W,3,6,-13,8,21,94,https://www.football-data.co.uk/mmz4281/2324/E0.csv,2026-05-25
2023-24,Bournemouth,11,2023-11-04,Man City,A,1,6,L,0,6,-18,9,27,105,https://www.football-data.co.uk/mmz4281/2324/E0.csv,2026-05-25
2023-24,Bournemouth,12,2023-11-11,Newcastle,H,2,0,W,3,9,-16,11,27,115,https://www.football-data.co.uk/mmz4281/2324/E0.csv,2026-05-25
2023-24,Bournemouth,13,2023-11-25,Sheffield United,A,3,1,W,3,12,-14,14,28,126,https://www.football-data.co.uk/mmz4281/2324/E0.csv,2026-05-25
2023-24,Bournemouth,14,2023-12-03,Aston Villa,H,2,2,D,1,13,-14,16,30,136,https://www.football-data.co.uk/mmz4281/2324/E0.csv,2026-05-25
2023-24,Bournemouth,15,2023-12-06,Crystal Palace,A,2,0,W,3,16,-12,18,30,144,https://www.football-data.co.uk/mmz4281/2324/E0.csv,2026-05-25
2023-24,Bournemouth,16,2023-12-09,Man United,A,3,0,W,3,19,-9,21,30,153,https://www.football-data.co.uk/mmz4281/2324/E0.csv,2026-05-25
2023-24,Bournemouth,17,2023-12-23,Nott'm Forest,A,3,2,W,3,22,-8,24,32,175,https://www.football-data.co.uk/mmz4281/2324/E0.csv,2026-05-25
2023-24,Bournemouth,18,2023-12-26,Fulham,H,3,0,W,3,25,-5,27,32,180,https://www.football-data.co.uk/mmz4281/2324/E0.csv,2026-05-25
2023-24,Bournemouth,19,2023-12-31,Tottenham,A,1,3,L,0,25,-7,28,35,196,https://www.football-data.co.uk/mmz4281/2324/E0.csv,2026-05-25
2023-24,Bournemouth,20,2024-01-21,Liverpool,H,0,4,L,0,25,-11,28,39,207,https://www.football-data.co.uk/mmz4281/2324/E0.csv,2026-05-25
2023-24,Bournemouth,21,2024-02-01,West Ham,A,1,1,D,1,26,-11,29,40,217,https://www.football-data.co.uk/mmz4281/2324/E0.csv,2026-05-25
2023-24,Bournemouth,22,2024-02-04,Nott'm Forest,H,1,1,D,1,27,-11,30,41,224,https://www.football-data.co.uk/mmz4281/2324/E0.csv,2026-05-25
2023-24,Bournemouth,23,2024-02-10,Fulham,A,1,3,L,0,27,-13,31,44,230,https://www.football-data.co.uk/mmz4281/2324/E0.csv,2026-05-25
2023-24,Bournemouth,24,2024-02-17,Newcastle,A,2,2,D,1,28,-13,33,46,242,https://www.football-data.co.uk/mmz4281/2324/E0.csv,2026-05-25
2023-24,Bournemouth,25,2024-02-24,Man City,H,0,1,L,0,28,-14,33,47,255,https://www.football-data.co.uk/mmz4281/2324/E0.csv,2026-05-25
2023-24,Bournemouth,26,2024-03-03,Burnley,A,2,0,W,3,31,-12,35,47,266,https://www.football-data.co.uk/mmz4281/2324/E0.csv,2026-05-25
2023-24,Bournemouth,27,2024-03-09,Sheffield United,H,2,2,D,1,32,-12,37,49,270,https://www.football-data.co.uk/mmz4281/2324/E0.csv,2026-05-25
2023-24,Bournemouth,28,2024-03-13,Luton,H,4,3,W,3,35,-11,41,52,279,https://www.football-data.co.uk/mmz4281/2324/E0.csv,2026-05-25
2023-24,Bournemouth,29,2024-03-30,Everton,H,2,1,W,3,38,-10,43,53,285,https://www.football-data.co.uk/mmz4281/2324/E0.csv,2026-05-25
2023-24,Bournemouth,30,2024-04-02,Crystal Palace,H,1,0,W,3,41,-9,44,53,296,https://www.football-data.co.uk/mmz4281/2324/E0.csv,2026-05-25
2023-24,Bournemouth,31,2024-04-06,Luton,A,1,2,L,0,41,-10,45,55,308,https://www.football-data.co.uk/mmz4281/2324/E0.csv,2026-05-25
2023-24,Bournemouth,32,2024-04-13,Man United,H,2,2,D,1,42,-10,47,57,319,https://www.football-data.co.uk/mmz4281/2324/E0.csv,2026-05-25
2023-24,Bournemouth,33,2024-04-21,Aston Villa,A,1,3,L,0,42,-12,48,60,328,https://www.football-data.co.uk/mmz4281/2324/E0.csv,2026-05-25
2023-24,Bournemouth,34,2024-04-24,Wolves,A,1,0,W,3,45,-11,49,60,332,https://www.football-data.co.uk/mmz4281/2324/E0.csv,2026-05-25
2023-24,Bournemouth,35,2024-04-28,Brighton,H,3,0,W,3,48,-8,52,60,344,https://www.football-data.co.uk/mmz4281/2324/E0.csv,2026-05-25
2023-24,Bournemouth,36,2024-05-04,Arsenal,A,0,3,L,0,48,-11,52,63,349,https://www.football-data.co.uk/mmz4281/2324/E0.csv,2026-05-25
2023-24,Bournemouth,37,2024-05-11,Brentford,H,1,2,L,0,48,-12,53,65,359,https://www.football-data.co.uk/mmz4281/2324/E0.csv,2026-05-25
2023-24,Bournemouth,38,2024-05-19,Chelsea,A,1,2,L,0,48,-13,54,67,375,https://www.football-data.co.uk/mmz4281/2324/E0.csv,2026-05-25
2023-24,Brentford,1,2023-08-13,Tottenham,H,2,2,D,1,1,0,2,2,8,https://www.football-data.co.uk/mmz4281/2324/E0.csv,2026-05-25
2023-24,Brentford,2,2023-08-19,Fulham,A,3,0,W,3,4,3,5,2,12,https://www.football-data.co.uk/mmz4281/2324/E0.csv,2026-05-25
2023-24,Brentford,3,2023-08-26,Crystal Palace,H,1,1,D,1,5,3,6,3,23,https://www.football-data.co.uk/mmz4281/2324/E0.csv,2026-05-25
2023-24,Brentford,4,2023-09-02,Bournemouth,H,2,2,D,1,6,3,8,5,32,https://www.football-data.co.uk/mmz4281/2324/E0.csv,2026-05-25
2023-24,Brentford,5,2023-09-16,Newcastle,A,0,1,L,0,6,2,8,6,46,https://www.football-data.co.uk/mmz4281/2324/E0.csv,2026-05-25
2023-24,Brentford,6,2023-09-23,Everton,H,1,3,L,0,6,0,9,9,53,https://www.football-data.co.uk/mmz4281/2324/E0.csv,2026-05-25
2023-24,Brentford,7,2023-10-01,Nott'm Forest,A,1,1,D,1,7,0,10,10,68,https://www.football-data.co.uk/mmz4281/2324/E0.csv,2026-05-25
2023-24,Brentford,8,2023-10-07,Man United,A,1,2,L,0,7,-1,11,12,75,https://www.football-data.co.uk/mmz4281/2324/E0.csv,2026-05-25
2023-24,Brentford,9,2023-10-21,Burnley,H,3,0,W,3,10,2,14,12,83,https://www.football-data.co.uk/mmz4281/2324/E0.csv,2026-05-25
2023-24,Brentford,10,2023-10-28,Chelsea,A,2,0,W,3,13,4,16,12,92,https://www.football-data.co.uk/mmz4281/2324/E0.csv,2026-05-25
2023-24,Brentford,11,2023-11-04,West Ham,H,3,2,W,3,16,5,19,14,102,https://www.football-data.co.uk/mmz4281/2324/E0.csv,2026-05-25
2023-24,Brentford,12,2023-11-12,Liverpool,A,0,3,L,0,16,2,19,17,118,https://www.football-data.co.uk/mmz4281/2324/E0.csv,2026-05-25
2023-24,Brentford,13,2023-11-25,Arsenal,H,0,1,L,0,16,1,19,18,127,https://www.football-data.co.uk/mmz4281/2324/E0.csv,2026-05-25
2023-24,Brentford,14,2023-12-02,Luton,H,3,1,W,3,19,3,22,19,132,https://www.football-data.co.uk/mmz4281/2324/E0.csv,2026-05-25
2023-24,Brentford,15,2023-12-06,Brighton,A,1,2,L,0,19,2,23,21,143,https://www.football-data.co.uk/mmz4281/2324/E0.csv,2026-05-25
2023-24,Brentford,16,2023-12-09,Sheffield United,A,0,1,L,0,19,1,23,22,154,https://www.football-data.co.uk/mmz4281/2324/E0.csv,2026-05-25
2023-24,Brentford,17,2023-12-17,Aston Villa,H,1,2,L,0,19,0,24,24,167,https://www.football-data.co.uk/mmz4281/2324/E0.csv,2026-05-25
2023-24,Brentford,18,2023-12-27,Wolves,H,1,4,L,0,19,-3,25,28,184,https://www.football-data.co.uk/mmz4281/2324/E0.csv,2026-05-25
2023-24,Brentford,19,2023-12-30,Crystal Palace,A,1,3,L,0,19,-5,26,31,191,https://www.football-data.co.uk/mmz4281/2324/E0.csv,2026-05-25
2023-24,Brentford,20,2024-01-20,Nott'm Forest,H,3,2,W,3,22,-4,29,33,205,https://www.football-data.co.uk/mmz4281/2324/E0.csv,2026-05-25
2023-24,Brentford,21,2024-01-31,Tottenham,A,2,3,L,0,22,-5,31,36,215,https://www.football-data.co.uk/mmz4281/2324/E0.csv,2026-05-25
2023-24,Brentford,22,2024-02-05,Man City,H,1,3,L,0,22,-7,32,39,228,https://www.football-data.co.uk/mmz4281/2324/E0.csv,2026-05-25
2023-24,Brentford,23,2024-02-10,Wolves,A,2,0,W,3,25,-5,34,39,234,https://www.football-data.co.uk/mmz4281/2324/E0.csv,2026-05-25
2023-24,Brentford,24,2024-02-17,Liverpool,H,1,4,L,0,25,-8,35,43,239,https://www.football-data.co.uk/mmz4281/2324/E0.csv,2026-05-25
2023-24,Brentford,25,2024-02-20,Man City,A,0,1,L,0,25,-9,35,44,249,https://www.football-data.co.uk/mmz4281/2324/E0.csv,2026-05-25
2023-24,Brentford,26,2024-02-26,West Ham,A,2,4,L,0,25,-11,37,48,258,https://www.football-data.co.uk/mmz4281/2324/E0.csv,2026-05-25
2023-24,Brentford,27,2024-03-02,Chelsea,H,2,2,D,1,26,-11,39,50,259,https://www.football-data.co.uk/mmz4281/2324/E0.csv,2026-05-25
2023-24,Brentford,28,2024-03-09,Arsenal,A,1,2,L,0,26,-12,40,52,273,https://www.football-data.co.uk/mmz4281/2324/E0.csv,2026-05-25
2023-24,Brentford,29,2024-03-16,Burnley,A,1,2,L,0,26,-13,41,54,280,https://www.football-data.co.uk/mmz4281/2324/E0.csv,2026-05-25
2023-24,Brentford,30,2024-03-30,Man United,H,1,1,D,1,27,-13,42,55,291,https://www.football-data.co.uk/mmz4281/2324/E0.csv,2026-05-25
2023-24,Brentford,31,2024-04-03,Brighton,H,0,0,D,1,28,-13,42,55,300,https://www.football-data.co.uk/mmz4281/2324/E0.csv,2026-05-25
2023-24,Brentford,32,2024-04-06,Aston Villa,A,3,3,D,1,29,-13,45,58,305,https://www.football-data.co.uk/mmz4281/2324/E0.csv,2026-05-25
2023-24,Brentford,33,2024-04-13,Sheffield United,H,2,0,W,3,32,-11,47,58,315,https://www.football-data.co.uk/mmz4281/2324/E0.csv,2026-05-25
2023-24,Brentford,34,2024-04-20,Luton,A,5,1,W,3,35,-7,52,59,324,https://www.football-data.co.uk/mmz4281/2324/E0.csv,2026-05-25
2023-24,Brentford,35,2024-04-27,Everton,A,0,1,L,0,35,-8,52,60,342,https://www.football-data.co.uk/mmz4281/2324/E0.csv,2026-05-25
2023-24,Brentford,36,2024-05-04,Fulham,H,0,0,D,1,36,-8,52,60,350,https://www.football-data.co.uk/mmz4281/2324/E0.csv,2026-05-25
2023-24,Brentford,37,2024-05-11,Bournemouth,A,2,1,W,3,39,-7,54,61,359,https://www.football-data.co.uk/mmz4281/2324/E0.csv,2026-05-25
2023-24,Brentford,38,2024-05-19,Newcastle,H,2,4,L,0,39,-9,56,65,372,https://www.football-data.co.uk/mmz4281/2324/E0.csv,2026-05-25
2023-24,Brighton,1,2023-08-12,Luton,H,4,1,W,3,3,3,4,1,4,https://www.football-data.co.uk/mmz4281/2324/E0.csv,2026-05-25
2023-24,Brighton,2,2023-08-19,Wolves,A,4,1,W,3,6,6,8,2,14,https://www.football-data.co.uk/mmz4281/2324/E0.csv,2026-05-25
2023-24,Brighton,3,2023-08-26,West Ham,H,1,3,L,0,6,4,9,5,26,https://www.football-data.co.uk/mmz4281/2324/E0.csv,2026-05-25
2023-24,Brighton,4,2023-09-02,Newcastle,H,3,1,W,3,9,6,12,6,36,https://www.football-data.co.uk/mmz4281/2324/E0.csv,2026-05-25
2023-24,Brighton,5,2023-09-16,Man United,A,3,1,W,3,12,8,15,7,43,https://www.football-data.co.uk/mmz4281/2324/E0.csv,2026-05-25
2023-24,Brighton,6,2023-09-24,Bournemouth,H,3,1,W,3,15,10,18,8,56,https://www.football-data.co.uk/mmz4281/2324/E0.csv,2026-05-25
2023-24,Brighton,7,2023-09-30,Aston Villa,A,1,6,L,0,15,5,19,14,60,https://www.football-data.co.uk/mmz4281/2324/E0.csv,2026-05-25
2023-24,Brighton,8,2023-10-08,Liverpool,H,2,2,D,1,16,5,21,16,77,https://www.football-data.co.uk/mmz4281/2324/E0.csv,2026-05-25
2023-24,Brighton,9,2023-10-21,Man City,A,1,2,L,0,16,4,22,18,84,https://www.football-data.co.uk/mmz4281/2324/E0.csv,2026-05-25
2023-24,Brighton,10,2023-10-29,Fulham,H,1,1,D,1,17,4,23,19,98,https://www.football-data.co.uk/mmz4281/2324/E0.csv,2026-05-25
2023-24,Brighton,11,2023-11-04,Everton,A,1,1,D,1,18,4,24,20,104,https://www.football-data.co.uk/mmz4281/2324/E0.csv,2026-05-25
2023-24,Brighton,12,2023-11-12,Sheffield United,H,1,1,D,1,19,4,25,21,117,https://www.football-data.co.uk/mmz4281/2324/E0.csv,2026-05-25
2023-24,Brighton,13,2023-11-25,Nott'm Forest,A,3,2,W,3,22,5,28,23,125,https://www.football-data.co.uk/mmz4281/2324/E0.csv,2026-05-25
2023-24,Brighton,14,2023-12-03,Chelsea,A,2,3,L,0,22,4,30,26,137,https://www.football-data.co.uk/mmz4281/2324/E0.csv,2026-05-25
2023-24,Brighton,15,2023-12-06,Brentford,H,2,1,W,3,25,5,32,27,143,https://www.football-data.co.uk/mmz4281/2324/E0.csv,2026-05-25
2023-24,Brighton,16,2023-12-09,Burnley,H,1,1,D,1,26,5,33,28,152,https://www.football-data.co.uk/mmz4281/2324/E0.csv,2026-05-25
2023-24,Brighton,17,2023-12-17,Arsenal,A,0,2,L,0,26,3,33,30,166,https://www.football-data.co.uk/mmz4281/2324/E0.csv,2026-05-25
2023-24,Brighton,18,2023-12-21,Crystal Palace,A,1,1,D,1,27,3,34,31,170,https://www.football-data.co.uk/mmz4281/2324/E0.csv,2026-05-25
2023-24,Brighton,19,2023-12-28,Tottenham,H,4,2,W,3,30,5,38,33,187,https://www.football-data.co.uk/mmz4281/2324/E0.csv,2026-05-25
2023-24,Brighton,20,2024-01-02,West Ham,A,0,0,D,1,31,5,38,33,198,https://www.football-data.co.uk/mmz4281/2324/E0.csv,2026-05-25
2023-24,Brighton,21,2024-01-22,Wolves,H,0,0,D,1,32,5,38,33,208,https://www.football-data.co.uk/mmz4281/2324/E0.csv,2026-05-25
2023-24,Brighton,22,2024-01-30,Luton,A,0,4,L,0,32,1,38,37,211,https://www.football-data.co.uk/mmz4281/2324/E0.csv,2026-05-25
2023-24,Brighton,23,2024-02-03,Crystal Palace,H,4,1,W,3,35,4,42,38,220,https://www.football-data.co.uk/mmz4281/2324/E0.csv,2026-05-25
2023-24,Brighton,24,2024-02-10,Tottenham,A,1,2,L,0,35,3,43,40,233,https://www.football-data.co.uk/mmz4281/2324/E0.csv,2026-05-25
2023-24,Brighton,25,2024-02-18,Sheffield United,A,5,0,W,3,38,8,48,40,246,https://www.football-data.co.uk/mmz4281/2324/E0.csv,2026-05-25
2023-24,Brighton,26,2024-02-24,Everton,H,1,1,D,1,39,8,49,41,252,https://www.football-data.co.uk/mmz4281/2324/E0.csv,2026-05-25
2023-24,Brighton,27,2024-03-02,Fulham,A,0,3,L,0,39,5,49,44,261,https://www.football-data.co.uk/mmz4281/2324/E0.csv,2026-05-25
2023-24,Brighton,28,2024-03-10,Nott'm Forest,H,1,0,W,3,42,6,50,44,275,https://www.football-data.co.uk/mmz4281/2324/E0.csv,2026-05-25
2023-24,Brighton,29,2024-03-31,Liverpool,A,1,2,L,0,42,5,51,46,292,https://www.football-data.co.uk/mmz4281/2324/E0.csv,2026-05-25
2023-24,Brighton,30,2024-04-03,Brentford,A,0,0,D,1,43,5,51,46,300,https://www.football-data.co.uk/mmz4281/2324/E0.csv,2026-05-25
2023-24,Brighton,31,2024-04-06,Arsenal,H,0,3,L,0,43,2,51,49,310,https://www.football-data.co.uk/mmz4281/2324/E0.csv,2026-05-25
2023-24,Brighton,32,2024-04-13,Burnley,A,1,1,D,1,44,2,52,50,316,https://www.football-data.co.uk/mmz4281/2324/E0.csv,2026-05-25
2023-24,Brighton,33,2024-04-25,Man City,H,0,4,L,0,44,-2,52,54,336,https://www.football-data.co.uk/mmz4281/2324/E0.csv,2026-05-25
2023-24,Brighton,34,2024-04-28,Bournemouth,A,0,3,L,0,44,-5,52,57,344,https://www.football-data.co.uk/mmz4281/2324/E0.csv,2026-05-25
2023-24,Brighton,35,2024-05-05,Aston Villa,H,1,0,W,3,47,-4,53,57,354,https://www.football-data.co.uk/mmz4281/2324/E0.csv,2026-05-25
2023-24,Brighton,36,2024-05-11,Newcastle,A,1,1,D,1,48,-4,54,58,361,https://www.football-data.co.uk/mmz4281/2324/E0.csv,2026-05-25
2023-24,Brighton,37,2024-05-15,Chelsea,H,1,2,L,0,48,-5,55,60,369,https://www.football-data.co.uk/mmz4281/2324/E0.csv,2026-05-25
2023-24,Brighton,38,2024-05-19,Man United,H,0,2,L,0,48,-7,55,62,373,https://www.football-data.co.uk/mmz4281/2324/E0.csv,2026-05-25
2023-24,Burnley,1,2023-08-11,Man City,H,0,3,L,0,0,-3,0,3,1,https://www.football-data.co.uk/mmz4281/2324/E0.csv,2026-05-25
2023-24,Burnley,2,2023-08-27,Aston Villa,H,1,3,L,0,0,-5,1,6,27,https://www.football-data.co.uk/mmz4281/2324/E0.csv,2026-05-25
2023-24,Burnley,3,2023-09-02,Tottenham,H,2,5,L,0,0,-8,3,11,33,https://www.football-data.co.uk/mmz4281/2324/E0.csv,2026-05-25
2023-24,Burnley,4,2023-09-18,Nott'm Forest,A,1,1,D,1,1,-8,4,12,49,https://www.football-data.co.uk/mmz4281/2324/E0.csv,2026-05-25
2023-24,Burnley,5,2023-09-23,Man United,H,0,1,L,0,1,-9,4,13,54,https://www.football-data.co.uk/mmz4281/2324/E0.csv,2026-05-25
2023-24,Burnley,6,2023-09-30,Newcastle,A,0,2,L,0,1,-11,4,15,64,https://www.football-data.co.uk/mmz4281/2324/E0.csv,2026-05-25
2023-24,Burnley,7,2023-10-03,Luton,A,2,1,W,3,4,-10,6,16,70,https://www.football-data.co.uk/mmz4281/2324/E0.csv,2026-05-25
2023-24,Burnley,8,2023-10-07,Chelsea,H,1,4,L,0,4,-13,7,20,72,https://www.football-data.co.uk/mmz4281/2324/E0.csv,2026-05-25
2023-24,Burnley,9,2023-10-21,Brentford,A,0,3,L,0,4,-16,7,23,83,https://www.football-data.co.uk/mmz4281/2324/E0.csv,2026-05-25
2023-24,Burnley,10,2023-10-28,Bournemouth,A,1,2,L,0,4,-17,8,25,94,https://www.football-data.co.uk/mmz4281/2324/E0.csv,2026-05-25
2023-24,Burnley,11,2023-11-04,Crystal Palace,H,0,2,L,0,4,-19,8,27,103,https://www.football-data.co.uk/mmz4281/2324/E0.csv,2026-05-25
2023-24,Burnley,12,2023-11-11,Arsenal,A,1,3,L,0,4,-21,9,30,112,https://www.football-data.co.uk/mmz4281/2324/E0.csv,2026-05-25
2023-24,Burnley,13,2023-11-25,West Ham,H,1,2,L,0,4,-22,10,32,122,https://www.football-data.co.uk/mmz4281/2324/E0.csv,2026-05-25
2023-24,Burnley,14,2023-12-02,Sheffield United,H,5,0,W,3,7,-17,15,32,133,https://www.football-data.co.uk/mmz4281/2324/E0.csv,2026-05-25
2023-24,Burnley,15,2023-12-05,Wolves,A,0,1,L,0,7,-18,15,33,141,https://www.football-data.co.uk/mmz4281/2324/E0.csv,2026-05-25
2023-24,Burnley,16,2023-12-09,Brighton,A,1,1,D,1,8,-18,16,34,152,https://www.football-data.co.uk/mmz4281/2324/E0.csv,2026-05-25
2023-24,Burnley,17,2023-12-16,Everton,H,0,2,L,0,8,-20,16,36,165,https://www.football-data.co.uk/mmz4281/2324/E0.csv,2026-05-25
2023-24,Burnley,18,2023-12-23,Fulham,A,2,0,W,3,11,-18,18,36,173,https://www.football-data.co.uk/mmz4281/2324/E0.csv,2026-05-25
2023-24,Burnley,19,2023-12-26,Liverpool,H,0,2,L,0,11,-20,18,38,182,https://www.football-data.co.uk/mmz4281/2324/E0.csv,2026-05-25
2023-24,Burnley,20,2023-12-30,Aston Villa,A,2,3,L,0,11,-21,20,41,190,https://www.football-data.co.uk/mmz4281/2324/E0.csv,2026-05-25
2023-24,Burnley,21,2024-01-12,Luton,H,1,1,D,1,12,-21,21,42,199,https://www.football-data.co.uk/mmz4281/2324/E0.csv,2026-05-25
2023-24,Burnley,22,2024-01-31,Man City,A,1,3,L,0,12,-23,22,45,214,https://www.football-data.co.uk/mmz4281/2324/E0.csv,2026-05-25
2023-24,Burnley,23,2024-02-03,Fulham,H,2,2,D,1,13,-23,24,47,221,https://www.football-data.co.uk/mmz4281/2324/E0.csv,2026-05-25
2023-24,Burnley,24,2024-02-10,Liverpool,A,1,3,L,0,13,-25,25,50,231,https://www.football-data.co.uk/mmz4281/2324/E0.csv,2026-05-25
2023-24,Burnley,25,2024-02-17,Arsenal,H,0,5,L,0,13,-30,25,55,240,https://www.football-data.co.uk/mmz4281/2324/E0.csv,2026-05-25
2023-24,Burnley,26,2024-02-24,Crystal Palace,A,0,3,L,0,13,-33,25,58,253,https://www.football-data.co.uk/mmz4281/2324/E0.csv,2026-05-25
2023-24,Burnley,27,2024-03-03,Bournemouth,H,0,2,L,0,13,-35,25,60,266,https://www.football-data.co.uk/mmz4281/2324/E0.csv,2026-05-25
2023-24,Burnley,28,2024-03-10,West Ham,A,2,2,D,1,14,-35,27,62,276,https://www.football-data.co.uk/mmz4281/2324/E0.csv,2026-05-25
2023-24,Burnley,29,2024-03-16,Brentford,H,2,1,W,3,17,-34,29,63,280,https://www.football-data.co.uk/mmz4281/2324/E0.csv,2026-05-25
2023-24,Burnley,30,2024-03-30,Chelsea,A,2,2,D,1,18,-34,31,65,286,https://www.football-data.co.uk/mmz4281/2324/E0.csv,2026-05-25
2023-24,Burnley,31,2024-04-02,Wolves,H,1,1,D,1,19,-34,32,66,297,https://www.football-data.co.uk/mmz4281/2324/E0.csv,2026-05-25
2023-24,Burnley,32,2024-04-06,Everton,A,0,1,L,0,19,-35,32,67,306,https://www.football-data.co.uk/mmz4281/2324/E0.csv,2026-05-25
2023-24,Burnley,33,2024-04-13,Brighton,H,1,1,D,1,20,-35,33,68,316,https://www.football-data.co.uk/mmz4281/2324/E0.csv,2026-05-25
2023-24,Burnley,34,2024-04-20,Sheffield United,A,4,1,W,3,23,-32,37,69,325,https://www.football-data.co.uk/mmz4281/2324/E0.csv,2026-05-25
2023-24,Burnley,35,2024-04-27,Man United,A,1,1,D,1,24,-32,38,70,339,https://www.football-data.co.uk/mmz4281/2324/E0.csv,2026-05-25
2023-24,Burnley,36,2024-05-04,Newcastle,H,1,4,L,0,24,-35,39,74,351,https://www.football-data.co.uk/mmz4281/2324/E0.csv,2026-05-25
2023-24,Burnley,37,2024-05-11,Tottenham,A,1,2,L,0,24,-36,40,76,362,https://www.football-data.co.uk/mmz4281/2324/E0.csv,2026-05-25
2023-24,Burnley,38,2024-05-19,Nott'm Forest,H,1,2,L,0,24,-37,41,78,374,https://www.football-data.co.uk/mmz4281/2324/E0.csv,2026-05-25
2023-24,Chelsea,1,2023-08-13,Liverpool,H,1,1,D,1,1,0,1,1,9,https://www.football-data.co.uk/mmz4281/2324/E0.csv,2026-05-25
2023-24,Chelsea,2,2023-08-20,West Ham,A,1,3,L,0,1,-2,2,4,18,https://www.football-data.co.uk/mmz4281/2324/E0.csv,2026-05-25
2023-24,Chelsea,3,2023-08-25,Luton,H,3,0,W,3,4,1,5,4,20,https://www.football-data.co.uk/mmz4281/2324/E0.csv,2026-05-25
2023-24,Chelsea,4,2023-09-02,Nott'm Forest,H,0,1,L,0,4,0,5,5,34,https://www.football-data.co.uk/mmz4281/2324/E0.csv,2026-05-25
2023-24,Chelsea,5,2023-09-17,Bournemouth,A,0,0,D,1,5,0,5,5,47,https://www.football-data.co.uk/mmz4281/2324/E0.csv,2026-05-25
2023-24,Chelsea,6,2023-09-24,Aston Villa,H,0,1,L,0,5,-1,5,6,57,https://www.football-data.co.uk/mmz4281/2324/E0.csv,2026-05-25
2023-24,Chelsea,7,2023-10-02,Fulham,A,2,0,W,3,8,1,7,6,69,https://www.football-data.co.uk/mmz4281/2324/E0.csv,2026-05-25
2023-24,Chelsea,8,2023-10-07,Burnley,A,4,1,W,3,11,4,11,7,72,https://www.football-data.co.uk/mmz4281/2324/E0.csv,2026-05-25
2023-24,Chelsea,9,2023-10-21,Arsenal,H,2,2,D,1,12,4,13,9,87,https://www.football-data.co.uk/mmz4281/2324/E0.csv,2026-05-25
2023-24,Chelsea,10,2023-10-28,Brentford,H,0,2,L,0,12,2,13,11,92,https://www.football-data.co.uk/mmz4281/2324/E0.csv,2026-05-25
2023-24,Chelsea,11,2023-11-06,Tottenham,A,4,1,W,3,15,5,17,12,110,https://www.football-data.co.uk/mmz4281/2324/E0.csv,2026-05-25
2023-24,Chelsea,12,2023-11-12,Man City,H,4,4,D,1,16,5,21,16,120,https://www.football-data.co.uk/mmz4281/2324/E0.csv,2026-05-25
2023-24,Chelsea,13,2023-11-25,Newcastle,A,1,4,L,0,16,2,22,20,124,https://www.football-data.co.uk/mmz4281/2324/E0.csv,2026-05-25
2023-24,Chelsea,14,2023-12-03,Brighton,H,3,2,W,3,19,3,25,22,137,https://www.football-data.co.uk/mmz4281/2324/E0.csv,2026-05-25
2023-24,Chelsea,15,2023-12-06,Man United,A,1,2,L,0,19,2,26,24,148,https://www.football-data.co.uk/mmz4281/2324/E0.csv,2026-05-25
2023-24,Chelsea,16,2023-12-10,Everton,A,0,2,L,0,19,0,26,26,157,https://www.football-data.co.uk/mmz4281/2324/E0.csv,2026-05-25
2023-24,Chelsea,17,2023-12-16,Sheffield United,H,2,0,W,3,22,2,28,26,162,https://www.football-data.co.uk/mmz4281/2324/E0.csv,2026-05-25
2023-24,Chelsea,18,2023-12-24,Wolves,A,1,2,L,0,22,1,29,28,178,https://www.football-data.co.uk/mmz4281/2324/E0.csv,2026-05-25
2023-24,Chelsea,19,2023-12-27,Crystal Palace,H,2,1,W,3,25,2,31,29,185,https://www.football-data.co.uk/mmz4281/2324/E0.csv,2026-05-25
2023-24,Chelsea,20,2023-12-30,Luton,A,3,2,W,3,28,3,34,31,189,https://www.football-data.co.uk/mmz4281/2324/E0.csv,2026-05-25
2023-24,Chelsea,21,2024-01-13,Fulham,H,1,0,W,3,31,4,35,31,200,https://www.football-data.co.uk/mmz4281/2324/E0.csv,2026-05-25
2023-24,Chelsea,22,2024-01-31,Liverpool,A,1,4,L,0,31,1,36,35,216,https://www.football-data.co.uk/mmz4281/2324/E0.csv,2026-05-25
2023-24,Chelsea,23,2024-02-04,Wolves,H,2,4,L,0,31,-1,38,39,225,https://www.football-data.co.uk/mmz4281/2324/E0.csv,2026-05-25
2023-24,Chelsea,24,2024-02-12,Crystal Palace,A,3,1,W,3,34,1,41,40,238,https://www.football-data.co.uk/mmz4281/2324/E0.csv,2026-05-25
2023-24,Chelsea,25,2024-02-17,Man City,A,1,1,D,1,35,1,42,41,245,https://www.football-data.co.uk/mmz4281/2324/E0.csv,2026-05-25
2023-24,Chelsea,26,2024-03-02,Brentford,A,2,2,D,1,36,1,44,43,259,https://www.football-data.co.uk/mmz4281/2324/E0.csv,2026-05-25
2023-24,Chelsea,27,2024-03-11,Newcastle,H,3,2,W,3,39,2,47,45,278,https://www.football-data.co.uk/mmz4281/2324/E0.csv,2026-05-25
2023-24,Chelsea,28,2024-03-30,Burnley,H,2,2,D,1,40,2,49,47,286,https://www.football-data.co.uk/mmz4281/2324/E0.csv,2026-05-25
2023-24,Chelsea,29,2024-04-04,Man United,H,4,3,W,3,43,3,53,50,303,https://www.football-data.co.uk/mmz4281/2324/E0.csv,2026-05-25
2023-24,Chelsea,30,2024-04-07,Sheffield United,A,2,2,D,1,44,3,55,52,312,https://www.football-data.co.uk/mmz4281/2324/E0.csv,2026-05-25
2023-24,Chelsea,31,2024-04-15,Everton,H,6,0,W,3,47,9,61,52,323,https://www.football-data.co.uk/mmz4281/2324/E0.csv,2026-05-25
2023-24,Chelsea,32,2024-04-23,Arsenal,A,0,5,L,0,47,4,61,57,331,https://www.football-data.co.uk/mmz4281/2324/E0.csv,2026-05-25
2023-24,Chelsea,33,2024-04-27,Aston Villa,A,2,2,D,1,48,4,63,59,343,https://www.football-data.co.uk/mmz4281/2324/E0.csv,2026-05-25
2023-24,Chelsea,34,2024-05-02,Tottenham,H,2,0,W,3,51,6,65,59,347,https://www.football-data.co.uk/mmz4281/2324/E0.csv,2026-05-25
2023-24,Chelsea,35,2024-05-05,West Ham,H,5,0,W,3,54,11,70,59,355,https://www.football-data.co.uk/mmz4281/2324/E0.csv,2026-05-25
2023-24,Chelsea,36,2024-05-11,Nott'm Forest,A,3,2,W,3,57,12,73,61,365,https://www.football-data.co.uk/mmz4281/2324/E0.csv,2026-05-25
2023-24,Chelsea,37,2024-05-15,Brighton,A,2,1,W,3,60,13,75,62,369,https://www.football-data.co.uk/mmz4281/2324/E0.csv,2026-05-25
2023-24,Chelsea,38,2024-05-19,Bournemouth,H,2,1,W,3,63,14,77,63,375,https://www.football-data.co.uk/mmz4281/2324/E0.csv,2026-05-25
2023-24,Crystal Palace,1,2023-08-12,Sheffield United,A,1,0,W,3,3,1,1,0,6,https://www.football-data.co.uk/mmz4281/2324/E0.csv,2026-05-25
2023-24,Crystal Palace,2,2023-08-21,Arsenal,H,0,1,L,0,3,0,1,1,19,https://www.football-data.co.uk/mmz4281/2324/E0.csv,2026-05-25
2023-24,Crystal Palace,3,2023-08-26,Brentford,A,1,1,D,1,4,0,2,2,23,https://www.football-data.co.uk/mmz4281/2324/E0.csv,2026-05-25
2023-24,Crystal Palace,4,2023-09-03,Wolves,H,3,2,W,3,7,1,5,4,37,https://www.football-data.co.uk/mmz4281/2324/E0.csv,2026-05-25
2023-24,Crystal Palace,5,2023-09-16,Aston Villa,A,1,3,L,0,7,-1,6,7,41,https://www.football-data.co.uk/mmz4281/2324/E0.csv,2026-05-25
2023-24,Crystal Palace,6,2023-09-23,Fulham,H,0,0,D,1,8,-1,6,7,50,https://www.football-data.co.uk/mmz4281/2324/E0.csv,2026-05-25
2023-24,Crystal Palace,7,2023-09-30,Man United,A,1,0,W,3,11,0,7,7,63,https://www.football-data.co.uk/mmz4281/2324/E0.csv,2026-05-25
2023-24,Crystal Palace,8,2023-10-07,Nott'm Forest,H,0,0,D,1,12,0,7,7,76,https://www.football-data.co.uk/mmz4281/2324/E0.csv,2026-05-25
2023-24,Crystal Palace,9,2023-10-21,Newcastle,A,0,4,L,0,12,-4,7,11,85,https://www.football-data.co.uk/mmz4281/2324/E0.csv,2026-05-25
2023-24,Crystal Palace,10,2023-10-27,Tottenham,H,1,2,L,0,12,-5,8,13,91,https://www.football-data.co.uk/mmz4281/2324/E0.csv,2026-05-25
2023-24,Crystal Palace,11,2023-11-04,Burnley,A,2,0,W,3,15,-3,10,13,103,https://www.football-data.co.uk/mmz4281/2324/E0.csv,2026-05-25
2023-24,Crystal Palace,12,2023-11-11,Everton,H,2,3,L,0,15,-4,12,16,113,https://www.football-data.co.uk/mmz4281/2324/E0.csv,2026-05-25
2023-24,Crystal Palace,13,2023-11-25,Luton,A,1,2,L,0,15,-5,13,18,123,https://www.football-data.co.uk/mmz4281/2324/E0.csv,2026-05-25
2023-24,Crystal Palace,14,2023-12-03,West Ham,A,1,1,D,1,16,-5,14,19,139,https://www.football-data.co.uk/mmz4281/2324/E0.csv,2026-05-25
2023-24,Crystal Palace,15,2023-12-06,Bournemouth,H,0,2,L,0,16,-7,14,21,144,https://www.football-data.co.uk/mmz4281/2324/E0.csv,2026-05-25
2023-24,Crystal Palace,16,2023-12-09,Liverpool,H,1,2,L,0,16,-8,15,23,151,https://www.football-data.co.uk/mmz4281/2324/E0.csv,2026-05-25
2023-24,Crystal Palace,17,2023-12-16,Man City,A,2,2,D,1,17,-8,17,25,163,https://www.football-data.co.uk/mmz4281/2324/E0.csv,2026-05-25
2023-24,Crystal Palace,18,2023-12-21,Brighton,H,1,1,D,1,18,-8,18,26,170,https://www.football-data.co.uk/mmz4281/2324/E0.csv,2026-05-25
2023-24,Crystal Palace,19,2023-12-27,Chelsea,A,1,2,L,0,18,-9,19,28,185,https://www.football-data.co.uk/mmz4281/2324/E0.csv,2026-05-25
2023-24,Crystal Palace,20,2023-12-30,Brentford,H,3,1,W,3,21,-7,22,29,191,https://www.football-data.co.uk/mmz4281/2324/E0.csv,2026-05-25
2023-24,Crystal Palace,21,2024-01-20,Arsenal,A,0,5,L,0,21,-12,22,34,204,https://www.football-data.co.uk/mmz4281/2324/E0.csv,2026-05-25
2023-24,Crystal Palace,22,2024-01-30,Sheffield United,H,3,2,W,3,24,-11,25,36,212,https://www.football-data.co.uk/mmz4281/2324/E0.csv,2026-05-25
2023-24,Crystal Palace,23,2024-02-03,Brighton,A,1,4,L,0,24,-14,26,40,220,https://www.football-data.co.uk/mmz4281/2324/E0.csv,2026-05-25
2023-24,Crystal Palace,24,2024-02-12,Chelsea,H,1,3,L,0,24,-16,27,43,238,https://www.football-data.co.uk/mmz4281/2324/E0.csv,2026-05-25
2023-24,Crystal Palace,25,2024-02-19,Everton,A,1,1,D,1,25,-16,28,44,248,https://www.football-data.co.uk/mmz4281/2324/E0.csv,2026-05-25
2023-24,Crystal Palace,26,2024-02-24,Burnley,H,3,0,W,3,28,-13,31,44,253,https://www.football-data.co.uk/mmz4281/2324/E0.csv,2026-05-25
2023-24,Crystal Palace,27,2024-03-02,Tottenham,A,1,3,L,0,28,-15,32,47,264,https://www.football-data.co.uk/mmz4281/2324/E0.csv,2026-05-25
2023-24,Crystal Palace,28,2024-03-09,Luton,H,1,1,D,1,29,-15,33,48,271,https://www.football-data.co.uk/mmz4281/2324/E0.csv,2026-05-25
2023-24,Crystal Palace,29,2024-03-30,Nott'm Forest,A,1,1,D,1,30,-15,34,49,287,https://www.football-data.co.uk/mmz4281/2324/E0.csv,2026-05-25
2023-24,Crystal Palace,30,2024-04-02,Bournemouth,A,0,1,L,0,30,-16,34,50,296,https://www.football-data.co.uk/mmz4281/2324/E0.csv,2026-05-25
2023-24,Crystal Palace,31,2024-04-06,Man City,H,2,4,L,0,30,-18,36,54,304,https://www.football-data.co.uk/mmz4281/2324/E0.csv,2026-05-25
2023-24,Crystal Palace,32,2024-04-14,Liverpool,A,1,0,W,3,33,-17,37,54,320,https://www.football-data.co.uk/mmz4281/2324/E0.csv,2026-05-25
2023-24,Crystal Palace,33,2024-04-21,West Ham,H,5,2,W,3,36,-14,42,56,329,https://www.football-data.co.uk/mmz4281/2324/E0.csv,2026-05-25
2023-24,Crystal Palace,34,2024-04-24,Newcastle,H,2,0,W,3,39,-12,44,56,333,https://www.football-data.co.uk/mmz4281/2324/E0.csv,2026-05-25
2023-24,Crystal Palace,35,2024-04-27,Fulham,A,1,1,D,1,40,-12,45,57,338,https://www.football-data.co.uk/mmz4281/2324/E0.csv,2026-05-25
2023-24,Crystal Palace,36,2024-05-06,Man United,H,4,0,W,3,43,-8,49,57,357,https://www.football-data.co.uk/mmz4281/2324/E0.csv,2026-05-25
2023-24,Crystal Palace,37,2024-05-11,Wolves,A,3,1,W,3,46,-6,52,58,364,https://www.football-data.co.uk/mmz4281/2324/E0.csv,2026-05-25
2023-24,Crystal Palace,38,2024-05-19,Aston Villa,H,5,0,W,3,49,-1,57,58,376,https://www.football-data.co.uk/mmz4281/2324/E0.csv,2026-05-25
2023-24,Everton,1,2023-08-12,Fulham,H,0,1,L,0,0,-1,0,1,5,https://www.football-data.co.uk/mmz4281/2324/E0.csv,2026-05-25
2023-24,Everton,2,2023-08-20,Aston Villa,A,0,4,L,0,0,-5,0,5,17,https://www.football-data.co.uk/mmz4281/2324/E0.csv,2026-05-25
2023-24,Everton,3,2023-08-26,Wolves,H,0,1,L,0,0,-6,0,6,24,https://www.football-data.co.uk/mmz4281/2324/E0.csv,2026-05-25
2023-24,Everton,4,2023-09-02,Sheffield United,A,2,2,D,1,1,-6,2,8,31,https://www.football-data.co.uk/mmz4281/2324/E0.csv,2026-05-25
2023-24,Everton,5,2023-09-17,Arsenal,H,0,1,L,0,1,-7,2,9,48,https://www.football-data.co.uk/mmz4281/2324/E0.csv,2026-05-25
2023-24,Everton,6,2023-09-23,Brentford,A,3,1,W,3,4,-5,5,10,53,https://www.football-data.co.uk/mmz4281/2324/E0.csv,2026-05-25
2023-24,Everton,7,2023-09-30,Luton,H,1,2,L,0,4,-6,6,12,62,https://www.football-data.co.uk/mmz4281/2324/E0.csv,2026-05-25
2023-24,Everton,8,2023-10-07,Bournemouth,H,3,0,W,3,7,-3,9,12,73,https://www.football-data.co.uk/mmz4281/2324/E0.csv,2026-05-25
2023-24,Everton,9,2023-10-21,Liverpool,A,0,2,L,0,7,-5,9,14,81,https://www.football-data.co.uk/mmz4281/2324/E0.csv,2026-05-25
2023-24,Everton,10,2023-10-29,West Ham,A,1,0,W,3,10,-4,10,14,96,https://www.football-data.co.uk/mmz4281/2324/E0.csv,2026-05-25
2023-24,Everton,11,2023-11-04,Brighton,H,1,1,D,1,11,-4,11,15,104,https://www.football-data.co.uk/mmz4281/2324/E0.csv,2026-05-25
2023-24,Everton,12,2023-11-11,Crystal Palace,A,3,2,W,3,14,-3,14,17,113,https://www.football-data.co.uk/mmz4281/2324/E0.csv,2026-05-25
2023-24,Everton,13,2023-11-26,Man United,H,0,3,L,0,14,-6,14,20,129,https://www.football-data.co.uk/mmz4281/2324/E0.csv,2026-05-25
2023-24,Everton,14,2023-12-02,Nott'm Forest,A,1,0,W,3,17,-5,15,20,134,https://www.football-data.co.uk/mmz4281/2324/E0.csv,2026-05-25
2023-24,Everton,15,2023-12-07,Newcastle,H,3,0,W,3,20,-2,18,20,149,https://www.football-data.co.uk/mmz4281/2324/E0.csv,2026-05-25
2023-24,Everton,16,2023-12-10,Chelsea,H,2,0,W,3,23,0,20,20,157,https://www.football-data.co.uk/mmz4281/2324/E0.csv,2026-05-25
2023-24,Everton,17,2023-12-16,Burnley,A,2,0,W,3,26,2,22,20,165,https://www.football-data.co.uk/mmz4281/2324/E0.csv,2026-05-25
2023-24,Everton,18,2023-12-23,Tottenham,A,1,2,L,0,26,1,23,22,176,https://www.football-data.co.uk/mmz4281/2324/E0.csv,2026-05-25
2023-24,Everton,19,2023-12-27,Man City,H,1,3,L,0,26,-1,24,25,186,https://www.football-data.co.uk/mmz4281/2324/E0.csv,2026-05-25
2023-24,Everton,20,2023-12-30,Wolves,A,0,3,L,0,26,-4,24,28,193,https://www.football-data.co.uk/mmz4281/2324/E0.csv,2026-05-25
2023-24,Everton,21,2024-01-14,Aston Villa,H,0,0,D,1,27,-4,24,28,202,https://www.football-data.co.uk/mmz4281/2324/E0.csv,2026-05-25
2023-24,Everton,22,2024-01-30,Fulham,A,0,0,D,1,28,-4,24,28,210,https://www.football-data.co.uk/mmz4281/2324/E0.csv,2026-05-25
2023-24,Everton,23,2024-02-03,Tottenham,H,2,2,D,1,29,-4,26,30,219,https://www.football-data.co.uk/mmz4281/2324/E0.csv,2026-05-25
2023-24,Everton,24,2024-02-10,Man City,A,0,2,L,0,29,-6,26,32,229,https://www.football-data.co.uk/mmz4281/2324/E0.csv,2026-05-25
2023-24,Everton,25,2024-02-19,Crystal Palace,H,1,1,D,1,30,-6,27,33,248,https://www.football-data.co.uk/mmz4281/2324/E0.csv,2026-05-25
2023-24,Everton,26,2024-02-24,Brighton,A,1,1,D,1,31,-6,28,34,252,https://www.football-data.co.uk/mmz4281/2324/E0.csv,2026-05-25
2023-24,Everton,27,2024-03-02,West Ham,H,1,3,L,0,31,-8,29,37,260,https://www.football-data.co.uk/mmz4281/2324/E0.csv,2026-05-25
2023-24,Everton,28,2024-03-09,Man United,A,0,2,L,0,31,-10,29,39,269,https://www.football-data.co.uk/mmz4281/2324/E0.csv,2026-05-25
2023-24,Everton,29,2024-03-30,Bournemouth,A,1,2,L,0,31,-11,30,41,285,https://www.football-data.co.uk/mmz4281/2324/E0.csv,2026-05-25
2023-24,Everton,30,2024-04-02,Newcastle,A,1,1,D,1,32,-11,31,42,294,https://www.football-data.co.uk/mmz4281/2324/E0.csv,2026-05-25
2023-24,Everton,31,2024-04-06,Burnley,H,1,0,W,3,35,-10,32,42,306,https://www.football-data.co.uk/mmz4281/2324/E0.csv,2026-05-25
2023-24,Everton,32,2024-04-15,Chelsea,A,0,6,L,0,35,-16,32,48,323,https://www.football-data.co.uk/mmz4281/2324/E0.csv,2026-05-25
2023-24,Everton,33,2024-04-21,Nott'm Forest,H,2,0,W,3,38,-14,34,48,327,https://www.football-data.co.uk/mmz4281/2324/E0.csv,2026-05-25
2023-24,Everton,34,2024-04-24,Liverpool,H,2,0,W,3,41,-12,36,48,334,https://www.football-data.co.uk/mmz4281/2324/E0.csv,2026-05-25
2023-24,Everton,35,2024-04-27,Brentford,H,1,0,W,3,44,-11,37,48,342,https://www.football-data.co.uk/mmz4281/2324/E0.csv,2026-05-25
2023-24,Everton,36,2024-05-03,Luton,A,1,1,D,1,45,-11,38,49,348,https://www.football-data.co.uk/mmz4281/2324/E0.csv,2026-05-25
2023-24,Everton,37,2024-05-11,Sheffield United,H,1,0,W,3,48,-10,39,49,360,https://www.football-data.co.uk/mmz4281/2324/E0.csv,2026-05-25
2023-24,Everton,38,2024-05-19,Arsenal,A,1,2,L,0,48,-11,40,51,371,https://www.football-data.co.uk/mmz4281/2324/E0.csv,2026-05-25
2023-24,Fulham,1,2023-08-12,Everton,A,1,0,W,3,3,1,1,0,5,https://www.football-data.co.uk/mmz4281/2324/E0.csv,2026-05-25
2023-24,Fulham,2,2023-08-19,Brentford,H,0,3,L,0,3,-2,1,3,12,https://www.football-data.co.uk/mmz4281/2324/E0.csv,2026-05-25
2023-24,Fulham,3,2023-08-26,Arsenal,A,2,2,D,1,4,-2,3,5,22,https://www.football-data.co.uk/mmz4281/2324/E0.csv,2026-05-25
2023-24,Fulham,4,2023-09-02,Man City,A,1,5,L,0,4,-6,4,10,35,https://www.football-data.co.uk/mmz4281/2324/E0.csv,2026-05-25
2023-24,Fulham,5,2023-09-16,Luton,H,1,0,W,3,7,-5,5,10,42,https://www.football-data.co.uk/mmz4281/2324/E0.csv,2026-05-25
2023-24,Fulham,6,2023-09-23,Crystal Palace,A,0,0,D,1,8,-5,5,10,50,https://www.football-data.co.uk/mmz4281/2324/E0.csv,2026-05-25
2023-24,Fulham,7,2023-10-02,Chelsea,H,0,2,L,0,8,-7,5,12,69,https://www.football-data.co.uk/mmz4281/2324/E0.csv,2026-05-25
2023-24,Fulham,8,2023-10-07,Sheffield United,H,3,1,W,3,11,-5,8,13,74,https://www.football-data.co.uk/mmz4281/2324/E0.csv,2026-05-25
2023-24,Fulham,9,2023-10-23,Tottenham,A,0,2,L,0,11,-7,8,15,90,https://www.football-data.co.uk/mmz4281/2324/E0.csv,2026-05-25
2023-24,Fulham,10,2023-10-29,Brighton,A,1,1,D,1,12,-7,9,16,98,https://www.football-data.co.uk/mmz4281/2324/E0.csv,2026-05-25
2023-24,Fulham,11,2023-11-04,Man United,H,0,1,L,0,12,-8,9,17,101,https://www.football-data.co.uk/mmz4281/2324/E0.csv,2026-05-25
2023-24,Fulham,12,2023-11-12,Aston Villa,A,1,3,L,0,12,-10,10,20,116,https://www.football-data.co.uk/mmz4281/2324/E0.csv,2026-05-25
2023-24,Fulham,13,2023-11-27,Wolves,H,3,2,W,3,15,-9,13,22,130,https://www.football-data.co.uk/mmz4281/2324/E0.csv,2026-05-25
2023-24,Fulham,14,2023-12-03,Liverpool,A,3,4,L,0,15,-10,16,26,138,https://www.football-data.co.uk/mmz4281/2324/E0.csv,2026-05-25
2023-24,Fulham,15,2023-12-06,Nott'm Forest,H,5,0,W,3,18,-5,21,26,145,https://www.football-data.co.uk/mmz4281/2324/E0.csv,2026-05-25
2023-24,Fulham,16,2023-12-10,West Ham,H,5,0,W,3,21,0,26,26,158,https://www.football-data.co.uk/mmz4281/2324/E0.csv,2026-05-25
2023-24,Fulham,17,2023-12-16,Newcastle,A,0,3,L,0,21,-3,26,29,164,https://www.football-data.co.uk/mmz4281/2324/E0.csv,2026-05-25
2023-24,Fulham,18,2023-12-23,Burnley,H,0,2,L,0,21,-5,26,31,173,https://www.football-data.co.uk/mmz4281/2324/E0.csv,2026-05-25
2023-24,Fulham,19,2023-12-26,Bournemouth,A,0,3,L,0,21,-8,26,34,180,https://www.football-data.co.uk/mmz4281/2324/E0.csv,2026-05-25
2023-24,Fulham,20,2023-12-31,Arsenal,H,2,1,W,3,24,-7,28,35,195,https://www.football-data.co.uk/mmz4281/2324/E0.csv,2026-05-25
2023-24,Fulham,21,2024-01-13,Chelsea,A,0,1,L,0,24,-8,28,36,200,https://www.football-data.co.uk/mmz4281/2324/E0.csv,2026-05-25
2023-24,Fulham,22,2024-01-30,Everton,H,0,0,D,1,25,-8,28,36,210,https://www.football-data.co.uk/mmz4281/2324/E0.csv,2026-05-25
2023-24,Fulham,23,2024-02-03,Burnley,A,2,2,D,1,26,-8,30,38,221,https://www.football-data.co.uk/mmz4281/2324/E0.csv,2026-05-25
2023-24,Fulham,24,2024-02-10,Bournemouth,H,3,1,W,3,29,-6,33,39,230,https://www.football-data.co.uk/mmz4281/2324/E0.csv,2026-05-25
2023-24,Fulham,25,2024-02-17,Aston Villa,H,1,2,L,0,29,-7,34,41,241,https://www.football-data.co.uk/mmz4281/2324/E0.csv,2026-05-25
2023-24,Fulham,26,2024-02-24,Man United,A,2,1,W,3,32,-6,36,42,254,https://www.football-data.co.uk/mmz4281/2324/E0.csv,2026-05-25
2023-24,Fulham,27,2024-03-02,Brighton,H,3,0,W,3,35,-3,39,42,261,https://www.football-data.co.uk/mmz4281/2324/E0.csv,2026-05-25
2023-24,Fulham,28,2024-03-09,Wolves,A,1,2,L,0,35,-4,40,44,272,https://www.football-data.co.uk/mmz4281/2324/E0.csv,2026-05-25
2023-24,Fulham,29,2024-03-16,Tottenham,H,3,0,W,3,38,-1,43,44,282,https://www.football-data.co.uk/mmz4281/2324/E0.csv,2026-05-25
2023-24,Fulham,30,2024-03-30,Sheffield United,A,3,3,D,1,39,-1,46,47,288,https://www.football-data.co.uk/mmz4281/2324/E0.csv,2026-05-25
2023-24,Fulham,31,2024-04-02,Nott'm Forest,A,1,3,L,0,39,-3,47,50,295,https://www.football-data.co.uk/mmz4281/2324/E0.csv,2026-05-25
2023-24,Fulham,32,2024-04-06,Newcastle,H,0,1,L,0,39,-4,47,51,307,https://www.football-data.co.uk/mmz4281/2324/E0.csv,2026-05-25
2023-24,Fulham,33,2024-04-14,West Ham,A,2,0,W,3,42,-2,49,51,321,https://www.football-data.co.uk/mmz4281/2324/E0.csv,2026-05-25
2023-24,Fulham,34,2024-04-21,Liverpool,H,1,3,L,0,42,-4,50,54,330,https://www.football-data.co.uk/mmz4281/2324/E0.csv,2026-05-25
2023-24,Fulham,35,2024-04-27,Crystal Palace,H,1,1,D,1,43,-4,51,55,338,https://www.football-data.co.uk/mmz4281/2324/E0.csv,2026-05-25
2023-24,Fulham,36,2024-05-04,Brentford,A,0,0,D,1,44,-4,51,55,350,https://www.football-data.co.uk/mmz4281/2324/E0.csv,2026-05-25
2023-24,Fulham,37,2024-05-11,Man City,H,0,4,L,0,44,-8,51,59,358,https://www.football-data.co.uk/mmz4281/2324/E0.csv,2026-05-25
2023-24,Fulham,38,2024-05-19,Luton,A,4,2,W,3,47,-6,55,61,378,https://www.football-data.co.uk/mmz4281/2324/E0.csv,2026-05-25
2023-24,Liverpool,1,2023-08-13,Chelsea,A,1,1,D,1,1,0,1,1,9,https://www.football-data.co.uk/mmz4281/2324/E0.csv,2026-05-25
2023-24,Liverpool,2,2023-08-19,Bournemouth,H,3,1,W,3,4,2,4,2,13,https://www.football-data.co.uk/mmz4281/2324/E0.csv,2026-05-25
2023-24,Liverpool,3,2023-08-27,Newcastle,A,2,1,W,3,7,3,6,3,29,https://www.football-data.co.uk/mmz4281/2324/E0.csv,2026-05-25
2023-24,Liverpool,4,2023-09-03,Aston Villa,H,3,0,W,3,10,6,9,3,38,https://www.football-data.co.uk/mmz4281/2324/E0.csv,2026-05-25
2023-24,Liverpool,5,2023-09-16,Wolves,A,3,1,W,3,13,8,12,4,40,https://www.football-data.co.uk/mmz4281/2324/E0.csv,2026-05-25
2023-24,Liverpool,6,2023-09-24,West Ham,H,3,1,W,3,16,10,15,5,58,https://www.football-data.co.uk/mmz4281/2324/E0.csv,2026-05-25
2023-24,Liverpool,7,2023-09-30,Tottenham,A,1,2,L,0,16,9,16,7,67,https://www.football-data.co.uk/mmz4281/2324/E0.csv,2026-05-25
2023-24,Liverpool,8,2023-10-08,Brighton,A,2,2,D,1,17,9,18,9,77,https://www.football-data.co.uk/mmz4281/2324/E0.csv,2026-05-25
2023-24,Liverpool,9,2023-10-21,Everton,H,2,0,W,3,20,11,20,9,81,https://www.football-data.co.uk/mmz4281/2324/E0.csv,2026-05-25
2023-24,Liverpool,10,2023-10-29,Nott'm Forest,H,3,0,W,3,23,14,23,9,99,https://www.football-data.co.uk/mmz4281/2324/E0.csv,2026-05-25
2023-24,Liverpool,11,2023-11-05,Luton,A,1,1,D,1,24,14,24,10,109,https://www.football-data.co.uk/mmz4281/2324/E0.csv,2026-05-25
2023-24,Liverpool,12,2023-11-12,Brentford,H,3,0,W,3,27,17,27,10,118,https://www.football-data.co.uk/mmz4281/2324/E0.csv,2026-05-25
2023-24,Liverpool,13,2023-11-25,Man City,A,1,1,D,1,28,17,28,11,121,https://www.football-data.co.uk/mmz4281/2324/E0.csv,2026-05-25
2023-24,Liverpool,14,2023-12-03,Fulham,H,4,3,W,3,31,18,32,14,138,https://www.football-data.co.uk/mmz4281/2324/E0.csv,2026-05-25
2023-24,Liverpool,15,2023-12-06,Sheffield United,A,2,0,W,3,34,20,34,14,146,https://www.football-data.co.uk/mmz4281/2324/E0.csv,2026-05-25
2023-24,Liverpool,16,2023-12-09,Crystal Palace,A,2,1,W,3,37,21,36,15,151,https://www.football-data.co.uk/mmz4281/2324/E0.csv,2026-05-25
2023-24,Liverpool,17,2023-12-17,Man United,H,0,0,D,1,38,21,36,15,169,https://www.football-data.co.uk/mmz4281/2324/E0.csv,2026-05-25
2023-24,Liverpool,18,2023-12-23,Arsenal,H,1,1,D,1,39,21,37,16,177,https://www.football-data.co.uk/mmz4281/2324/E0.csv,2026-05-25
2023-24,Liverpool,19,2023-12-26,Burnley,A,2,0,W,3,42,23,39,16,182,https://www.football-data.co.uk/mmz4281/2324/E0.csv,2026-05-25
2023-24,Liverpool,20,2024-01-01,Newcastle,H,4,2,W,3,45,25,43,18,197,https://www.football-data.co.uk/mmz4281/2324/E0.csv,2026-05-25
2023-24,Liverpool,21,2024-01-21,Bournemouth,A,4,0,W,3,48,29,47,18,207,https://www.football-data.co.uk/mmz4281/2324/E0.csv,2026-05-25
2023-24,Liverpool,22,2024-01-31,Chelsea,H,4,1,W,3,51,32,51,19,216,https://www.football-data.co.uk/mmz4281/2324/E0.csv,2026-05-25
2023-24,Liverpool,23,2024-02-04,Arsenal,A,1,3,L,0,51,30,52,22,227,https://www.football-data.co.uk/mmz4281/2324/E0.csv,2026-05-25
2023-24,Liverpool,24,2024-02-10,Burnley,H,3,1,W,3,54,32,55,23,231,https://www.football-data.co.uk/mmz4281/2324/E0.csv,2026-05-25
2023-24,Liverpool,25,2024-02-17,Brentford,A,4,1,W,3,57,35,59,24,239,https://www.football-data.co.uk/mmz4281/2324/E0.csv,2026-05-25
2023-24,Liverpool,26,2024-02-21,Luton,H,4,1,W,3,60,38,63,25,250,https://www.football-data.co.uk/mmz4281/2324/E0.csv,2026-05-25
2023-24,Liverpool,27,2024-03-02,Nott'm Forest,A,1,0,W,3,63,39,64,25,263,https://www.football-data.co.uk/mmz4281/2324/E0.csv,2026-05-25
2023-24,Liverpool,28,2024-03-10,Man City,H,1,1,D,1,64,39,65,26,277,https://www.football-data.co.uk/mmz4281/2324/E0.csv,2026-05-25
2023-24,Liverpool,29,2024-03-31,Brighton,H,2,1,W,3,67,40,67,27,292,https://www.football-data.co.uk/mmz4281/2324/E0.csv,2026-05-25
2023-24,Liverpool,30,2024-04-04,Sheffield United,H,3,1,W,3,70,42,70,28,302,https://www.football-data.co.uk/mmz4281/2324/E0.csv,2026-05-25
2023-24,Liverpool,31,2024-04-07,Man United,A,2,2,D,1,71,42,72,30,311,https://www.football-data.co.uk/mmz4281/2324/E0.csv,2026-05-25
2023-24,Liverpool,32,2024-04-14,Crystal Palace,H,0,1,L,0,71,41,72,31,320,https://www.football-data.co.uk/mmz4281/2324/E0.csv,2026-05-25
2023-24,Liverpool,33,2024-04-21,Fulham,A,3,1,W,3,74,43,75,32,330,https://www.football-data.co.uk/mmz4281/2324/E0.csv,2026-05-25
2023-24,Liverpool,34,2024-04-24,Everton,A,0,2,L,0,74,41,75,34,334,https://www.football-data.co.uk/mmz4281/2324/E0.csv,2026-05-25
2023-24,Liverpool,35,2024-04-27,West Ham,A,2,2,D,1,75,41,77,36,337,https://www.football-data.co.uk/mmz4281/2324/E0.csv,2026-05-25
2023-24,Liverpool,36,2024-05-05,Tottenham,H,4,2,W,3,78,43,81,38,356,https://www.football-data.co.uk/mmz4281/2324/E0.csv,2026-05-25
2023-24,Liverpool,37,2024-05-13,Aston Villa,A,3,3,D,1,79,43,84,41,367,https://www.football-data.co.uk/mmz4281/2324/E0.csv,2026-05-25
2023-24,Liverpool,38,2024-05-19,Wolves,H,2,0,W,3,82,45,86,41,377,https://www.football-data.co.uk/mmz4281/2324/E0.csv,2026-05-25
2023-24,Luton,1,2023-08-12,Brighton,A,1,4,L,0,0,-3,1,4,4,https://www.football-data.co.uk/mmz4281/2324/E0.csv,2026-05-25
2023-24,Luton,2,2023-08-25,Chelsea,A,0,3,L,0,0,-6,1,7,20,https://www.football-data.co.uk/mmz4281/2324/E0.csv,2026-05-25
2023-24,Luton,3,2023-09-01,West Ham,H,1,2,L,0,0,-7,2,9,30,https://www.football-data.co.uk/mmz4281/2324/E0.csv,2026-05-25
2023-24,Luton,4,2023-09-16,Fulham,A,0,1,L,0,0,-8,2,10,42,https://www.football-data.co.uk/mmz4281/2324/E0.csv,2026-05-25
2023-24,Luton,5,2023-09-23,Wolves,H,1,1,D,1,1,-8,3,11,51,https://www.football-data.co.uk/mmz4281/2324/E0.csv,2026-05-25
2023-24,Luton,6,2023-09-30,Everton,A,2,1,W,3,4,-7,5,12,62,https://www.football-data.co.uk/mmz4281/2324/E0.csv,2026-05-25
2023-24,Luton,7,2023-10-03,Burnley,H,1,2,L,0,4,-8,6,14,70,https://www.football-data.co.uk/mmz4281/2324/E0.csv,2026-05-25
2023-24,Luton,8,2023-10-07,Tottenham,H,0,1,L,0,4,-9,6,15,71,https://www.football-data.co.uk/mmz4281/2324/E0.csv,2026-05-25
2023-24,Luton,9,2023-10-21,Nott'm Forest,A,2,2,D,1,5,-9,8,17,86,https://www.football-data.co.uk/mmz4281/2324/E0.csv,2026-05-25
2023-24,Luton,10,2023-10-29,Aston Villa,A,1,3,L,0,5,-11,9,20,97,https://www.football-data.co.uk/mmz4281/2324/E0.csv,2026-05-25
2023-24,Luton,11,2023-11-05,Liverpool,H,1,1,D,1,6,-11,10,21,109,https://www.football-data.co.uk/mmz4281/2324/E0.csv,2026-05-25
2023-24,Luton,12,2023-11-11,Man United,A,0,1,L,0,6,-12,10,22,114,https://www.football-data.co.uk/mmz4281/2324/E0.csv,2026-05-25
2023-24,Luton,13,2023-11-25,Crystal Palace,H,2,1,W,3,9,-11,12,23,123,https://www.football-data.co.uk/mmz4281/2324/E0.csv,2026-05-25
2023-24,Luton,14,2023-12-02,Brentford,A,1,3,L,0,9,-13,13,26,132,https://www.football-data.co.uk/mmz4281/2324/E0.csv,2026-05-25
2023-24,Luton,15,2023-12-05,Arsenal,H,3,4,L,0,9,-14,16,30,142,https://www.football-data.co.uk/mmz4281/2324/E0.csv,2026-05-25
2023-24,Luton,16,2023-12-10,Man City,H,1,2,L,0,9,-15,17,32,159,https://www.football-data.co.uk/mmz4281/2324/E0.csv,2026-05-25
2023-24,Luton,17,2023-12-23,Newcastle,H,1,0,W,3,12,-14,18,32,174,https://www.football-data.co.uk/mmz4281/2324/E0.csv,2026-05-25
2023-24,Luton,18,2023-12-26,Sheffield United,A,3,2,W,3,15,-13,21,34,181,https://www.football-data.co.uk/mmz4281/2324/E0.csv,2026-05-25
2023-24,Luton,19,2023-12-30,Chelsea,H,2,3,L,0,15,-14,23,37,189,https://www.football-data.co.uk/mmz4281/2324/E0.csv,2026-05-25
2023-24,Luton,20,2024-01-12,Burnley,A,1,1,D,1,16,-14,24,38,199,https://www.football-data.co.uk/mmz4281/2324/E0.csv,2026-05-25
2023-24,Luton,21,2024-01-30,Brighton,H,4,0,W,3,19,-10,28,38,211,https://www.football-data.co.uk/mmz4281/2324/E0.csv,2026-05-25
2023-24,Luton,22,2024-02-03,Newcastle,A,4,4,D,1,20,-10,32,42,222,https://www.football-data.co.uk/mmz4281/2324/E0.csv,2026-05-25
2023-24,Luton,23,2024-02-10,Sheffield United,H,1,3,L,0,20,-12,33,45,232,https://www.football-data.co.uk/mmz4281/2324/E0.csv,2026-05-25
2023-24,Luton,24,2024-02-18,Man United,H,1,2,L,0,20,-13,34,47,247,https://www.football-data.co.uk/mmz4281/2324/E0.csv,2026-05-25
2023-24,Luton,25,2024-02-21,Liverpool,A,1,4,L,0,20,-16,35,51,250,https://www.football-data.co.uk/mmz4281/2324/E0.csv,2026-05-25
2023-24,Luton,26,2024-03-02,Aston Villa,H,2,3,L,0,20,-17,37,54,265,https://www.football-data.co.uk/mmz4281/2324/E0.csv,2026-05-25
2023-24,Luton,27,2024-03-09,Crystal Palace,A,1,1,D,1,21,-17,38,55,271,https://www.football-data.co.uk/mmz4281/2324/E0.csv,2026-05-25
2023-24,Luton,28,2024-03-13,Bournemouth,A,3,4,L,0,21,-18,41,59,279,https://www.football-data.co.uk/mmz4281/2324/E0.csv,2026-05-25
2023-24,Luton,29,2024-03-16,Nott'm Forest,H,1,1,D,1,22,-18,42,60,281,https://www.football-data.co.uk/mmz4281/2324/E0.csv,2026-05-25
2023-24,Luton,30,2024-03-30,Tottenham,A,1,2,L,0,22,-19,43,62,289,https://www.football-data.co.uk/mmz4281/2324/E0.csv,2026-05-25
2023-24,Luton,31,2024-04-03,Arsenal,A,0,2,L,0,22,-21,43,64,299,https://www.football-data.co.uk/mmz4281/2324/E0.csv,2026-05-25
2023-24,Luton,32,2024-04-06,Bournemouth,H,2,1,W,3,25,-20,45,65,308,https://www.football-data.co.uk/mmz4281/2324/E0.csv,2026-05-25
2023-24,Luton,33,2024-04-13,Man City,A,1,5,L,0,25,-24,46,70,317,https://www.football-data.co.uk/mmz4281/2324/E0.csv,2026-05-25
2023-24,Luton,34,2024-04-20,Brentford,H,1,5,L,0,25,-28,47,75,324,https://www.football-data.co.uk/mmz4281/2324/E0.csv,2026-05-25
2023-24,Luton,35,2024-04-27,Wolves,A,1,2,L,0,25,-29,48,77,341,https://www.football-data.co.uk/mmz4281/2324/E0.csv,2026-05-25
2023-24,Luton,36,2024-05-03,Everton,H,1,1,D,1,26,-29,49,78,348,https://www.football-data.co.uk/mmz4281/2324/E0.csv,2026-05-25
2023-24,Luton,37,2024-05-11,West Ham,A,1,3,L,0,26,-31,50,81,363,https://www.football-data.co.uk/mmz4281/2324/E0.csv,2026-05-25
2023-24,Luton,38,2024-05-19,Fulham,H,2,4,L,0,26,-33,52,85,378,https://www.football-data.co.uk/mmz4281/2324/E0.csv,2026-05-25
2023-24,Man City,1,2023-08-11,Burnley,A,3,0,W,3,3,3,3,0,1,https://www.football-data.co.uk/mmz4281/2324/E0.csv,2026-05-25
2023-24,Man City,2,2023-08-19,Newcastle,H,1,0,W,3,6,4,4,0,16,https://www.football-data.co.uk/mmz4281/2324/E0.csv,2026-05-25
2023-24,Man City,3,2023-08-27,Sheffield United,A,2,1,W,3,9,5,6,1,28,https://www.football-data.co.uk/mmz4281/2324/E0.csv,2026-05-25
2023-24,Man City,4,2023-09-02,Fulham,H,5,1,W,3,12,9,11,2,35,https://www.football-data.co.uk/mmz4281/2324/E0.csv,2026-05-25
2023-24,Man City,5,2023-09-16,West Ham,A,3,1,W,3,15,11,14,3,45,https://www.football-data.co.uk/mmz4281/2324/E0.csv,2026-05-25
2023-24,Man City,6,2023-09-23,Nott'm Forest,H,2,0,W,3,18,13,16,3,52,https://www.football-data.co.uk/mmz4281/2324/E0.csv,2026-05-25
2023-24,Man City,7,2023-09-30,Wolves,A,1,2,L,0,18,12,17,5,66,https://www.football-data.co.uk/mmz4281/2324/E0.csv,2026-05-25
2023-24,Man City,8,2023-10-08,Arsenal,A,0,1,L,0,18,11,17,6,80,https://www.football-data.co.uk/mmz4281/2324/E0.csv,2026-05-25
2023-24,Man City,9,2023-10-21,Brighton,H,2,1,W,3,21,12,19,7,84,https://www.football-data.co.uk/mmz4281/2324/E0.csv,2026-05-25
2023-24,Man City,10,2023-10-29,Man United,A,3,0,W,3,24,15,22,7,100,https://www.football-data.co.uk/mmz4281/2324/E0.csv,2026-05-25
2023-24,Man City,11,2023-11-04,Bournemouth,H,6,1,W,3,27,20,28,8,105,https://www.football-data.co.uk/mmz4281/2324/E0.csv,2026-05-25
2023-24,Man City,12,2023-11-12,Chelsea,A,4,4,D,1,28,20,32,12,120,https://www.football-data.co.uk/mmz4281/2324/E0.csv,2026-05-25
2023-24,Man City,13,2023-11-25,Liverpool,H,1,1,D,1,29,20,33,13,121,https://www.football-data.co.uk/mmz4281/2324/E0.csv,2026-05-25
2023-24,Man City,14,2023-12-03,Tottenham,H,3,3,D,1,30,20,36,16,140,https://www.football-data.co.uk/mmz4281/2324/E0.csv,2026-05-25
2023-24,Man City,15,2023-12-06,Aston Villa,A,0,1,L,0,30,19,36,17,147,https://www.football-data.co.uk/mmz4281/2324/E0.csv,2026-05-25
2023-24,Man City,16,2023-12-10,Luton,A,2,1,W,3,33,20,38,18,159,https://www.football-data.co.uk/mmz4281/2324/E0.csv,2026-05-25
2023-24,Man City,17,2023-12-16,Crystal Palace,H,2,2,D,1,34,20,40,20,163,https://www.football-data.co.uk/mmz4281/2324/E0.csv,2026-05-25
2023-24,Man City,18,2023-12-27,Everton,A,3,1,W,3,37,22,43,21,186,https://www.football-data.co.uk/mmz4281/2324/E0.csv,2026-05-25
2023-24,Man City,19,2023-12-30,Sheffield United,H,2,0,W,3,40,24,45,21,192,https://www.football-data.co.uk/mmz4281/2324/E0.csv,2026-05-25
2023-24,Man City,20,2024-01-13,Newcastle,A,3,2,W,3,43,25,48,23,201,https://www.football-data.co.uk/mmz4281/2324/E0.csv,2026-05-25
2023-24,Man City,21,2024-01-31,Burnley,H,3,1,W,3,46,27,51,24,214,https://www.football-data.co.uk/mmz4281/2324/E0.csv,2026-05-25
2023-24,Man City,22,2024-02-05,Brentford,A,3,1,W,3,49,29,54,25,228,https://www.football-data.co.uk/mmz4281/2324/E0.csv,2026-05-25
2023-24,Man City,23,2024-02-10,Everton,H,2,0,W,3,52,31,56,25,229,https://www.football-data.co.uk/mmz4281/2324/E0.csv,2026-05-25
2023-24,Man City,24,2024-02-17,Chelsea,H,1,1,D,1,53,31,57,26,245,https://www.football-data.co.uk/mmz4281/2324/E0.csv,2026-05-25
2023-24,Man City,25,2024-02-20,Brentford,H,1,0,W,3,56,32,58,26,249,https://www.football-data.co.uk/mmz4281/2324/E0.csv,2026-05-25
2023-24,Man City,26,2024-02-24,Bournemouth,A,1,0,W,3,59,33,59,26,255,https://www.football-data.co.uk/mmz4281/2324/E0.csv,2026-05-25
2023-24,Man City,27,2024-03-03,Man United,H,3,1,W,3,62,35,62,27,267,https://www.football-data.co.uk/mmz4281/2324/E0.csv,2026-05-25
2023-24,Man City,28,2024-03-10,Liverpool,A,1,1,D,1,63,35,63,28,277,https://www.football-data.co.uk/mmz4281/2324/E0.csv,2026-05-25
2023-24,Man City,29,2024-03-31,Arsenal,H,0,0,D,1,64,35,63,28,293,https://www.football-data.co.uk/mmz4281/2324/E0.csv,2026-05-25
2023-24,Man City,30,2024-04-03,Aston Villa,H,4,1,W,3,67,38,67,29,301,https://www.football-data.co.uk/mmz4281/2324/E0.csv,2026-05-25
2023-24,Man City,31,2024-04-06,Crystal Palace,A,4,2,W,3,70,40,71,31,304,https://www.football-data.co.uk/mmz4281/2324/E0.csv,2026-05-25
2023-24,Man City,32,2024-04-13,Luton,H,5,1,W,3,73,44,76,32,317,https://www.football-data.co.uk/mmz4281/2324/E0.csv,2026-05-25
2023-24,Man City,33,2024-04-25,Brighton,A,4,0,W,3,76,48,80,32,336,https://www.football-data.co.uk/mmz4281/2324/E0.csv,2026-05-25
2023-24,Man City,34,2024-04-28,Nott'm Forest,A,2,0,W,3,79,50,82,32,346,https://www.football-data.co.uk/mmz4281/2324/E0.csv,2026-05-25
2023-24,Man City,35,2024-05-04,Wolves,H,5,1,W,3,82,54,87,33,353,https://www.football-data.co.uk/mmz4281/2324/E0.csv,2026-05-25
2023-24,Man City,36,2024-05-11,Fulham,A,4,0,W,3,85,58,91,33,358,https://www.football-data.co.uk/mmz4281/2324/E0.csv,2026-05-25
2023-24,Man City,37,2024-05-14,Tottenham,A,2,0,W,3,88,60,93,33,368,https://www.football-data.co.uk/mmz4281/2324/E0.csv,2026-05-25
2023-24,Man City,38,2024-05-19,West Ham,H,3,1,W,3,91,62,96,34,379,https://www.football-data.co.uk/mmz4281/2324/E0.csv,2026-05-25
2023-24,Man United,1,2023-08-14,Wolves,H,1,0,W,3,3,1,1,0,10,https://www.football-data.co.uk/mmz4281/2324/E0.csv,2026-05-25
2023-24,Man United,2,2023-08-19,Tottenham,A,0,2,L,0,3,-1,1,2,15,https://www.football-data.co.uk/mmz4281/2324/E0.csv,2026-05-25
2023-24,Man United,3,2023-08-26,Nott'm Forest,H,3,2,W,3,6,0,4,4,25,https://www.football-data.co.uk/mmz4281/2324/E0.csv,2026-05-25
2023-24,Man United,4,2023-09-03,Arsenal,A,1,3,L,0,6,-2,5,7,39,https://www.football-data.co.uk/mmz4281/2324/E0.csv,2026-05-25
2023-24,Man United,5,2023-09-16,Brighton,H,1,3,L,0,6,-4,6,10,43,https://www.football-data.co.uk/mmz4281/2324/E0.csv,2026-05-25
2023-24,Man United,6,2023-09-23,Burnley,A,1,0,W,3,9,-3,7,10,54,https://www.football-data.co.uk/mmz4281/2324/E0.csv,2026-05-25
2023-24,Man United,7,2023-09-30,Crystal Palace,H,0,1,L,0,9,-4,7,11,63,https://www.football-data.co.uk/mmz4281/2324/E0.csv,2026-05-25
2023-24,Man United,8,2023-10-07,Brentford,H,2,1,W,3,12,-3,9,12,75,https://www.football-data.co.uk/mmz4281/2324/E0.csv,2026-05-25
2023-24,Man United,9,2023-10-21,Sheffield United,A,2,1,W,3,15,-2,11,13,88,https://www.football-data.co.uk/mmz4281/2324/E0.csv,2026-05-25
2023-24,Man United,10,2023-10-29,Man City,H,0,3,L,0,15,-5,11,16,100,https://www.football-data.co.uk/mmz4281/2324/E0.csv,2026-05-25
2023-24,Man United,11,2023-11-04,Fulham,A,1,0,W,3,18,-4,12,16,101,https://www.football-data.co.uk/mmz4281/2324/E0.csv,2026-05-25
2023-24,Man United,12,2023-11-11,Luton,H,1,0,W,3,21,-3,13,16,114,https://www.football-data.co.uk/mmz4281/2324/E0.csv,2026-05-25
2023-24,Man United,13,2023-11-26,Everton,A,3,0,W,3,24,0,16,16,129,https://www.football-data.co.uk/mmz4281/2324/E0.csv,2026-05-25
2023-24,Man United,14,2023-12-02,Newcastle,A,0,1,L,0,24,-1,16,17,135,https://www.football-data.co.uk/mmz4281/2324/E0.csv,2026-05-25
2023-24,Man United,15,2023-12-06,Chelsea,H,2,1,W,3,27,0,18,18,148,https://www.football-data.co.uk/mmz4281/2324/E0.csv,2026-05-25
2023-24,Man United,16,2023-12-09,Bournemouth,H,0,3,L,0,27,-3,18,21,153,https://www.football-data.co.uk/mmz4281/2324/E0.csv,2026-05-25
2023-24,Man United,17,2023-12-17,Liverpool,A,0,0,D,1,28,-3,18,21,169,https://www.football-data.co.uk/mmz4281/2324/E0.csv,2026-05-25
2023-24,Man United,18,2023-12-23,West Ham,A,0,2,L,0,28,-5,18,23,172,https://www.football-data.co.uk/mmz4281/2324/E0.csv,2026-05-25
2023-24,Man United,19,2023-12-26,Aston Villa,H,3,2,W,3,31,-4,21,25,183,https://www.football-data.co.uk/mmz4281/2324/E0.csv,2026-05-25
2023-24,Man United,20,2023-12-30,Nott'm Forest,A,1,2,L,0,31,-5,22,27,194,https://www.football-data.co.uk/mmz4281/2324/E0.csv,2026-05-25
2023-24,Man United,21,2024-01-14,Tottenham,H,2,2,D,1,32,-5,24,29,203,https://www.football-data.co.uk/mmz4281/2324/E0.csv,2026-05-25
2023-24,Man United,22,2024-02-01,Wolves,A,4,3,W,3,35,-4,28,32,218,https://www.football-data.co.uk/mmz4281/2324/E0.csv,2026-05-25
2023-24,Man United,23,2024-02-04,West Ham,H,3,0,W,3,38,-1,31,32,226,https://www.football-data.co.uk/mmz4281/2324/E0.csv,2026-05-25
2023-24,Man United,24,2024-02-11,Aston Villa,A,2,1,W,3,41,0,33,33,237,https://www.football-data.co.uk/mmz4281/2324/E0.csv,2026-05-25
2023-24,Man United,25,2024-02-18,Luton,A,2,1,W,3,44,1,35,34,247,https://www.football-data.co.uk/mmz4281/2324/E0.csv,2026-05-25
2023-24,Man United,26,2024-02-24,Fulham,H,1,2,L,0,44,0,36,36,254,https://www.football-data.co.uk/mmz4281/2324/E0.csv,2026-05-25
2023-24,Man United,27,2024-03-03,Man City,A,1,3,L,0,44,-2,37,39,267,https://www.football-data.co.uk/mmz4281/2324/E0.csv,2026-05-25
2023-24,Man United,28,2024-03-09,Everton,H,2,0,W,3,47,0,39,39,269,https://www.football-data.co.uk/mmz4281/2324/E0.csv,2026-05-25
2023-24,Man United,29,2024-03-30,Brentford,A,1,1,D,1,48,0,40,40,291,https://www.football-data.co.uk/mmz4281/2324/E0.csv,2026-05-25
2023-24,Man United,30,2024-04-04,Chelsea,A,3,4,L,0,48,-1,43,44,303,https://www.football-data.co.uk/mmz4281/2324/E0.csv,2026-05-25
2023-24,Man United,31,2024-04-07,Liverpool,H,2,2,D,1,49,-1,45,46,311,https://www.football-data.co.uk/mmz4281/2324/E0.csv,2026-05-25
2023-24,Man United,32,2024-04-13,Bournemouth,A,2,2,D,1,50,-1,47,48,319,https://www.football-data.co.uk/mmz4281/2324/E0.csv,2026-05-25
2023-24,Man United,33,2024-04-24,Sheffield United,H,4,2,W,3,53,1,51,50,335,https://www.football-data.co.uk/mmz4281/2324/E0.csv,2026-05-25
2023-24,Man United,34,2024-04-27,Burnley,H,1,1,D,1,54,1,52,51,339,https://www.football-data.co.uk/mmz4281/2324/E0.csv,2026-05-25
2023-24,Man United,35,2024-05-06,Crystal Palace,A,0,4,L,0,54,-3,52,55,357,https://www.football-data.co.uk/mmz4281/2324/E0.csv,2026-05-25
2023-24,Man United,36,2024-05-12,Arsenal,H,0,1,L,0,54,-4,52,56,366,https://www.football-data.co.uk/mmz4281/2324/E0.csv,2026-05-25
2023-24,Man United,37,2024-05-15,Newcastle,H,3,2,W,3,57,-3,55,58,370,https://www.football-data.co.uk/mmz4281/2324/E0.csv,2026-05-25
2023-24,Man United,38,2024-05-19,Brighton,A,2,0,W,3,60,-1,57,58,373,https://www.football-data.co.uk/mmz4281/2324/E0.csv,2026-05-25
2023-24,Newcastle,1,2023-08-12,Aston Villa,H,5,1,W,3,3,4,5,1,7,https://www.football-data.co.uk/mmz4281/2324/E0.csv,2026-05-25
2023-24,Newcastle,2,2023-08-19,Man City,A,0,1,L,0,3,3,5,2,16,https://www.football-data.co.uk/mmz4281/2324/E0.csv,2026-05-25
2023-24,Newcastle,3,2023-08-27,Liverpool,H,1,2,L,0,3,2,6,4,29,https://www.football-data.co.uk/mmz4281/2324/E0.csv,2026-05-25
2023-24,Newcastle,4,2023-09-02,Brighton,A,1,3,L,0,3,0,7,7,36,https://www.football-data.co.uk/mmz4281/2324/E0.csv,2026-05-25
2023-24,Newcastle,5,2023-09-16,Brentford,H,1,0,W,3,6,1,8,7,46,https://www.football-data.co.uk/mmz4281/2324/E0.csv,2026-05-25
2023-24,Newcastle,6,2023-09-24,Sheffield United,A,8,0,W,3,9,9,16,7,59,https://www.football-data.co.uk/mmz4281/2324/E0.csv,2026-05-25
2023-24,Newcastle,7,2023-09-30,Burnley,H,2,0,W,3,12,11,18,7,64,https://www.football-data.co.uk/mmz4281/2324/E0.csv,2026-05-25
2023-24,Newcastle,8,2023-10-08,West Ham,A,2,2,D,1,13,11,20,9,78,https://www.football-data.co.uk/mmz4281/2324/E0.csv,2026-05-25
2023-24,Newcastle,9,2023-10-21,Crystal Palace,H,4,0,W,3,16,15,24,9,85,https://www.football-data.co.uk/mmz4281/2324/E0.csv,2026-05-25
2023-24,Newcastle,10,2023-10-28,Wolves,A,2,2,D,1,17,15,26,11,95,https://www.football-data.co.uk/mmz4281/2324/E0.csv,2026-05-25
2023-24,Newcastle,11,2023-11-04,Arsenal,H,1,0,W,3,20,16,27,11,107,https://www.football-data.co.uk/mmz4281/2324/E0.csv,2026-05-25
2023-24,Newcastle,12,2023-11-11,Bournemouth,A,0,2,L,0,20,14,27,13,115,https://www.football-data.co.uk/mmz4281/2324/E0.csv,2026-05-25
2023-24,Newcastle,13,2023-11-25,Chelsea,H,4,1,W,3,23,17,31,14,124,https://www.football-data.co.uk/mmz4281/2324/E0.csv,2026-05-25
2023-24,Newcastle,14,2023-12-02,Man United,H,1,0,W,3,26,18,32,14,135,https://www.football-data.co.uk/mmz4281/2324/E0.csv,2026-05-25
2023-24,Newcastle,15,2023-12-07,Everton,A,0,3,L,0,26,15,32,17,149,https://www.football-data.co.uk/mmz4281/2324/E0.csv,2026-05-25
2023-24,Newcastle,16,2023-12-10,Tottenham,A,1,4,L,0,26,12,33,21,160,https://www.football-data.co.uk/mmz4281/2324/E0.csv,2026-05-25
2023-24,Newcastle,17,2023-12-16,Fulham,H,3,0,W,3,29,15,36,21,164,https://www.football-data.co.uk/mmz4281/2324/E0.csv,2026-05-25
2023-24,Newcastle,18,2023-12-23,Luton,A,0,1,L,0,29,14,36,22,174,https://www.football-data.co.uk/mmz4281/2324/E0.csv,2026-05-25
2023-24,Newcastle,19,2023-12-26,Nott'm Forest,H,1,3,L,0,29,12,37,25,179,https://www.football-data.co.uk/mmz4281/2324/E0.csv,2026-05-25
2023-24,Newcastle,20,2024-01-01,Liverpool,A,2,4,L,0,29,10,39,29,197,https://www.football-data.co.uk/mmz4281/2324/E0.csv,2026-05-25
2023-24,Newcastle,21,2024-01-13,Man City,H,2,3,L,0,29,9,41,32,201,https://www.football-data.co.uk/mmz4281/2324/E0.csv,2026-05-25
2023-24,Newcastle,22,2024-01-30,Aston Villa,A,3,1,W,3,32,11,44,33,213,https://www.football-data.co.uk/mmz4281/2324/E0.csv,2026-05-25
2023-24,Newcastle,23,2024-02-03,Luton,H,4,4,D,1,33,11,48,37,222,https://www.football-data.co.uk/mmz4281/2324/E0.csv,2026-05-25
2023-24,Newcastle,24,2024-02-10,Nott'm Forest,A,3,2,W,3,36,12,51,39,235,https://www.football-data.co.uk/mmz4281/2324/E0.csv,2026-05-25
2023-24,Newcastle,25,2024-02-17,Bournemouth,H,2,2,D,1,37,12,53,41,242,https://www.football-data.co.uk/mmz4281/2324/E0.csv,2026-05-25
2023-24,Newcastle,26,2024-02-24,Arsenal,A,1,4,L,0,37,9,54,45,256,https://www.football-data.co.uk/mmz4281/2324/E0.csv,2026-05-25
2023-24,Newcastle,27,2024-03-02,Wolves,H,3,0,W,3,40,12,57,45,262,https://www.football-data.co.uk/mmz4281/2324/E0.csv,2026-05-25
2023-24,Newcastle,28,2024-03-11,Chelsea,A,2,3,L,0,40,11,59,48,278,https://www.football-data.co.uk/mmz4281/2324/E0.csv,2026-05-25
2023-24,Newcastle,29,2024-03-30,West Ham,H,4,3,W,3,43,12,63,51,284,https://www.football-data.co.uk/mmz4281/2324/E0.csv,2026-05-25
2023-24,Newcastle,30,2024-04-02,Everton,H,1,1,D,1,44,12,64,52,294,https://www.football-data.co.uk/mmz4281/2324/E0.csv,2026-05-25
2023-24,Newcastle,31,2024-04-06,Fulham,A,1,0,W,3,47,13,65,52,307,https://www.football-data.co.uk/mmz4281/2324/E0.csv,2026-05-25
2023-24,Newcastle,32,2024-04-13,Tottenham,H,4,0,W,3,50,17,69,52,314,https://www.football-data.co.uk/mmz4281/2324/E0.csv,2026-05-25
2023-24,Newcastle,33,2024-04-24,Crystal Palace,A,0,2,L,0,50,15,69,54,333,https://www.football-data.co.uk/mmz4281/2324/E0.csv,2026-05-25
2023-24,Newcastle,34,2024-04-27,Sheffield United,H,5,1,W,3,53,19,74,55,340,https://www.football-data.co.uk/mmz4281/2324/E0.csv,2026-05-25
2023-24,Newcastle,35,2024-05-04,Burnley,A,4,1,W,3,56,22,78,56,351,https://www.football-data.co.uk/mmz4281/2324/E0.csv,2026-05-25
2023-24,Newcastle,36,2024-05-11,Brighton,H,1,1,D,1,57,22,79,57,361,https://www.football-data.co.uk/mmz4281/2324/E0.csv,2026-05-25
2023-24,Newcastle,37,2024-05-15,Man United,A,2,3,L,0,57,21,81,60,370,https://www.football-data.co.uk/mmz4281/2324/E0.csv,2026-05-25
2023-24,Newcastle,38,2024-05-19,Brentford,A,4,2,W,3,60,23,85,62,372,https://www.football-data.co.uk/mmz4281/2324/E0.csv,2026-05-25
2023-24,Nott'm Forest,1,2023-08-12,Arsenal,A,1,2,L,0,0,-1,1,2,2,https://www.football-data.co.uk/mmz4281/2324/E0.csv,2026-05-25
2023-24,Nott'm Forest,2,2023-08-18,Sheffield United,H,2,1,W,3,3,0,3,3,11,https://www.football-data.co.uk/mmz4281/2324/E0.csv,2026-05-25
2023-24,Nott'm Forest,3,2023-08-26,Man United,A,2,3,L,0,3,-1,5,6,25,https://www.football-data.co.uk/mmz4281/2324/E0.csv,2026-05-25
2023-24,Nott'm Forest,4,2023-09-02,Chelsea,A,1,0,W,3,6,0,6,6,34,https://www.football-data.co.uk/mmz4281/2324/E0.csv,2026-05-25
2023-24,Nott'm Forest,5,2023-09-18,Burnley,H,1,1,D,1,7,0,7,7,49,https://www.football-data.co.uk/mmz4281/2324/E0.csv,2026-05-25
2023-24,Nott'm Forest,6,2023-09-23,Man City,A,0,2,L,0,7,-2,7,9,52,https://www.football-data.co.uk/mmz4281/2324/E0.csv,2026-05-25
2023-24,Nott'm Forest,7,2023-10-01,Brentford,H,1,1,D,1,8,-2,8,10,68,https://www.football-data.co.uk/mmz4281/2324/E0.csv,2026-05-25
2023-24,Nott'm Forest,8,2023-10-07,Crystal Palace,A,0,0,D,1,9,-2,8,10,76,https://www.football-data.co.uk/mmz4281/2324/E0.csv,2026-05-25
2023-24,Nott'm Forest,9,2023-10-21,Luton,H,2,2,D,1,10,-2,10,12,86,https://www.football-data.co.uk/mmz4281/2324/E0.csv,2026-05-25
2023-24,Nott'm Forest,10,2023-10-29,Liverpool,A,0,3,L,0,10,-5,10,15,99,https://www.football-data.co.uk/mmz4281/2324/E0.csv,2026-05-25
2023-24,Nott'm Forest,11,2023-11-05,Aston Villa,H,2,0,W,3,13,-3,12,15,108,https://www.football-data.co.uk/mmz4281/2324/E0.csv,2026-05-25
2023-24,Nott'm Forest,12,2023-11-12,West Ham,A,2,3,L,0,13,-4,14,18,119,https://www.football-data.co.uk/mmz4281/2324/E0.csv,2026-05-25
2023-24,Nott'm Forest,13,2023-11-25,Brighton,H,2,3,L,0,13,-5,16,21,125,https://www.football-data.co.uk/mmz4281/2324/E0.csv,2026-05-25
2023-24,Nott'm Forest,14,2023-12-02,Everton,H,0,1,L,0,13,-6,16,22,134,https://www.football-data.co.uk/mmz4281/2324/E0.csv,2026-05-25
2023-24,Nott'm Forest,15,2023-12-06,Fulham,A,0,5,L,0,13,-11,16,27,145,https://www.football-data.co.uk/mmz4281/2324/E0.csv,2026-05-25
2023-24,Nott'm Forest,16,2023-12-09,Wolves,A,1,1,D,1,14,-11,17,28,155,https://www.football-data.co.uk/mmz4281/2324/E0.csv,2026-05-25
2023-24,Nott'm Forest,17,2023-12-15,Tottenham,H,0,2,L,0,14,-13,17,30,161,https://www.football-data.co.uk/mmz4281/2324/E0.csv,2026-05-25
2023-24,Nott'm Forest,18,2023-12-23,Bournemouth,H,2,3,L,0,14,-14,19,33,175,https://www.football-data.co.uk/mmz4281/2324/E0.csv,2026-05-25
2023-24,Nott'm Forest,19,2023-12-26,Newcastle,A,3,1,W,3,17,-12,22,34,179,https://www.football-data.co.uk/mmz4281/2324/E0.csv,2026-05-25
2023-24,Nott'm Forest,20,2023-12-30,Man United,H,2,1,W,3,20,-11,24,35,194,https://www.football-data.co.uk/mmz4281/2324/E0.csv,2026-05-25
2023-24,Nott'm Forest,21,2024-01-20,Brentford,A,2,3,L,0,20,-12,26,38,205,https://www.football-data.co.uk/mmz4281/2324/E0.csv,2026-05-25
2023-24,Nott'm Forest,22,2024-01-30,Arsenal,H,1,2,L,0,20,-13,27,40,209,https://www.football-data.co.uk/mmz4281/2324/E0.csv,2026-05-25
2023-24,Nott'm Forest,23,2024-02-04,Bournemouth,A,1,1,D,1,21,-13,28,41,224,https://www.football-data.co.uk/mmz4281/2324/E0.csv,2026-05-25
2023-24,Nott'm Forest,24,2024-02-10,Newcastle,H,2,3,L,0,21,-14,30,44,235,https://www.football-data.co.uk/mmz4281/2324/E0.csv,2026-05-25
2023-24,Nott'm Forest,25,2024-02-17,West Ham,H,2,0,W,3,24,-12,32,44,243,https://www.football-data.co.uk/mmz4281/2324/E0.csv,2026-05-25
2023-24,Nott'm Forest,26,2024-02-24,Aston Villa,A,2,4,L,0,24,-14,34,48,251,https://www.football-data.co.uk/mmz4281/2324/E0.csv,2026-05-25
2023-24,Nott'm Forest,27,2024-03-02,Liverpool,H,0,1,L,0,24,-15,34,49,263,https://www.football-data.co.uk/mmz4281/2324/E0.csv,2026-05-25
2023-24,Nott'm Forest,28,2024-03-10,Brighton,A,0,1,L,0,24,-16,34,50,275,https://www.football-data.co.uk/mmz4281/2324/E0.csv,2026-05-25
2023-24,Nott'm Forest,29,2024-03-16,Luton,A,1,1,D,1,25,-16,35,51,281,https://www.football-data.co.uk/mmz4281/2324/E0.csv,2026-05-25
2023-24,Nott'm Forest,30,2024-03-30,Crystal Palace,H,1,1,D,1,26,-16,36,52,287,https://www.football-data.co.uk/mmz4281/2324/E0.csv,2026-05-25
2023-24,Nott'm Forest,31,2024-04-02,Fulham,H,3,1,W,3,29,-14,39,53,295,https://www.football-data.co.uk/mmz4281/2324/E0.csv,2026-05-25
2023-24,Nott'm Forest,32,2024-04-07,Tottenham,A,1,3,L,0,29,-16,40,56,313,https://www.football-data.co.uk/mmz4281/2324/E0.csv,2026-05-25
2023-24,Nott'm Forest,33,2024-04-13,Wolves,H,2,2,D,1,30,-16,42,58,318,https://www.football-data.co.uk/mmz4281/2324/E0.csv,2026-05-25
2023-24,Nott'm Forest,34,2024-04-21,Everton,A,0,2,L,0,30,-18,42,60,327,https://www.football-data.co.uk/mmz4281/2324/E0.csv,2026-05-25
2023-24,Nott'm Forest,35,2024-04-28,Man City,H,0,2,L,0,30,-20,42,62,346,https://www.football-data.co.uk/mmz4281/2324/E0.csv,2026-05-25
2023-24,Nott'm Forest,36,2024-05-04,Sheffield United,A,3,1,W,3,33,-18,45,63,352,https://www.football-data.co.uk/mmz4281/2324/E0.csv,2026-05-25
2023-24,Nott'm Forest,37,2024-05-11,Chelsea,H,2,3,L,0,33,-19,47,66,365,https://www.football-data.co.uk/mmz4281/2324/E0.csv,2026-05-25
2023-24,Nott'm Forest,38,2024-05-19,Burnley,A,2,1,W,3,36,-18,49,67,374,https://www.football-data.co.uk/mmz4281/2324/E0.csv,2026-05-25
2023-24,Sheffield United,1,2023-08-12,Crystal Palace,H,0,1,L,0,0,-1,0,1,6,https://www.football-data.co.uk/mmz4281/2324/E0.csv,2026-05-25
2023-24,Sheffield United,2,2023-08-18,Nott'm Forest,A,1,2,L,0,0,-2,1,3,11,https://www.football-data.co.uk/mmz4281/2324/E0.csv,2026-05-25
2023-24,Sheffield United,3,2023-08-27,Man City,H,1,2,L,0,0,-3,2,5,28,https://www.football-data.co.uk/mmz4281/2324/E0.csv,2026-05-25
2023-24,Sheffield United,4,2023-09-02,Everton,H,2,2,D,1,1,-3,4,7,31,https://www.football-data.co.uk/mmz4281/2324/E0.csv,2026-05-25
2023-24,Sheffield United,5,2023-09-16,Tottenham,A,1,2,L,0,1,-4,5,9,44,https://www.football-data.co.uk/mmz4281/2324/E0.csv,2026-05-25
2023-24,Sheffield United,6,2023-09-24,Newcastle,H,0,8,L,0,1,-12,5,17,59,https://www.football-data.co.uk/mmz4281/2324/E0.csv,2026-05-25
2023-24,Sheffield United,7,2023-09-30,West Ham,A,0,2,L,0,1,-14,5,19,65,https://www.football-data.co.uk/mmz4281/2324/E0.csv,2026-05-25
2023-24,Sheffield United,8,2023-10-07,Fulham,A,1,3,L,0,1,-16,6,22,74,https://www.football-data.co.uk/mmz4281/2324/E0.csv,2026-05-25
2023-24,Sheffield United,9,2023-10-21,Man United,H,1,2,L,0,1,-17,7,24,88,https://www.football-data.co.uk/mmz4281/2324/E0.csv,2026-05-25
2023-24,Sheffield United,10,2023-10-28,Arsenal,A,0,5,L,0,1,-22,7,29,93,https://www.football-data.co.uk/mmz4281/2324/E0.csv,2026-05-25
2023-24,Sheffield United,11,2023-11-04,Wolves,H,2,1,W,3,4,-21,9,30,106,https://www.football-data.co.uk/mmz4281/2324/E0.csv,2026-05-25
2023-24,Sheffield United,12,2023-11-12,Brighton,A,1,1,D,1,5,-21,10,31,117,https://www.football-data.co.uk/mmz4281/2324/E0.csv,2026-05-25
2023-24,Sheffield United,13,2023-11-25,Bournemouth,H,1,3,L,0,5,-23,11,34,126,https://www.football-data.co.uk/mmz4281/2324/E0.csv,2026-05-25
2023-24,Sheffield United,14,2023-12-02,Burnley,A,0,5,L,0,5,-28,11,39,133,https://www.football-data.co.uk/mmz4281/2324/E0.csv,2026-05-25
2023-24,Sheffield United,15,2023-12-06,Liverpool,H,0,2,L,0,5,-30,11,41,146,https://www.football-data.co.uk/mmz4281/2324/E0.csv,2026-05-25
2023-24,Sheffield United,16,2023-12-09,Brentford,H,1,0,W,3,8,-29,12,41,154,https://www.football-data.co.uk/mmz4281/2324/E0.csv,2026-05-25
2023-24,Sheffield United,17,2023-12-16,Chelsea,A,0,2,L,0,8,-31,12,43,162,https://www.football-data.co.uk/mmz4281/2324/E0.csv,2026-05-25
2023-24,Sheffield United,18,2023-12-22,Aston Villa,A,1,1,D,1,9,-31,13,44,171,https://www.football-data.co.uk/mmz4281/2324/E0.csv,2026-05-25
2023-24,Sheffield United,19,2023-12-26,Luton,H,2,3,L,0,9,-32,15,47,181,https://www.football-data.co.uk/mmz4281/2324/E0.csv,2026-05-25
2023-24,Sheffield United,20,2023-12-30,Man City,A,0,2,L,0,9,-34,15,49,192,https://www.football-data.co.uk/mmz4281/2324/E0.csv,2026-05-25
2023-24,Sheffield United,21,2024-01-21,West Ham,H,2,2,D,1,10,-34,17,51,206,https://www.football-data.co.uk/mmz4281/2324/E0.csv,2026-05-25
2023-24,Sheffield United,22,2024-01-30,Crystal Palace,A,2,3,L,0,10,-35,19,54,212,https://www.football-data.co.uk/mmz4281/2324/E0.csv,2026-05-25
2023-24,Sheffield United,23,2024-02-03,Aston Villa,H,0,5,L,0,10,-40,19,59,223,https://www.football-data.co.uk/mmz4281/2324/E0.csv,2026-05-25
2023-24,Sheffield United,24,2024-02-10,Luton,A,3,1,W,3,13,-38,22,60,232,https://www.football-data.co.uk/mmz4281/2324/E0.csv,2026-05-25
2023-24,Sheffield United,25,2024-02-18,Brighton,H,0,5,L,0,13,-43,22,65,246,https://www.football-data.co.uk/mmz4281/2324/E0.csv,2026-05-25
2023-24,Sheffield United,26,2024-02-25,Wolves,A,0,1,L,0,13,-44,22,66,257,https://www.football-data.co.uk/mmz4281/2324/E0.csv,2026-05-25
2023-24,Sheffield United,27,2024-03-04,Arsenal,H,0,6,L,0,13,-50,22,72,268,https://www.football-data.co.uk/mmz4281/2324/E0.csv,2026-05-25
2023-24,Sheffield United,28,2024-03-09,Bournemouth,A,2,2,D,1,14,-50,24,74,270,https://www.football-data.co.uk/mmz4281/2324/E0.csv,2026-05-25
2023-24,Sheffield United,29,2024-03-30,Fulham,H,3,3,D,1,15,-50,27,77,288,https://www.football-data.co.uk/mmz4281/2324/E0.csv,2026-05-25
2023-24,Sheffield United,30,2024-04-04,Liverpool,A,1,3,L,0,15,-52,28,80,302,https://www.football-data.co.uk/mmz4281/2324/E0.csv,2026-05-25
2023-24,Sheffield United,31,2024-04-07,Chelsea,H,2,2,D,1,16,-52,30,82,312,https://www.football-data.co.uk/mmz4281/2324/E0.csv,2026-05-25
2023-24,Sheffield United,32,2024-04-13,Brentford,A,0,2,L,0,16,-54,30,84,315,https://www.football-data.co.uk/mmz4281/2324/E0.csv,2026-05-25
2023-24,Sheffield United,33,2024-04-20,Burnley,H,1,4,L,0,16,-57,31,88,325,https://www.football-data.co.uk/mmz4281/2324/E0.csv,2026-05-25
2023-24,Sheffield United,34,2024-04-24,Man United,A,2,4,L,0,16,-59,33,92,335,https://www.football-data.co.uk/mmz4281/2324/E0.csv,2026-05-25
2023-24,Sheffield United,35,2024-04-27,Newcastle,A,1,5,L,0,16,-63,34,97,340,https://www.football-data.co.uk/mmz4281/2324/E0.csv,2026-05-25
2023-24,Sheffield United,36,2024-05-04,Nott'm Forest,H,1,3,L,0,16,-65,35,100,352,https://www.football-data.co.uk/mmz4281/2324/E0.csv,2026-05-25
2023-24,Sheffield United,37,2024-05-11,Everton,A,0,1,L,0,16,-66,35,101,360,https://www.football-data.co.uk/mmz4281/2324/E0.csv,2026-05-25
2023-24,Sheffield United,38,2024-05-19,Tottenham,H,0,3,L,0,16,-69,35,104,380,https://www.football-data.co.uk/mmz4281/2324/E0.csv,2026-05-25
2023-24,Tottenham,1,2023-08-13,Brentford,A,2,2,D,1,1,0,2,2,8,https://www.football-data.co.uk/mmz4281/2324/E0.csv,2026-05-25
2023-24,Tottenham,2,2023-08-19,Man United,H,2,0,W,3,4,2,4,2,15,https://www.football-data.co.uk/mmz4281/2324/E0.csv,2026-05-25
2023-24,Tottenham,3,2023-08-26,Bournemouth,A,2,0,W,3,7,4,6,2,21,https://www.football-data.co.uk/mmz4281/2324/E0.csv,2026-05-25
2023-24,Tottenham,4,2023-09-02,Burnley,A,5,2,W,3,10,7,11,4,33,https://www.football-data.co.uk/mmz4281/2324/E0.csv,2026-05-25
2023-24,Tottenham,5,2023-09-16,Sheffield United,H,2,1,W,3,13,8,13,5,44,https://www.football-data.co.uk/mmz4281/2324/E0.csv,2026-05-25
2023-24,Tottenham,6,2023-09-24,Arsenal,A,2,2,D,1,14,8,15,7,55,https://www.football-data.co.uk/mmz4281/2324/E0.csv,2026-05-25
2023-24,Tottenham,7,2023-09-30,Liverpool,H,2,1,W,3,17,9,17,8,67,https://www.football-data.co.uk/mmz4281/2324/E0.csv,2026-05-25
2023-24,Tottenham,8,2023-10-07,Luton,A,1,0,W,3,20,10,18,8,71,https://www.football-data.co.uk/mmz4281/2324/E0.csv,2026-05-25
2023-24,Tottenham,9,2023-10-23,Fulham,H,2,0,W,3,23,12,20,8,90,https://www.football-data.co.uk/mmz4281/2324/E0.csv,2026-05-25
2023-24,Tottenham,10,2023-10-27,Crystal Palace,A,2,1,W,3,26,13,22,9,91,https://www.football-data.co.uk/mmz4281/2324/E0.csv,2026-05-25
2023-24,Tottenham,11,2023-11-06,Chelsea,H,1,4,L,0,26,10,23,13,110,https://www.football-data.co.uk/mmz4281/2324/E0.csv,2026-05-25
2023-24,Tottenham,12,2023-11-11,Wolves,A,1,2,L,0,26,9,24,15,111,https://www.football-data.co.uk/mmz4281/2324/E0.csv,2026-05-25
2023-24,Tottenham,13,2023-11-26,Aston Villa,H,1,2,L,0,26,8,25,17,128,https://www.football-data.co.uk/mmz4281/2324/E0.csv,2026-05-25
2023-24,Tottenham,14,2023-12-03,Man City,A,3,3,D,1,27,8,28,20,140,https://www.football-data.co.uk/mmz4281/2324/E0.csv,2026-05-25
2023-24,Tottenham,15,2023-12-07,West Ham,H,1,2,L,0,27,7,29,22,150,https://www.football-data.co.uk/mmz4281/2324/E0.csv,2026-05-25
2023-24,Tottenham,16,2023-12-10,Newcastle,H,4,1,W,3,30,10,33,23,160,https://www.football-data.co.uk/mmz4281/2324/E0.csv,2026-05-25
2023-24,Tottenham,17,2023-12-15,Nott'm Forest,A,2,0,W,3,33,12,35,23,161,https://www.football-data.co.uk/mmz4281/2324/E0.csv,2026-05-25
2023-24,Tottenham,18,2023-12-23,Everton,H,2,1,W,3,36,13,37,24,176,https://www.football-data.co.uk/mmz4281/2324/E0.csv,2026-05-25
2023-24,Tottenham,19,2023-12-28,Brighton,A,2,4,L,0,36,11,39,28,187,https://www.football-data.co.uk/mmz4281/2324/E0.csv,2026-05-25
2023-24,Tottenham,20,2023-12-31,Bournemouth,H,3,1,W,3,39,13,42,29,196,https://www.football-data.co.uk/mmz4281/2324/E0.csv,2026-05-25
2023-24,Tottenham,21,2024-01-14,Man United,A,2,2,D,1,40,13,44,31,203,https://www.football-data.co.uk/mmz4281/2324/E0.csv,2026-05-25
2023-24,Tottenham,22,2024-01-31,Brentford,H,3,2,W,3,43,14,47,33,215,https://www.football-data.co.uk/mmz4281/2324/E0.csv,2026-05-25
2023-24,Tottenham,23,2024-02-03,Everton,A,2,2,D,1,44,14,49,35,219,https://www.football-data.co.uk/mmz4281/2324/E0.csv,2026-05-25
2023-24,Tottenham,24,2024-02-10,Brighton,H,2,1,W,3,47,15,51,36,233,https://www.football-data.co.uk/mmz4281/2324/E0.csv,2026-05-25
2023-24,Tottenham,25,2024-02-17,Wolves,H,1,2,L,0,47,14,52,38,244,https://www.football-data.co.uk/mmz4281/2324/E0.csv,2026-05-25
2023-24,Tottenham,26,2024-03-02,Crystal Palace,H,3,1,W,3,50,16,55,39,264,https://www.football-data.co.uk/mmz4281/2324/E0.csv,2026-05-25
2023-24,Tottenham,27,2024-03-10,Aston Villa,A,4,0,W,3,53,20,59,39,274,https://www.football-data.co.uk/mmz4281/2324/E0.csv,2026-05-25
2023-24,Tottenham,28,2024-03-16,Fulham,A,0,3,L,0,53,17,59,42,282,https://www.football-data.co.uk/mmz4281/2324/E0.csv,2026-05-25
2023-24,Tottenham,29,2024-03-30,Luton,H,2,1,W,3,56,18,61,43,289,https://www.football-data.co.uk/mmz4281/2324/E0.csv,2026-05-25
2023-24,Tottenham,30,2024-04-02,West Ham,A,1,1,D,1,57,18,62,44,298,https://www.football-data.co.uk/mmz4281/2324/E0.csv,2026-05-25
2023-24,Tottenham,31,2024-04-07,Nott'm Forest,H,3,1,W,3,60,20,65,45,313,https://www.football-data.co.uk/mmz4281/2324/E0.csv,2026-05-25
2023-24,Tottenham,32,2024-04-13,Newcastle,A,0,4,L,0,60,16,65,49,314,https://www.football-data.co.uk/mmz4281/2324/E0.csv,2026-05-25
2023-24,Tottenham,33,2024-04-28,Arsenal,H,2,3,L,0,60,15,67,52,345,https://www.football-data.co.uk/mmz4281/2324/E0.csv,2026-05-25
2023-24,Tottenham,34,2024-05-02,Chelsea,A,0,2,L,0,60,13,67,54,347,https://www.football-data.co.uk/mmz4281/2324/E0.csv,2026-05-25
2023-24,Tottenham,35,2024-05-05,Liverpool,A,2,4,L,0,60,11,69,58,356,https://www.football-data.co.uk/mmz4281/2324/E0.csv,2026-05-25
2023-24,Tottenham,36,2024-05-11,Burnley,H,2,1,W,3,63,12,71,59,362,https://www.football-data.co.uk/mmz4281/2324/E0.csv,2026-05-25
2023-24,Tottenham,37,2024-05-14,Man City,H,0,2,L,0,63,10,71,61,368,https://www.football-data.co.uk/mmz4281/2324/E0.csv,2026-05-25
2023-24,Tottenham,38,2024-05-19,Sheffield United,A,3,0,W,3,66,13,74,61,380,https://www.football-data.co.uk/mmz4281/2324/E0.csv,2026-05-25
2023-24,West Ham,1,2023-08-12,Bournemouth,A,1,1,D,1,1,0,1,1,3,https://www.football-data.co.uk/mmz4281/2324/E0.csv,2026-05-25
2023-24,West Ham,2,2023-08-20,Chelsea,H,3,1,W,3,4,2,4,2,18,https://www.football-data.co.uk/mmz4281/2324/E0.csv,2026-05-25
2023-24,West Ham,3,2023-08-26,Brighton,A,3,1,W,3,7,4,7,3,26,https://www.football-data.co.uk/mmz4281/2324/E0.csv,2026-05-25
2023-24,West Ham,4,2023-09-01,Luton,A,2,1,W,3,10,5,9,4,30,https://www.football-data.co.uk/mmz4281/2324/E0.csv,2026-05-25
2023-24,West Ham,5,2023-09-16,Man City,H,1,3,L,0,10,3,10,7,45,https://www.football-data.co.uk/mmz4281/2324/E0.csv,2026-05-25
2023-24,West Ham,6,2023-09-24,Liverpool,A,1,3,L,0,10,1,11,10,58,https://www.football-data.co.uk/mmz4281/2324/E0.csv,2026-05-25
2023-24,West Ham,7,2023-09-30,Sheffield United,H,2,0,W,3,13,3,13,10,65,https://www.football-data.co.uk/mmz4281/2324/E0.csv,2026-05-25
2023-24,West Ham,8,2023-10-08,Newcastle,H,2,2,D,1,14,3,15,12,78,https://www.football-data.co.uk/mmz4281/2324/E0.csv,2026-05-25
2023-24,West Ham,9,2023-10-22,Aston Villa,A,1,4,L,0,14,0,16,16,89,https://www.football-data.co.uk/mmz4281/2324/E0.csv,2026-05-25
2023-24,West Ham,10,2023-10-29,Everton,H,0,1,L,0,14,-1,16,17,96,https://www.football-data.co.uk/mmz4281/2324/E0.csv,2026-05-25
2023-24,West Ham,11,2023-11-04,Brentford,A,2,3,L,0,14,-2,18,20,102,https://www.football-data.co.uk/mmz4281/2324/E0.csv,2026-05-25
2023-24,West Ham,12,2023-11-12,Nott'm Forest,H,3,2,W,3,17,-1,21,22,119,https://www.football-data.co.uk/mmz4281/2324/E0.csv,2026-05-25
2023-24,West Ham,13,2023-11-25,Burnley,A,2,1,W,3,20,0,23,23,122,https://www.football-data.co.uk/mmz4281/2324/E0.csv,2026-05-25
2023-24,West Ham,14,2023-12-03,Crystal Palace,H,1,1,D,1,21,0,24,24,139,https://www.football-data.co.uk/mmz4281/2324/E0.csv,2026-05-25
2023-24,West Ham,15,2023-12-07,Tottenham,A,2,1,W,3,24,1,26,25,150,https://www.football-data.co.uk/mmz4281/2324/E0.csv,2026-05-25
2023-24,West Ham,16,2023-12-10,Fulham,A,0,5,L,0,24,-4,26,30,158,https://www.football-data.co.uk/mmz4281/2324/E0.csv,2026-05-25
2023-24,West Ham,17,2023-12-17,Wolves,H,3,0,W,3,27,-1,29,30,168,https://www.football-data.co.uk/mmz4281/2324/E0.csv,2026-05-25
2023-24,West Ham,18,2023-12-23,Man United,H,2,0,W,3,30,1,31,30,172,https://www.football-data.co.uk/mmz4281/2324/E0.csv,2026-05-25
2023-24,West Ham,19,2023-12-28,Arsenal,A,2,0,W,3,33,3,33,30,188,https://www.football-data.co.uk/mmz4281/2324/E0.csv,2026-05-25
2023-24,West Ham,20,2024-01-02,Brighton,H,0,0,D,1,34,3,33,30,198,https://www.football-data.co.uk/mmz4281/2324/E0.csv,2026-05-25
2023-24,West Ham,21,2024-01-21,Sheffield United,A,2,2,D,1,35,3,35,32,206,https://www.football-data.co.uk/mmz4281/2324/E0.csv,2026-05-25
2023-24,West Ham,22,2024-02-01,Bournemouth,H,1,1,D,1,36,3,36,33,217,https://www.football-data.co.uk/mmz4281/2324/E0.csv,2026-05-25
2023-24,West Ham,23,2024-02-04,Man United,A,0,3,L,0,36,0,36,36,226,https://www.football-data.co.uk/mmz4281/2324/E0.csv,2026-05-25
2023-24,West Ham,24,2024-02-11,Arsenal,H,0,6,L,0,36,-6,36,42,236,https://www.football-data.co.uk/mmz4281/2324/E0.csv,2026-05-25
2023-24,West Ham,25,2024-02-17,Nott'm Forest,A,0,2,L,0,36,-8,36,44,243,https://www.football-data.co.uk/mmz4281/2324/E0.csv,2026-05-25
2023-24,West Ham,26,2024-02-26,Brentford,H,4,2,W,3,39,-6,40,46,258,https://www.football-data.co.uk/mmz4281/2324/E0.csv,2026-05-25
2023-24,West Ham,27,2024-03-02,Everton,A,3,1,W,3,42,-4,43,47,260,https://www.football-data.co.uk/mmz4281/2324/E0.csv,2026-05-25
2023-24,West Ham,28,2024-03-10,Burnley,H,2,2,D,1,43,-4,45,49,276,https://www.football-data.co.uk/mmz4281/2324/E0.csv,2026-05-25
2023-24,West Ham,29,2024-03-17,Aston Villa,H,1,1,D,1,44,-4,46,50,283,https://www.football-data.co.uk/mmz4281/2324/E0.csv,2026-05-25
2023-24,West Ham,30,2024-03-30,Newcastle,A,3,4,L,0,44,-5,49,54,284,https://www.football-data.co.uk/mmz4281/2324/E0.csv,2026-05-25
2023-24,West Ham,31,2024-04-02,Tottenham,H,1,1,D,1,45,-5,50,55,298,https://www.football-data.co.uk/mmz4281/2324/E0.csv,2026-05-25
2023-24,West Ham,32,2024-04-06,Wolves,A,2,1,W,3,48,-4,52,56,309,https://www.football-data.co.uk/mmz4281/2324/E0.csv,2026-05-25
2023-24,West Ham,33,2024-04-14,Fulham,H,0,2,L,0,48,-6,52,58,321,https://www.football-data.co.uk/mmz4281/2324/E0.csv,2026-05-25
2023-24,West Ham,34,2024-04-21,Crystal Palace,A,2,5,L,0,48,-9,54,63,329,https://www.football-data.co.uk/mmz4281/2324/E0.csv,2026-05-25
2023-24,West Ham,35,2024-04-27,Liverpool,H,2,2,D,1,49,-9,56,65,337,https://www.football-data.co.uk/mmz4281/2324/E0.csv,2026-05-25
2023-24,West Ham,36,2024-05-05,Chelsea,A,0,5,L,0,49,-14,56,70,355,https://www.football-data.co.uk/mmz4281/2324/E0.csv,2026-05-25
2023-24,West Ham,37,2024-05-11,Luton,H,3,1,W,3,52,-12,59,71,363,https://www.football-data.co.uk/mmz4281/2324/E0.csv,2026-05-25
2023-24,West Ham,38,2024-05-19,Man City,A,1,3,L,0,52,-14,60,74,379,https://www.football-data.co.uk/mmz4281/2324/E0.csv,2026-05-25
2023-24,Wolves,1,2023-08-14,Man United,A,0,1,L,0,0,-1,0,1,10,https://www.football-data.co.uk/mmz4281/2324/E0.csv,2026-05-25
2023-24,Wolves,2,2023-08-19,Brighton,H,1,4,L,0,0,-4,1,5,14,https://www.football-data.co.uk/mmz4281/2324/E0.csv,2026-05-25
2023-24,Wolves,3,2023-08-26,Everton,A,1,0,W,3,3,-3,2,5,24,https://www.football-data.co.uk/mmz4281/2324/E0.csv,2026-05-25
2023-24,Wolves,4,2023-09-03,Crystal Palace,A,2,3,L,0,3,-4,4,8,37,https://www.football-data.co.uk/mmz4281/2324/E0.csv,2026-05-25
2023-24,Wolves,5,2023-09-16,Liverpool,H,1,3,L,0,3,-6,5,11,40,https://www.football-data.co.uk/mmz4281/2324/E0.csv,2026-05-25
2023-24,Wolves,6,2023-09-23,Luton,A,1,1,D,1,4,-6,6,12,51,https://www.football-data.co.uk/mmz4281/2324/E0.csv,2026-05-25
2023-24,Wolves,7,2023-09-30,Man City,H,2,1,W,3,7,-5,8,13,66,https://www.football-data.co.uk/mmz4281/2324/E0.csv,2026-05-25
2023-24,Wolves,8,2023-10-08,Aston Villa,H,1,1,D,1,8,-5,9,14,79,https://www.football-data.co.uk/mmz4281/2324/E0.csv,2026-05-25
2023-24,Wolves,9,2023-10-21,Bournemouth,A,2,1,W,3,11,-4,11,15,82,https://www.football-data.co.uk/mmz4281/2324/E0.csv,2026-05-25
2023-24,Wolves,10,2023-10-28,Newcastle,H,2,2,D,1,12,-4,13,17,95,https://www.football-data.co.uk/mmz4281/2324/E0.csv,2026-05-25
2023-24,Wolves,11,2023-11-04,Sheffield United,A,1,2,L,0,12,-5,14,19,106,https://www.football-data.co.uk/mmz4281/2324/E0.csv,2026-05-25
2023-24,Wolves,12,2023-11-11,Tottenham,H,2,1,W,3,15,-4,16,20,111,https://www.football-data.co.uk/mmz4281/2324/E0.csv,2026-05-25
2023-24,Wolves,13,2023-11-27,Fulham,A,2,3,L,0,15,-5,18,23,130,https://www.football-data.co.uk/mmz4281/2324/E0.csv,2026-05-25
2023-24,Wolves,14,2023-12-02,Arsenal,A,1,2,L,0,15,-6,19,25,131,https://www.football-data.co.uk/mmz4281/2324/E0.csv,2026-05-25
2023-24,Wolves,15,2023-12-05,Burnley,H,1,0,W,3,18,-5,20,25,141,https://www.football-data.co.uk/mmz4281/2324/E0.csv,2026-05-25
2023-24,Wolves,16,2023-12-09,Nott'm Forest,H,1,1,D,1,19,-5,21,26,155,https://www.football-data.co.uk/mmz4281/2324/E0.csv,2026-05-25
2023-24,Wolves,17,2023-12-17,West Ham,A,0,3,L,0,19,-8,21,29,168,https://www.football-data.co.uk/mmz4281/2324/E0.csv,2026-05-25
2023-24,Wolves,18,2023-12-24,Chelsea,H,2,1,W,3,22,-7,23,30,178,https://www.football-data.co.uk/mmz4281/2324/E0.csv,2026-05-25
2023-24,Wolves,19,2023-12-27,Brentford,A,4,1,W,3,25,-4,27,31,184,https://www.football-data.co.uk/mmz4281/2324/E0.csv,2026-05-25
2023-24,Wolves,20,2023-12-30,Everton,H,3,0,W,3,28,-1,30,31,193,https://www.football-data.co.uk/mmz4281/2324/E0.csv,2026-05-25
2023-24,Wolves,21,2024-01-22,Brighton,A,0,0,D,1,29,-1,30,31,208,https://www.football-data.co.uk/mmz4281/2324/E0.csv,2026-05-25
2023-24,Wolves,22,2024-02-01,Man United,H,3,4,L,0,29,-2,33,35,218,https://www.football-data.co.uk/mmz4281/2324/E0.csv,2026-05-25
2023-24,Wolves,23,2024-02-04,Chelsea,A,4,2,W,3,32,0,37,37,225,https://www.football-data.co.uk/mmz4281/2324/E0.csv,2026-05-25
2023-24,Wolves,24,2024-02-10,Brentford,H,0,2,L,0,32,-2,37,39,234,https://www.football-data.co.uk/mmz4281/2324/E0.csv,2026-05-25
2023-24,Wolves,25,2024-02-17,Tottenham,A,2,1,W,3,35,-1,39,40,244,https://www.football-data.co.uk/mmz4281/2324/E0.csv,2026-05-25
2023-24,Wolves,26,2024-02-25,Sheffield United,H,1,0,W,3,38,0,40,40,257,https://www.football-data.co.uk/mmz4281/2324/E0.csv,2026-05-25
2023-24,Wolves,27,2024-03-02,Newcastle,A,0,3,L,0,38,-3,40,43,262,https://www.football-data.co.uk/mmz4281/2324/E0.csv,2026-05-25
2023-24,Wolves,28,2024-03-09,Fulham,H,2,1,W,3,41,-2,42,44,272,https://www.football-data.co.uk/mmz4281/2324/E0.csv,2026-05-25
2023-24,Wolves,29,2024-03-30,Aston Villa,A,0,2,L,0,41,-4,42,46,290,https://www.football-data.co.uk/mmz4281/2324/E0.csv,2026-05-25
2023-24,Wolves,30,2024-04-02,Burnley,A,1,1,D,1,42,-4,43,47,297,https://www.football-data.co.uk/mmz4281/2324/E0.csv,2026-05-25
2023-24,Wolves,31,2024-04-06,West Ham,H,1,2,L,0,42,-5,44,49,309,https://www.football-data.co.uk/mmz4281/2324/E0.csv,2026-05-25
2023-24,Wolves,32,2024-04-13,Nott'm Forest,A,2,2,D,1,43,-5,46,51,318,https://www.football-data.co.uk/mmz4281/2324/E0.csv,2026-05-25
2023-24,Wolves,33,2024-04-20,Arsenal,H,0,2,L,0,43,-7,46,53,326,https://www.football-data.co.uk/mmz4281/2324/E0.csv,2026-05-25
2023-24,Wolves,34,2024-04-24,Bournemouth,H,0,1,L,0,43,-8,46,54,332,https://www.football-data.co.uk/mmz4281/2324/E0.csv,2026-05-25
2023-24,Wolves,35,2024-04-27,Luton,H,2,1,W,3,46,-7,48,55,341,https://www.football-data.co.uk/mmz4281/2324/E0.csv,2026-05-25
2023-24,Wolves,36,2024-05-04,Man City,A,1,5,L,0,46,-11,49,60,353,https://www.football-data.co.uk/mmz4281/2324/E0.csv,2026-05-25
2023-24,Wolves,37,2024-05-11,Crystal Palace,H,1,3,L,0,46,-13,50,63,364,https://www.football-data.co.uk/mmz4281/2324/E0.csv,2026-05-25
2023-24,Wolves,38,2024-05-19,Liverpool,A,0,2,L,0,46,-15,50,65,377,https://www.football-data.co.uk/mmz4281/2324/E0.csv,2026-05-25
2024-25,Arsenal,1,2024-08-17,Wolves,H,2,0,W,3,3,2,2,0,3,https://www.football-data.co.uk/mmz4281/2425/E0.csv,2026-05-25
2024-25,Arsenal,2,2024-08-24,Aston Villa,A,2,0,W,3,6,4,4,0,17,https://www.football-data.co.uk/mmz4281/2425/E0.csv,2026-05-25
2024-25,Arsenal,3,2024-08-31,Brighton,H,1,1,D,1,7,4,5,1,21,https://www.football-data.co.uk/mmz4281/2425/E0.csv,2026-05-25
2024-25,Arsenal,4,2024-09-15,Tottenham,A,1,0,W,3,10,5,6,1,39,https://www.football-data.co.uk/mmz4281/2425/E0.csv,2026-05-25
2024-25,Arsenal,5,2024-09-22,Man City,A,2,2,D,1,11,5,8,3,50,https://www.football-data.co.uk/mmz4281/2425/E0.csv,2026-05-25
2024-25,Arsenal,6,2024-09-28,Leicester,H,4,2,W,3,14,7,12,5,52,https://www.football-data.co.uk/mmz4281/2425/E0.csv,2026-05-25
2024-25,Arsenal,7,2024-10-05,Southampton,H,3,1,W,3,17,9,15,6,62,https://www.football-data.co.uk/mmz4281/2425/E0.csv,2026-05-25
2024-25,Arsenal,8,2024-10-19,Bournemouth,A,0,2,L,0,17,7,15,8,77,https://www.football-data.co.uk/mmz4281/2425/E0.csv,2026-05-25
2024-25,Arsenal,9,2024-10-27,Liverpool,H,2,2,D,1,18,7,17,10,90,https://www.football-data.co.uk/mmz4281/2425/E0.csv,2026-05-25
2024-25,Arsenal,10,2024-11-02,Newcastle,A,0,1,L,0,18,6,17,11,91,https://www.football-data.co.uk/mmz4281/2425/E0.csv,2026-05-25
2024-25,Arsenal,11,2024-11-10,Chelsea,A,1,1,D,1,19,6,18,12,110,https://www.football-data.co.uk/mmz4281/2425/E0.csv,2026-05-25
2024-25,Arsenal,12,2024-11-23,Nott'm Forest,H,3,0,W,3,22,9,21,12,112,https://www.football-data.co.uk/mmz4281/2425/E0.csv,2026-05-25
2024-25,Arsenal,13,2024-11-30,West Ham,A,5,2,W,3,25,12,26,14,126,https://www.football-data.co.uk/mmz4281/2425/E0.csv,2026-05-25
2024-25,Arsenal,14,2024-12-04,Man United,H,2,0,W,3,28,14,28,14,137,https://www.football-data.co.uk/mmz4281/2425/E0.csv,2026-05-25
2024-25,Arsenal,15,2024-12-08,Fulham,A,1,1,D,1,29,14,29,15,145,https://www.football-data.co.uk/mmz4281/2425/E0.csv,2026-05-25
2024-25,Arsenal,16,2024-12-14,Everton,H,0,0,D,1,30,14,29,15,150,https://www.football-data.co.uk/mmz4281/2425/E0.csv,2026-05-25
2024-25,Arsenal,17,2024-12-21,Crystal Palace,A,5,1,W,3,33,18,34,16,164,https://www.football-data.co.uk/mmz4281/2425/E0.csv,2026-05-25
2024-25,Arsenal,18,2024-12-27,Ipswich,H,1,0,W,3,36,19,35,16,179,https://www.football-data.co.uk/mmz4281/2425/E0.csv,2026-05-25
2024-25,Arsenal,19,2025-01-01,Brentford,A,3,1,W,3,39,21,38,17,189,https://www.football-data.co.uk/mmz4281/2425/E0.csv,2026-05-25
2024-25,Arsenal,20,2025-01-04,Brighton,A,1,1,D,1,40,21,39,18,196,https://www.football-data.co.uk/mmz4281/2425/E0.csv,2026-05-25
2024-25,Arsenal,21,2025-01-15,Tottenham,H,2,1,W,3,43,22,41,19,207,https://www.football-data.co.uk/mmz4281/2425/E0.csv,2026-05-25
2024-25,Arsenal,22,2025-01-18,Aston Villa,H,2,2,D,1,44,22,43,21,214,https://www.football-data.co.uk/mmz4281/2425/E0.csv,2026-05-25
2024-25,Arsenal,23,2025-01-25,Wolves,A,1,0,W,3,47,23,44,21,224,https://www.football-data.co.uk/mmz4281/2425/E0.csv,2026-05-25
2024-25,Arsenal,24,2025-02-02,Man City,H,5,1,W,3,50,27,49,22,238,https://www.football-data.co.uk/mmz4281/2425/E0.csv,2026-05-25
2024-25,Arsenal,25,2025-02-15,Leicester,A,2,0,W,3,53,29,51,22,242,https://www.football-data.co.uk/mmz4281/2425/E0.csv,2026-05-25
2024-25,Arsenal,26,2025-02-22,West Ham,H,0,1,L,0,53,28,51,23,254,https://www.football-data.co.uk/mmz4281/2425/E0.csv,2026-05-25
2024-25,Arsenal,27,2025-02-26,Nott'm Forest,A,0,0,D,1,54,28,51,23,268,https://www.football-data.co.uk/mmz4281/2425/E0.csv,2026-05-25
2024-25,Arsenal,28,2025-03-09,Man United,A,1,1,D,1,55,28,52,24,280,https://www.football-data.co.uk/mmz4281/2425/E0.csv,2026-05-25
2024-25,Arsenal,29,2025-03-16,Chelsea,H,1,0,W,3,58,29,53,24,287,https://www.football-data.co.uk/mmz4281/2425/E0.csv,2026-05-25
2024-25,Arsenal,30,2025-04-01,Fulham,H,2,1,W,3,61,30,55,25,290,https://www.football-data.co.uk/mmz4281/2425/E0.csv,2026-05-25
2024-25,Arsenal,31,2025-04-05,Everton,A,1,1,D,1,62,30,56,26,300,https://www.football-data.co.uk/mmz4281/2425/E0.csv,2026-05-25
2024-25,Arsenal,32,2025-04-12,Brentford,H,1,1,D,1,63,30,57,27,314,https://www.football-data.co.uk/mmz4281/2425/E0.csv,2026-05-25
2024-25,Arsenal,33,2025-04-20,Ipswich,A,4,0,W,3,66,34,61,27,327,https://www.football-data.co.uk/mmz4281/2425/E0.csv,2026-05-25
2024-25,Arsenal,34,2025-04-23,Crystal Palace,H,2,2,D,1,67,34,63,29,332,https://www.football-data.co.uk/mmz4281/2425/E0.csv,2026-05-25
2024-25,Arsenal,35,2025-05-03,Bournemouth,H,1,2,L,0,67,33,64,31,345,https://www.football-data.co.uk/mmz4281/2425/E0.csv,2026-05-25
2024-25,Arsenal,36,2025-05-11,Liverpool,A,2,2,D,1,68,33,66,33,360,https://www.football-data.co.uk/mmz4281/2425/E0.csv,2026-05-25
2024-25,Arsenal,37,2025-05-18,Newcastle,H,1,0,W,3,71,34,67,33,367,https://www.football-data.co.uk/mmz4281/2425/E0.csv,2026-05-25
2024-25,Arsenal,38,2025-05-25,Southampton,A,2,1,W,3,74,35,69,34,378,https://www.football-data.co.uk/mmz4281/2425/E0.csv,2026-05-25
2024-25,Aston Villa,1,2024-08-17,West Ham,A,2,1,W,3,3,1,2,1,7,https://www.football-data.co.uk/mmz4281/2425/E0.csv,2026-05-25
2024-25,Aston Villa,2,2024-08-24,Arsenal,H,0,2,L,0,3,-1,2,3,17,https://www.football-data.co.uk/mmz4281/2425/E0.csv,2026-05-25
2024-25,Aston Villa,3,2024-08-31,Leicester,A,2,1,W,3,6,0,4,4,25,https://www.football-data.co.uk/mmz4281/2425/E0.csv,2026-05-25
2024-25,Aston Villa,4,2024-09-14,Everton,H,3,2,W,3,9,1,7,6,37,https://www.football-data.co.uk/mmz4281/2425/E0.csv,2026-05-25
2024-25,Aston Villa,5,2024-09-21,Wolves,H,3,1,W,3,12,3,10,7,42,https://www.football-data.co.uk/mmz4281/2425/E0.csv,2026-05-25
2024-25,Aston Villa,6,2024-09-29,Ipswich,A,2,2,D,1,13,3,12,9,58,https://www.football-data.co.uk/mmz4281/2425/E0.csv,2026-05-25
2024-25,Aston Villa,7,2024-10-06,Man United,H,0,0,D,1,14,3,12,9,68,https://www.football-data.co.uk/mmz4281/2425/E0.csv,2026-05-25
2024-25,Aston Villa,8,2024-10-19,Fulham,A,3,1,W,3,17,5,15,10,72,https://www.football-data.co.uk/mmz4281/2425/E0.csv,2026-05-25
2024-25,Aston Villa,9,2024-10-26,Bournemouth,H,1,1,D,1,18,5,16,11,82,https://www.football-data.co.uk/mmz4281/2425/E0.csv,2026-05-25
2024-25,Aston Villa,10,2024-11-03,Tottenham,A,1,4,L,0,18,2,17,15,98,https://www.football-data.co.uk/mmz4281/2425/E0.csv,2026-05-25
2024-25,Aston Villa,11,2024-11-09,Liverpool,A,0,2,L,0,18,0,17,17,106,https://www.football-data.co.uk/mmz4281/2425/E0.csv,2026-05-25
2024-25,Aston Villa,12,2024-11-23,Crystal Palace,H,2,2,D,1,19,0,19,19,113,https://www.football-data.co.uk/mmz4281/2425/E0.csv,2026-05-25
2024-25,Aston Villa,13,2024-12-01,Chelsea,A,0,3,L,0,19,-3,19,22,127,https://www.football-data.co.uk/mmz4281/2425/E0.csv,2026-05-25
2024-25,Aston Villa,14,2024-12-04,Brentford,H,3,1,W,3,22,-1,22,23,138,https://www.football-data.co.uk/mmz4281/2425/E0.csv,2026-05-25
2024-25,Aston Villa,15,2024-12-07,Southampton,H,1,0,W,3,25,0,23,23,141,https://www.football-data.co.uk/mmz4281/2425/E0.csv,2026-05-25
2024-25,Aston Villa,16,2024-12-14,Nott'm Forest,A,1,2,L,0,25,-1,24,25,154,https://www.football-data.co.uk/mmz4281/2425/E0.csv,2026-05-25
2024-25,Aston Villa,17,2024-12-21,Man City,H,2,1,W,3,28,0,26,26,160,https://www.football-data.co.uk/mmz4281/2425/E0.csv,2026-05-25
2024-25,Aston Villa,18,2024-12-26,Newcastle,A,0,3,L,0,28,-3,26,29,173,https://www.football-data.co.uk/mmz4281/2425/E0.csv,2026-05-25
2024-25,Aston Villa,19,2024-12-30,Brighton,H,2,2,D,1,29,-3,28,31,186,https://www.football-data.co.uk/mmz4281/2425/E0.csv,2026-05-25
2024-25,Aston Villa,20,2025-01-04,Leicester,H,2,1,W,3,32,-2,30,32,191,https://www.football-data.co.uk/mmz4281/2425/E0.csv,2026-05-25
2024-25,Aston Villa,21,2025-01-15,Everton,A,1,0,W,3,35,-1,31,32,204,https://www.football-data.co.uk/mmz4281/2425/E0.csv,2026-05-25
2024-25,Aston Villa,22,2025-01-18,Arsenal,A,2,2,D,1,36,-1,33,34,214,https://www.football-data.co.uk/mmz4281/2425/E0.csv,2026-05-25
2024-25,Aston Villa,23,2025-01-26,West Ham,H,1,1,D,1,37,-1,34,35,228,https://www.football-data.co.uk/mmz4281/2425/E0.csv,2026-05-25
2024-25,Aston Villa,24,2025-02-01,Wolves,A,0,2,L,0,37,-3,34,37,235,https://www.football-data.co.uk/mmz4281/2425/E0.csv,2026-05-25
2024-25,Aston Villa,25,2025-02-15,Ipswich,H,1,1,D,1,38,-3,35,38,243,https://www.football-data.co.uk/mmz4281/2425/E0.csv,2026-05-25
2024-25,Aston Villa,26,2025-02-19,Liverpool,H,2,2,D,1,39,-3,37,40,251,https://www.football-data.co.uk/mmz4281/2425/E0.csv,2026-05-25
2024-25,Aston Villa,27,2025-02-22,Chelsea,H,2,1,W,3,42,-2,39,41,259,https://www.football-data.co.uk/mmz4281/2425/E0.csv,2026-05-25
2024-25,Aston Villa,28,2025-02-25,Crystal Palace,A,1,4,L,0,42,-5,40,45,263,https://www.football-data.co.uk/mmz4281/2425/E0.csv,2026-05-25
2024-25,Aston Villa,29,2025-03-08,Brentford,A,1,0,W,3,45,-4,41,45,276,https://www.football-data.co.uk/mmz4281/2425/E0.csv,2026-05-25
2024-25,Aston Villa,30,2025-04-02,Brighton,A,3,0,W,3,48,-1,44,45,294,https://www.football-data.co.uk/mmz4281/2425/E0.csv,2026-05-25
2024-25,Aston Villa,31,2025-04-05,Nott'm Forest,H,2,1,W,3,51,0,46,46,304,https://www.football-data.co.uk/mmz4281/2425/E0.csv,2026-05-25
2024-25,Aston Villa,32,2025-04-12,Southampton,A,3,0,W,3,54,3,49,46,313,https://www.football-data.co.uk/mmz4281/2425/E0.csv,2026-05-25
2024-25,Aston Villa,33,2025-04-19,Newcastle,H,4,1,W,3,57,6,53,47,325,https://www.football-data.co.uk/mmz4281/2425/E0.csv,2026-05-25
2024-25,Aston Villa,34,2025-04-22,Man City,A,1,2,L,0,57,5,54,49,331,https://www.football-data.co.uk/mmz4281/2425/E0.csv,2026-05-25
2024-25,Aston Villa,35,2025-05-03,Fulham,H,1,0,W,3,60,6,55,49,342,https://www.football-data.co.uk/mmz4281/2425/E0.csv,2026-05-25
2024-25,Aston Villa,36,2025-05-10,Bournemouth,A,1,0,W,3,63,7,56,49,355,https://www.football-data.co.uk/mmz4281/2425/E0.csv,2026-05-25
2024-25,Aston Villa,37,2025-05-16,Tottenham,H,2,0,W,3,66,9,58,49,361,https://www.football-data.co.uk/mmz4281/2425/E0.csv,2026-05-25
2024-25,Aston Villa,38,2025-05-25,Man United,A,0,2,L,0,66,7,58,51,375,https://www.football-data.co.uk/mmz4281/2425/E0.csv,2026-05-25
2024-25,Bournemouth,1,2024-08-17,Nott'm Forest,A,1,1,D,1,1,0,1,1,6,https://www.football-data.co.uk/mmz4281/2425/E0.csv,2026-05-25
2024-25,Bournemouth,2,2024-08-25,Newcastle,H,1,1,D,1,2,0,2,2,18,https://www.football-data.co.uk/mmz4281/2425/E0.csv,2026-05-25
2024-25,Bournemouth,3,2024-08-31,Everton,A,3,2,W,3,5,1,5,4,23,https://www.football-data.co.uk/mmz4281/2425/E0.csv,2026-05-25
2024-25,Bournemouth,4,2024-09-14,Chelsea,H,0,1,L,0,5,0,5,5,38,https://www.football-data.co.uk/mmz4281/2425/E0.csv,2026-05-25
2024-25,Bournemouth,5,2024-09-21,Liverpool,A,0,3,L,0,5,-3,5,8,45,https://www.football-data.co.uk/mmz4281/2425/E0.csv,2026-05-25
2024-25,Bournemouth,6,2024-09-30,Southampton,H,3,1,W,3,8,-1,8,9,60,https://www.football-data.co.uk/mmz4281/2425/E0.csv,2026-05-25
2024-25,Bournemouth,7,2024-10-05,Leicester,A,0,1,L,0,8,-2,8,10,64,https://www.football-data.co.uk/mmz4281/2425/E0.csv,2026-05-25
2024-25,Bournemouth,8,2024-10-19,Arsenal,H,2,0,W,3,11,0,10,10,77,https://www.football-data.co.uk/mmz4281/2425/E0.csv,2026-05-25
2024-25,Bournemouth,9,2024-10-26,Aston Villa,A,1,1,D,1,12,0,11,11,82,https://www.football-data.co.uk/mmz4281/2425/E0.csv,2026-05-25
2024-25,Bournemouth,10,2024-11-02,Man City,H,2,1,W,3,15,1,13,12,92,https://www.football-data.co.uk/mmz4281/2425/E0.csv,2026-05-25
2024-25,Bournemouth,11,2024-11-09,Brentford,A,2,3,L,0,15,0,15,15,101,https://www.football-data.co.uk/mmz4281/2425/E0.csv,2026-05-25
2024-25,Bournemouth,12,2024-11-23,Brighton,H,1,2,L,0,15,-1,16,17,114,https://www.football-data.co.uk/mmz4281/2425/E0.csv,2026-05-25
2024-25,Bournemouth,13,2024-11-30,Wolves,A,4,2,W,3,18,1,20,19,125,https://www.football-data.co.uk/mmz4281/2425/E0.csv,2026-05-25
2024-25,Bournemouth,14,2024-12-05,Tottenham,H,1,0,W,3,21,2,21,19,140,https://www.football-data.co.uk/mmz4281/2425/E0.csv,2026-05-25
2024-25,Bournemouth,15,2024-12-08,Ipswich,A,2,1,W,3,24,3,23,20,146,https://www.football-data.co.uk/mmz4281/2425/E0.csv,2026-05-25
2024-25,Bournemouth,16,2024-12-16,West Ham,H,1,1,D,1,25,3,24,21,159,https://www.football-data.co.uk/mmz4281/2425/E0.csv,2026-05-25
2024-25,Bournemouth,17,2024-12-22,Man United,A,3,0,W,3,28,6,27,21,168,https://www.football-data.co.uk/mmz4281/2425/E0.csv,2026-05-25
2024-25,Bournemouth,18,2024-12-26,Crystal Palace,H,0,0,D,1,29,6,27,21,171,https://www.football-data.co.uk/mmz4281/2425/E0.csv,2026-05-25
2024-25,Bournemouth,19,2024-12-29,Fulham,A,2,2,D,1,30,6,29,23,183,https://www.football-data.co.uk/mmz4281/2425/E0.csv,2026-05-25
2024-25,Bournemouth,20,2025-01-04,Everton,H,1,0,W,3,33,7,30,23,192,https://www.football-data.co.uk/mmz4281/2425/E0.csv,2026-05-25
2024-25,Bournemouth,21,2025-01-14,Chelsea,A,2,2,D,1,34,7,32,25,201,https://www.football-data.co.uk/mmz4281/2425/E0.csv,2026-05-25
2024-25,Bournemouth,22,2025-01-18,Newcastle,A,4,1,W,3,37,10,36,26,210,https://www.football-data.co.uk/mmz4281/2425/E0.csv,2026-05-25
2024-25,Bournemouth,23,2025-01-25,Nott'm Forest,H,5,0,W,3,40,15,41,26,220,https://www.football-data.co.uk/mmz4281/2425/E0.csv,2026-05-25
2024-25,Bournemouth,24,2025-02-01,Liverpool,H,0,2,L,0,40,13,41,28,231,https://www.football-data.co.uk/mmz4281/2425/E0.csv,2026-05-25
2024-25,Bournemouth,25,2025-02-15,Southampton,A,3,1,W,3,43,15,44,29,246,https://www.football-data.co.uk/mmz4281/2425/E0.csv,2026-05-25
2024-25,Bournemouth,26,2025-02-22,Wolves,H,0,1,L,0,43,14,44,30,255,https://www.football-data.co.uk/mmz4281/2425/E0.csv,2026-05-25
2024-25,Bournemouth,27,2025-02-25,Brighton,A,1,2,L,0,43,13,45,32,262,https://www.football-data.co.uk/mmz4281/2425/E0.csv,2026-05-25
2024-25,Bournemouth,28,2025-03-09,Tottenham,A,2,2,D,1,44,13,47,34,279,https://www.football-data.co.uk/mmz4281/2425/E0.csv,2026-05-25
2024-25,Bournemouth,29,2025-03-15,Brentford,H,1,2,L,0,44,12,48,36,286,https://www.football-data.co.uk/mmz4281/2425/E0.csv,2026-05-25
2024-25,Bournemouth,30,2025-04-02,Ipswich,H,1,2,L,0,44,11,49,38,293,https://www.football-data.co.uk/mmz4281/2425/E0.csv,2026-05-25
2024-25,Bournemouth,31,2025-04-05,West Ham,A,2,2,D,1,45,11,51,40,303,https://www.football-data.co.uk/mmz4281/2425/E0.csv,2026-05-25
2024-25,Bournemouth,32,2025-04-14,Fulham,H,1,0,W,3,48,12,52,40,319,https://www.football-data.co.uk/mmz4281/2425/E0.csv,2026-05-25
2024-25,Bournemouth,33,2025-04-19,Crystal Palace,A,0,0,D,1,49,12,52,40,322,https://www.football-data.co.uk/mmz4281/2425/E0.csv,2026-05-25
2024-25,Bournemouth,34,2025-04-27,Man United,H,1,1,D,1,50,12,53,41,338,https://www.football-data.co.uk/mmz4281/2425/E0.csv,2026-05-25
2024-25,Bournemouth,35,2025-05-03,Arsenal,A,2,1,W,3,53,13,55,42,345,https://www.football-data.co.uk/mmz4281/2425/E0.csv,2026-05-25
2024-25,Bournemouth,36,2025-05-10,Aston Villa,H,0,1,L,0,53,12,55,43,355,https://www.football-data.co.uk/mmz4281/2425/E0.csv,2026-05-25
2024-25,Bournemouth,37,2025-05-20,Man City,A,1,3,L,0,53,10,56,46,370,https://www.football-data.co.uk/mmz4281/2425/E0.csv,2026-05-25
2024-25,Bournemouth,38,2025-05-25,Leicester,H,2,0,W,3,56,12,58,46,371,https://www.football-data.co.uk/mmz4281/2425/E0.csv,2026-05-25
2024-25,Brentford,1,2024-08-18,Crystal Palace,H,2,1,W,3,3,1,2,1,8,https://www.football-data.co.uk/mmz4281/2425/E0.csv,2026-05-25
2024-25,Brentford,2,2024-08-25,Liverpool,A,0,2,L,0,3,-1,2,3,20,https://www.football-data.co.uk/mmz4281/2425/E0.csv,2026-05-25
2024-25,Brentford,3,2024-08-31,Southampton,H,3,1,W,3,6,1,5,4,22,https://www.football-data.co.uk/mmz4281/2425/E0.csv,2026-05-25
2024-25,Brentford,4,2024-09-14,Man City,A,1,2,L,0,6,0,6,6,36,https://www.football-data.co.uk/mmz4281/2425/E0.csv,2026-05-25
2024-25,Brentford,5,2024-09-21,Tottenham,A,1,3,L,0,6,-2,7,9,47,https://www.football-data.co.uk/mmz4281/2425/E0.csv,2026-05-25
2024-25,Brentford,6,2024-09-28,West Ham,H,1,1,D,1,7,-2,8,10,53,https://www.football-data.co.uk/mmz4281/2425/E0.csv,2026-05-25
2024-25,Brentford,7,2024-10-05,Wolves,H,5,3,W,3,10,0,13,13,63,https://www.football-data.co.uk/mmz4281/2425/E0.csv,2026-05-25
2024-25,Brentford,8,2024-10-19,Man United,A,1,2,L,0,10,-1,14,15,74,https://www.football-data.co.uk/mmz4281/2425/E0.csv,2026-05-25
2024-25,Brentford,9,2024-10-26,Ipswich,H,4,3,W,3,13,0,18,18,83,https://www.football-data.co.uk/mmz4281/2425/E0.csv,2026-05-25
2024-25,Brentford,10,2024-11-04,Fulham,A,1,2,L,0,13,-1,19,20,100,https://www.football-data.co.uk/mmz4281/2425/E0.csv,2026-05-25
2024-25,Brentford,11,2024-11-09,Bournemouth,H,3,2,W,3,16,0,22,22,101,https://www.football-data.co.uk/mmz4281/2425/E0.csv,2026-05-25
2024-25,Brentford,12,2024-11-23,Everton,A,0,0,D,1,17,0,22,22,115,https://www.football-data.co.uk/mmz4281/2425/E0.csv,2026-05-25
2024-25,Brentford,13,2024-11-30,Leicester,H,4,1,W,3,20,3,26,23,122,https://www.football-data.co.uk/mmz4281/2425/E0.csv,2026-05-25
2024-25,Brentford,14,2024-12-04,Aston Villa,A,1,3,L,0,20,1,27,26,138,https://www.football-data.co.uk/mmz4281/2425/E0.csv,2026-05-25
2024-25,Brentford,15,2024-12-07,Newcastle,H,4,2,W,3,23,3,31,28,142,https://www.football-data.co.uk/mmz4281/2425/E0.csv,2026-05-25
2024-25,Brentford,16,2024-12-15,Chelsea,A,1,2,L,0,23,2,32,30,157,https://www.football-data.co.uk/mmz4281/2425/E0.csv,2026-05-25
2024-25,Brentford,17,2024-12-21,Nott'm Forest,H,0,2,L,0,23,0,32,32,161,https://www.football-data.co.uk/mmz4281/2425/E0.csv,2026-05-25
2024-25,Brentford,18,2024-12-27,Brighton,A,0,0,D,1,24,0,32,32,178,https://www.football-data.co.uk/mmz4281/2425/E0.csv,2026-05-25
2024-25,Brentford,19,2025-01-01,Arsenal,H,1,3,L,0,24,-2,33,35,189,https://www.football-data.co.uk/mmz4281/2425/E0.csv,2026-05-25
2024-25,Brentford,20,2025-01-04,Southampton,A,5,0,W,3,27,3,38,35,195,https://www.football-data.co.uk/mmz4281/2425/E0.csv,2026-05-25
2024-25,Brentford,21,2025-01-14,Man City,H,2,2,D,1,28,3,40,37,200,https://www.football-data.co.uk/mmz4281/2425/E0.csv,2026-05-25
2024-25,Brentford,22,2025-01-18,Liverpool,H,0,2,L,0,28,1,40,39,211,https://www.football-data.co.uk/mmz4281/2425/E0.csv,2026-05-25
2024-25,Brentford,23,2025-01-26,Crystal Palace,A,2,1,W,3,31,2,42,40,226,https://www.football-data.co.uk/mmz4281/2425/E0.csv,2026-05-25
2024-25,Brentford,24,2025-02-02,Tottenham,H,0,2,L,0,31,0,42,42,236,https://www.football-data.co.uk/mmz4281/2425/E0.csv,2026-05-25
2024-25,Brentford,25,2025-02-15,West Ham,A,1,0,W,3,34,1,43,42,247,https://www.football-data.co.uk/mmz4281/2425/E0.csv,2026-05-25
2024-25,Brentford,26,2025-02-21,Leicester,A,4,0,W,3,37,5,47,42,252,https://www.football-data.co.uk/mmz4281/2425/E0.csv,2026-05-25
2024-25,Brentford,27,2025-02-26,Everton,H,1,1,D,1,38,5,48,43,266,https://www.football-data.co.uk/mmz4281/2425/E0.csv,2026-05-25
2024-25,Brentford,28,2025-03-08,Aston Villa,H,0,1,L,0,38,4,48,44,276,https://www.football-data.co.uk/mmz4281/2425/E0.csv,2026-05-25
2024-25,Brentford,29,2025-03-15,Bournemouth,A,2,1,W,3,41,5,50,45,286,https://www.football-data.co.uk/mmz4281/2425/E0.csv,2026-05-25
2024-25,Brentford,30,2025-04-02,Newcastle,A,1,2,L,0,41,4,51,47,296,https://www.football-data.co.uk/mmz4281/2425/E0.csv,2026-05-25
2024-25,Brentford,31,2025-04-06,Chelsea,H,0,0,D,1,42,4,51,47,305,https://www.football-data.co.uk/mmz4281/2425/E0.csv,2026-05-25
2024-25,Brentford,32,2025-04-12,Arsenal,A,1,1,D,1,43,4,52,48,314,https://www.football-data.co.uk/mmz4281/2425/E0.csv,2026-05-25
2024-25,Brentford,33,2025-04-19,Brighton,H,4,2,W,3,46,6,56,50,321,https://www.football-data.co.uk/mmz4281/2425/E0.csv,2026-05-25
2024-25,Brentford,34,2025-05-01,Nott'm Forest,A,2,0,W,3,49,8,58,50,340,https://www.football-data.co.uk/mmz4281/2425/E0.csv,2026-05-25
2024-25,Brentford,35,2025-05-04,Man United,H,4,3,W,3,52,9,62,53,346,https://www.football-data.co.uk/mmz4281/2425/E0.csv,2026-05-25
2024-25,Brentford,36,2025-05-10,Ipswich,A,1,0,W,3,55,10,63,53,352,https://www.football-data.co.uk/mmz4281/2425/E0.csv,2026-05-25
2024-25,Brentford,37,2025-05-18,Fulham,H,2,3,L,0,55,9,65,56,365,https://www.football-data.co.uk/mmz4281/2425/E0.csv,2026-05-25
2024-25,Brentford,38,2025-05-25,Wolves,A,1,1,D,1,56,9,66,57,380,https://www.football-data.co.uk/mmz4281/2425/E0.csv,2026-05-25
2024-25,Brighton,1,2024-08-17,Everton,A,3,0,W,3,3,3,3,0,4,https://www.football-data.co.uk/mmz4281/2425/E0.csv,2026-05-25
2024-25,Brighton,2,2024-08-24,Man United,H,2,1,W,3,6,4,5,1,11,https://www.football-data.co.uk/mmz4281/2425/E0.csv,2026-05-25
2024-25,Brighton,3,2024-08-31,Arsenal,A,1,1,D,1,7,4,6,2,21,https://www.football-data.co.uk/mmz4281/2425/E0.csv,2026-05-25
2024-25,Brighton,4,2024-09-14,Ipswich,H,0,0,D,1,8,4,6,2,32,https://www.football-data.co.uk/mmz4281/2425/E0.csv,2026-05-25
2024-25,Brighton,5,2024-09-22,Nott'm Forest,H,2,2,D,1,9,4,8,4,49,https://www.football-data.co.uk/mmz4281/2425/E0.csv,2026-05-25
2024-25,Brighton,6,2024-09-28,Chelsea,A,2,4,L,0,9,2,10,8,54,https://www.football-data.co.uk/mmz4281/2425/E0.csv,2026-05-25
2024-25,Brighton,7,2024-10-06,Tottenham,H,3,2,W,3,12,3,13,10,70,https://www.football-data.co.uk/mmz4281/2425/E0.csv,2026-05-25
2024-25,Brighton,8,2024-10-19,Newcastle,A,1,0,W,3,15,4,14,10,75,https://www.football-data.co.uk/mmz4281/2425/E0.csv,2026-05-25
2024-25,Brighton,9,2024-10-26,Wolves,H,2,2,D,1,16,4,16,12,84,https://www.football-data.co.uk/mmz4281/2425/E0.csv,2026-05-25
2024-25,Brighton,10,2024-11-02,Liverpool,A,1,2,L,0,16,3,17,14,94,https://www.football-data.co.uk/mmz4281/2425/E0.csv,2026-05-25
2024-25,Brighton,11,2024-11-09,Man City,H,2,1,W,3,19,4,19,15,105,https://www.football-data.co.uk/mmz4281/2425/E0.csv,2026-05-25
2024-25,Brighton,12,2024-11-23,Bournemouth,A,2,1,W,3,22,5,21,16,114,https://www.football-data.co.uk/mmz4281/2425/E0.csv,2026-05-25
2024-25,Brighton,13,2024-11-29,Southampton,H,1,1,D,1,23,5,22,17,121,https://www.football-data.co.uk/mmz4281/2425/E0.csv,2026-05-25
2024-25,Brighton,14,2024-12-05,Fulham,A,1,3,L,0,23,3,23,20,139,https://www.football-data.co.uk/mmz4281/2425/E0.csv,2026-05-25
2024-25,Brighton,15,2024-12-08,Leicester,A,2,2,D,1,24,3,25,22,147,https://www.football-data.co.uk/mmz4281/2425/E0.csv,2026-05-25
2024-25,Brighton,16,2024-12-15,Crystal Palace,H,1,3,L,0,24,1,26,25,155,https://www.football-data.co.uk/mmz4281/2425/E0.csv,2026-05-25
2024-25,Brighton,17,2024-12-21,West Ham,A,1,1,D,1,25,1,27,26,163,https://www.football-data.co.uk/mmz4281/2425/E0.csv,2026-05-25
2024-25,Brighton,18,2024-12-27,Brentford,H,0,0,D,1,26,1,27,26,178,https://www.football-data.co.uk/mmz4281/2425/E0.csv,2026-05-25
2024-25,Brighton,19,2024-12-30,Aston Villa,A,2,2,D,1,27,1,29,28,186,https://www.football-data.co.uk/mmz4281/2425/E0.csv,2026-05-25
2024-25,Brighton,20,2025-01-04,Arsenal,H,1,1,D,1,28,1,30,29,196,https://www.football-data.co.uk/mmz4281/2425/E0.csv,2026-05-25
2024-25,Brighton,21,2025-01-16,Ipswich,A,2,0,W,3,31,3,32,29,208,https://www.football-data.co.uk/mmz4281/2425/E0.csv,2026-05-25
2024-25,Brighton,22,2025-01-19,Man United,A,3,1,W,3,34,5,35,30,216,https://www.football-data.co.uk/mmz4281/2425/E0.csv,2026-05-25
2024-25,Brighton,23,2025-01-25,Everton,H,0,1,L,0,34,4,35,31,221,https://www.football-data.co.uk/mmz4281/2425/E0.csv,2026-05-25
2024-25,Brighton,24,2025-02-01,Nott'm Forest,A,0,7,L,0,34,-3,35,38,230,https://www.football-data.co.uk/mmz4281/2425/E0.csv,2026-05-25
2024-25,Brighton,25,2025-02-14,Chelsea,H,3,0,W,3,37,0,38,38,241,https://www.football-data.co.uk/mmz4281/2425/E0.csv,2026-05-25
2024-25,Brighton,26,2025-02-22,Southampton,A,4,0,W,3,40,4,42,38,258,https://www.football-data.co.uk/mmz4281/2425/E0.csv,2026-05-25
2024-25,Brighton,27,2025-02-25,Bournemouth,H,2,1,W,3,43,5,44,39,262,https://www.football-data.co.uk/mmz4281/2425/E0.csv,2026-05-25
2024-25,Brighton,28,2025-03-08,Fulham,H,2,1,W,3,46,6,46,40,273,https://www.football-data.co.uk/mmz4281/2425/E0.csv,2026-05-25
2024-25,Brighton,29,2025-03-15,Man City,A,2,2,D,1,47,6,48,42,284,https://www.football-data.co.uk/mmz4281/2425/E0.csv,2026-05-25
2024-25,Brighton,30,2025-04-02,Aston Villa,H,0,3,L,0,47,3,48,45,294,https://www.football-data.co.uk/mmz4281/2425/E0.csv,2026-05-25
2024-25,Brighton,31,2025-04-05,Crystal Palace,A,1,2,L,0,47,2,49,47,301,https://www.football-data.co.uk/mmz4281/2425/E0.csv,2026-05-25
2024-25,Brighton,32,2025-04-12,Leicester,H,2,2,D,1,48,2,51,49,311,https://www.football-data.co.uk/mmz4281/2425/E0.csv,2026-05-25
2024-25,Brighton,33,2025-04-19,Brentford,A,2,4,L,0,48,0,53,53,321,https://www.football-data.co.uk/mmz4281/2425/E0.csv,2026-05-25
2024-25,Brighton,34,2025-04-26,West Ham,H,3,2,W,3,51,1,56,55,334,https://www.football-data.co.uk/mmz4281/2425/E0.csv,2026-05-25
2024-25,Brighton,35,2025-05-04,Newcastle,H,1,1,D,1,52,1,57,56,347,https://www.football-data.co.uk/mmz4281/2425/E0.csv,2026-05-25
2024-25,Brighton,36,2025-05-10,Wolves,A,2,0,W,3,55,3,59,56,354,https://www.football-data.co.uk/mmz4281/2425/E0.csv,2026-05-25
2024-25,Brighton,37,2025-05-19,Liverpool,H,3,2,W,3,58,4,62,58,368,https://www.football-data.co.uk/mmz4281/2425/E0.csv,2026-05-25
2024-25,Brighton,38,2025-05-25,Tottenham,A,4,1,W,3,61,7,66,59,379,https://www.football-data.co.uk/mmz4281/2425/E0.csv,2026-05-25
2024-25,Chelsea,1,2024-08-18,Man City,H,0,2,L,0,0,-2,0,2,9,https://www.football-data.co.uk/mmz4281/2425/E0.csv,2026-05-25
2024-25,Chelsea,2,2024-08-25,Wolves,A,6,2,W,3,3,2,6,4,19,https://www.football-data.co.uk/mmz4281/2425/E0.csv,2026-05-25
2024-25,Chelsea,3,2024-09-01,Crystal Palace,H,1,1,D,1,4,2,7,5,28,https://www.football-data.co.uk/mmz4281/2425/E0.csv,2026-05-25
2024-25,Chelsea,4,2024-09-14,Bournemouth,A,1,0,W,3,7,3,8,5,38,https://www.football-data.co.uk/mmz4281/2425/E0.csv,2026-05-25
2024-25,Chelsea,5,2024-09-21,West Ham,A,3,0,W,3,10,6,11,5,41,https://www.football-data.co.uk/mmz4281/2425/E0.csv,2026-05-25
2024-25,Chelsea,6,2024-09-28,Brighton,H,4,2,W,3,13,8,15,7,54,https://www.football-data.co.uk/mmz4281/2425/E0.csv,2026-05-25
2024-25,Chelsea,7,2024-10-06,Nott'm Forest,H,1,1,D,1,14,8,16,8,69,https://www.football-data.co.uk/mmz4281/2425/E0.csv,2026-05-25
2024-25,Chelsea,8,2024-10-20,Liverpool,A,1,2,L,0,14,7,17,10,79,https://www.football-data.co.uk/mmz4281/2425/E0.csv,2026-05-25
2024-25,Chelsea,9,2024-10-27,Newcastle,H,2,1,W,3,17,8,19,11,87,https://www.football-data.co.uk/mmz4281/2425/E0.csv,2026-05-25
2024-25,Chelsea,10,2024-11-03,Man United,A,1,1,D,1,18,8,20,12,99,https://www.football-data.co.uk/mmz4281/2425/E0.csv,2026-05-25
2024-25,Chelsea,11,2024-11-10,Arsenal,H,1,1,D,1,19,8,21,13,110,https://www.football-data.co.uk/mmz4281/2425/E0.csv,2026-05-25
2024-25,Chelsea,12,2024-11-23,Leicester,A,2,1,W,3,22,9,23,14,111,https://www.football-data.co.uk/mmz4281/2425/E0.csv,2026-05-25
2024-25,Chelsea,13,2024-12-01,Aston Villa,H,3,0,W,3,25,12,26,14,127,https://www.football-data.co.uk/mmz4281/2425/E0.csv,2026-05-25
2024-25,Chelsea,14,2024-12-04,Southampton,A,5,1,W,3,28,16,31,15,136,https://www.football-data.co.uk/mmz4281/2425/E0.csv,2026-05-25
2024-25,Chelsea,15,2024-12-08,Tottenham,A,4,3,W,3,31,17,35,18,148,https://www.football-data.co.uk/mmz4281/2425/E0.csv,2026-05-25
2024-25,Chelsea,16,2024-12-15,Brentford,H,2,1,W,3,34,18,37,19,157,https://www.football-data.co.uk/mmz4281/2425/E0.csv,2026-05-25
2024-25,Chelsea,17,2024-12-22,Everton,A,0,0,D,1,35,18,37,19,165,https://www.football-data.co.uk/mmz4281/2425/E0.csv,2026-05-25
2024-25,Chelsea,18,2024-12-26,Fulham,H,1,2,L,0,35,17,38,21,172,https://www.football-data.co.uk/mmz4281/2425/E0.csv,2026-05-25
2024-25,Chelsea,19,2024-12-30,Ipswich,A,0,2,L,0,35,15,38,23,187,https://www.football-data.co.uk/mmz4281/2425/E0.csv,2026-05-25
2024-25,Chelsea,20,2025-01-04,Crystal Palace,A,1,1,D,1,36,15,39,24,193,https://www.football-data.co.uk/mmz4281/2425/E0.csv,2026-05-25
2024-25,Chelsea,21,2025-01-14,Bournemouth,H,2,2,D,1,37,15,41,26,201,https://www.football-data.co.uk/mmz4281/2425/E0.csv,2026-05-25
2024-25,Chelsea,22,2025-01-20,Wolves,H,3,1,W,3,40,17,44,27,219,https://www.football-data.co.uk/mmz4281/2425/E0.csv,2026-05-25
2024-25,Chelsea,23,2025-01-25,Man City,A,1,3,L,0,40,15,45,30,225,https://www.football-data.co.uk/mmz4281/2425/E0.csv,2026-05-25
2024-25,Chelsea,24,2025-02-03,West Ham,H,2,1,W,3,43,16,47,31,239,https://www.football-data.co.uk/mmz4281/2425/E0.csv,2026-05-25
2024-25,Chelsea,25,2025-02-14,Brighton,A,0,3,L,0,43,13,47,34,241,https://www.football-data.co.uk/mmz4281/2425/E0.csv,2026-05-25
2024-25,Chelsea,26,2025-02-22,Aston Villa,A,1,2,L,0,43,12,48,36,259,https://www.football-data.co.uk/mmz4281/2425/E0.csv,2026-05-25
2024-25,Chelsea,27,2025-02-25,Southampton,H,4,0,W,3,46,16,52,36,265,https://www.football-data.co.uk/mmz4281/2425/E0.csv,2026-05-25
2024-25,Chelsea,28,2025-03-09,Leicester,H,1,0,W,3,49,17,53,36,278,https://www.football-data.co.uk/mmz4281/2425/E0.csv,2026-05-25
2024-25,Chelsea,29,2025-03-16,Arsenal,A,0,1,L,0,49,16,53,37,287,https://www.football-data.co.uk/mmz4281/2425/E0.csv,2026-05-25
2024-25,Chelsea,30,2025-04-03,Tottenham,H,1,0,W,3,52,17,54,37,299,https://www.football-data.co.uk/mmz4281/2425/E0.csv,2026-05-25
2024-25,Chelsea,31,2025-04-06,Brentford,A,0,0,D,1,53,17,54,37,305,https://www.football-data.co.uk/mmz4281/2425/E0.csv,2026-05-25
2024-25,Chelsea,32,2025-04-13,Ipswich,H,2,2,D,1,54,17,56,39,315,https://www.football-data.co.uk/mmz4281/2425/E0.csv,2026-05-25
2024-25,Chelsea,33,2025-04-20,Fulham,A,2,1,W,3,57,18,58,40,326,https://www.football-data.co.uk/mmz4281/2425/E0.csv,2026-05-25
2024-25,Chelsea,34,2025-04-26,Everton,H,1,0,W,3,60,19,59,40,333,https://www.football-data.co.uk/mmz4281/2425/E0.csv,2026-05-25
2024-25,Chelsea,35,2025-05-04,Liverpool,H,3,1,W,3,63,21,62,41,349,https://www.football-data.co.uk/mmz4281/2425/E0.csv,2026-05-25
2024-25,Chelsea,36,2025-05-11,Newcastle,A,0,2,L,0,63,19,62,43,356,https://www.football-data.co.uk/mmz4281/2425/E0.csv,2026-05-25
2024-25,Chelsea,37,2025-05-16,Man United,H,1,0,W,3,66,20,63,43,362,https://www.football-data.co.uk/mmz4281/2425/E0.csv,2026-05-25
2024-25,Chelsea,38,2025-05-25,Nott'm Forest,A,1,0,W,3,69,21,64,43,377,https://www.football-data.co.uk/mmz4281/2425/E0.csv,2026-05-25
2024-25,Crystal Palace,1,2024-08-18,Brentford,A,1,2,L,0,0,-1,1,2,8,https://www.football-data.co.uk/mmz4281/2425/E0.csv,2026-05-25
2024-25,Crystal Palace,2,2024-08-24,West Ham,H,0,2,L,0,0,-3,1,4,12,https://www.football-data.co.uk/mmz4281/2425/E0.csv,2026-05-25
2024-25,Crystal Palace,3,2024-09-01,Chelsea,A,1,1,D,1,1,-3,2,5,28,https://www.football-data.co.uk/mmz4281/2425/E0.csv,2026-05-25
2024-25,Crystal Palace,4,2024-09-14,Leicester,H,2,2,D,1,2,-3,4,7,33,https://www.football-data.co.uk/mmz4281/2425/E0.csv,2026-05-25
2024-25,Crystal Palace,5,2024-09-21,Man United,H,0,0,D,1,3,-3,4,7,48,https://www.football-data.co.uk/mmz4281/2425/E0.csv,2026-05-25
2024-25,Crystal Palace,6,2024-09-28,Everton,A,1,2,L,0,3,-4,5,9,55,https://www.football-data.co.uk/mmz4281/2425/E0.csv,2026-05-25
2024-25,Crystal Palace,7,2024-10-05,Liverpool,H,0,1,L,0,3,-5,5,10,61,https://www.football-data.co.uk/mmz4281/2425/E0.csv,2026-05-25
2024-25,Crystal Palace,8,2024-10-21,Nott'm Forest,A,0,1,L,0,3,-6,5,11,80,https://www.football-data.co.uk/mmz4281/2425/E0.csv,2026-05-25
2024-25,Crystal Palace,9,2024-10-27,Tottenham,H,1,0,W,3,6,-5,6,11,88,https://www.football-data.co.uk/mmz4281/2425/E0.csv,2026-05-25
2024-25,Crystal Palace,10,2024-11-02,Wolves,A,2,2,D,1,7,-5,8,13,97,https://www.football-data.co.uk/mmz4281/2425/E0.csv,2026-05-25
2024-25,Crystal Palace,11,2024-11-09,Fulham,H,0,2,L,0,7,-7,8,15,102,https://www.football-data.co.uk/mmz4281/2425/E0.csv,2026-05-25
2024-25,Crystal Palace,12,2024-11-23,Aston Villa,A,2,2,D,1,8,-7,10,17,113,https://www.football-data.co.uk/mmz4281/2425/E0.csv,2026-05-25
2024-25,Crystal Palace,13,2024-11-30,Newcastle,H,1,1,D,1,9,-7,11,18,123,https://www.football-data.co.uk/mmz4281/2425/E0.csv,2026-05-25
2024-25,Crystal Palace,14,2024-12-03,Ipswich,A,1,0,W,3,12,-6,12,18,131,https://www.football-data.co.uk/mmz4281/2425/E0.csv,2026-05-25
2024-25,Crystal Palace,15,2024-12-07,Man City,H,2,2,D,1,13,-6,14,20,143,https://www.football-data.co.uk/mmz4281/2425/E0.csv,2026-05-25
2024-25,Crystal Palace,16,2024-12-15,Brighton,A,3,1,W,3,16,-4,17,21,155,https://www.football-data.co.uk/mmz4281/2425/E0.csv,2026-05-25
2024-25,Crystal Palace,17,2024-12-21,Arsenal,H,1,5,L,0,16,-8,18,26,164,https://www.football-data.co.uk/mmz4281/2425/E0.csv,2026-05-25
2024-25,Crystal Palace,18,2024-12-26,Bournemouth,A,0,0,D,1,17,-8,18,26,171,https://www.football-data.co.uk/mmz4281/2425/E0.csv,2026-05-25
2024-25,Crystal Palace,19,2024-12-29,Southampton,H,2,1,W,3,20,-7,20,27,181,https://www.football-data.co.uk/mmz4281/2425/E0.csv,2026-05-25
2024-25,Crystal Palace,20,2025-01-04,Chelsea,H,1,1,D,1,21,-7,21,28,193,https://www.football-data.co.uk/mmz4281/2425/E0.csv,2026-05-25
2024-25,Crystal Palace,21,2025-01-15,Leicester,A,2,0,W,3,24,-5,23,28,205,https://www.football-data.co.uk/mmz4281/2425/E0.csv,2026-05-25
2024-25,Crystal Palace,22,2025-01-18,West Ham,A,2,0,W,3,27,-3,25,28,213,https://www.football-data.co.uk/mmz4281/2425/E0.csv,2026-05-25
2024-25,Crystal Palace,23,2025-01-26,Brentford,H,1,2,L,0,27,-4,26,30,226,https://www.football-data.co.uk/mmz4281/2425/E0.csv,2026-05-25
2024-25,Crystal Palace,24,2025-02-02,Man United,A,2,0,W,3,30,-2,28,30,237,https://www.football-data.co.uk/mmz4281/2425/E0.csv,2026-05-25
2024-25,Crystal Palace,25,2025-02-15,Everton,H,1,2,L,0,30,-3,29,32,248,https://www.football-data.co.uk/mmz4281/2425/E0.csv,2026-05-25
2024-25,Crystal Palace,26,2025-02-22,Fulham,A,2,0,W,3,33,-1,31,32,256,https://www.football-data.co.uk/mmz4281/2425/E0.csv,2026-05-25
2024-25,Crystal Palace,27,2025-02-25,Aston Villa,H,4,1,W,3,36,2,35,33,263,https://www.football-data.co.uk/mmz4281/2425/E0.csv,2026-05-25
2024-25,Crystal Palace,28,2025-03-08,Ipswich,H,1,0,W,3,39,3,36,33,274,https://www.football-data.co.uk/mmz4281/2425/E0.csv,2026-05-25
2024-25,Crystal Palace,29,2025-04-02,Southampton,A,1,1,D,1,40,3,37,34,297,https://www.football-data.co.uk/mmz4281/2425/E0.csv,2026-05-25
2024-25,Crystal Palace,30,2025-04-05,Brighton,H,2,1,W,3,43,4,39,35,301,https://www.football-data.co.uk/mmz4281/2425/E0.csv,2026-05-25
2024-25,Crystal Palace,31,2025-04-12,Man City,A,2,5,L,0,43,1,41,40,310,https://www.football-data.co.uk/mmz4281/2425/E0.csv,2026-05-25
2024-25,Crystal Palace,32,2025-04-16,Newcastle,A,0,5,L,0,43,-4,41,45,320,https://www.football-data.co.uk/mmz4281/2425/E0.csv,2026-05-25
2024-25,Crystal Palace,33,2025-04-19,Bournemouth,H,0,0,D,1,44,-4,41,45,322,https://www.football-data.co.uk/mmz4281/2425/E0.csv,2026-05-25
2024-25,Crystal Palace,34,2025-04-23,Arsenal,A,2,2,D,1,45,-4,43,47,332,https://www.football-data.co.uk/mmz4281/2425/E0.csv,2026-05-25
2024-25,Crystal Palace,35,2025-05-05,Nott'm Forest,H,1,1,D,1,46,-4,44,48,350,https://www.football-data.co.uk/mmz4281/2425/E0.csv,2026-05-25
2024-25,Crystal Palace,36,2025-05-11,Tottenham,A,2,0,W,3,49,-2,46,48,359,https://www.football-data.co.uk/mmz4281/2425/E0.csv,2026-05-25
2024-25,Crystal Palace,37,2025-05-20,Wolves,H,4,2,W,3,52,0,50,50,369,https://www.football-data.co.uk/mmz4281/2425/E0.csv,2026-05-25
2024-25,Crystal Palace,38,2025-05-25,Liverpool,A,1,1,D,1,53,0,51,51,374,https://www.football-data.co.uk/mmz4281/2425/E0.csv,2026-05-25
2024-25,Everton,1,2024-08-17,Brighton,H,0,3,L,0,0,-3,0,3,4,https://www.football-data.co.uk/mmz4281/2425/E0.csv,2026-05-25
2024-25,Everton,2,2024-08-24,Tottenham,A,0,4,L,0,0,-7,0,7,16,https://www.football-data.co.uk/mmz4281/2425/E0.csv,2026-05-25
2024-25,Everton,3,2024-08-31,Bournemouth,H,2,3,L,0,0,-8,2,10,23,https://www.football-data.co.uk/mmz4281/2425/E0.csv,2026-05-25
2024-25,Everton,4,2024-09-14,Aston Villa,A,2,3,L,0,0,-9,4,13,37,https://www.football-data.co.uk/mmz4281/2425/E0.csv,2026-05-25
2024-25,Everton,5,2024-09-21,Leicester,A,1,1,D,1,1,-9,5,14,44,https://www.football-data.co.uk/mmz4281/2425/E0.csv,2026-05-25
2024-25,Everton,6,2024-09-28,Crystal Palace,H,2,1,W,3,4,-8,7,15,55,https://www.football-data.co.uk/mmz4281/2425/E0.csv,2026-05-25
2024-25,Everton,7,2024-10-05,Newcastle,H,0,0,D,1,5,-8,7,15,67,https://www.football-data.co.uk/mmz4281/2425/E0.csv,2026-05-25
2024-25,Everton,8,2024-10-19,Ipswich,A,2,0,W,3,8,-6,9,15,73,https://www.football-data.co.uk/mmz4281/2425/E0.csv,2026-05-25
2024-25,Everton,9,2024-10-26,Fulham,H,1,1,D,1,9,-6,10,16,86,https://www.football-data.co.uk/mmz4281/2425/E0.csv,2026-05-25
2024-25,Everton,10,2024-11-02,Southampton,A,0,1,L,0,9,-7,10,17,96,https://www.football-data.co.uk/mmz4281/2425/E0.csv,2026-05-25
2024-25,Everton,11,2024-11-09,West Ham,A,0,0,D,1,10,-7,10,17,103,https://www.football-data.co.uk/mmz4281/2425/E0.csv,2026-05-25
2024-25,Everton,12,2024-11-23,Brentford,H,0,0,D,1,11,-7,10,17,115,https://www.football-data.co.uk/mmz4281/2425/E0.csv,2026-05-25
2024-25,Everton,13,2024-12-01,Man United,A,0,4,L,0,11,-11,10,21,128,https://www.football-data.co.uk/mmz4281/2425/E0.csv,2026-05-25
2024-25,Everton,14,2024-12-04,Wolves,H,4,0,W,3,14,-7,14,21,133,https://www.football-data.co.uk/mmz4281/2425/E0.csv,2026-05-25
2024-25,Everton,15,2024-12-14,Arsenal,A,0,0,D,1,15,-7,14,21,150,https://www.football-data.co.uk/mmz4281/2425/E0.csv,2026-05-25
2024-25,Everton,16,2024-12-22,Chelsea,H,0,0,D,1,16,-7,14,21,165,https://www.football-data.co.uk/mmz4281/2425/E0.csv,2026-05-25
2024-25,Everton,17,2024-12-26,Man City,A,1,1,D,1,17,-7,15,22,170,https://www.football-data.co.uk/mmz4281/2425/E0.csv,2026-05-25
2024-25,Everton,18,2024-12-29,Nott'm Forest,H,0,2,L,0,17,-9,15,24,182,https://www.football-data.co.uk/mmz4281/2425/E0.csv,2026-05-25
2024-25,Everton,19,2025-01-04,Bournemouth,A,0,1,L,0,17,-10,15,25,192,https://www.football-data.co.uk/mmz4281/2425/E0.csv,2026-05-25
2024-25,Everton,20,2025-01-15,Aston Villa,H,0,1,L,0,17,-11,15,26,204,https://www.football-data.co.uk/mmz4281/2425/E0.csv,2026-05-25
2024-25,Everton,21,2025-01-19,Tottenham,H,3,2,W,3,20,-10,18,28,215,https://www.football-data.co.uk/mmz4281/2425/E0.csv,2026-05-25
2024-25,Everton,22,2025-01-25,Brighton,A,1,0,W,3,23,-9,19,28,221,https://www.football-data.co.uk/mmz4281/2425/E0.csv,2026-05-25
2024-25,Everton,23,2025-02-01,Leicester,H,4,0,W,3,26,-5,23,28,232,https://www.football-data.co.uk/mmz4281/2425/E0.csv,2026-05-25
2024-25,Everton,24,2025-02-12,Liverpool,H,2,2,D,1,27,-5,25,30,240,https://www.football-data.co.uk/mmz4281/2425/E0.csv,2026-05-25
2024-25,Everton,25,2025-02-15,Crystal Palace,A,2,1,W,3,30,-4,27,31,248,https://www.football-data.co.uk/mmz4281/2425/E0.csv,2026-05-25
2024-25,Everton,26,2025-02-22,Man United,H,2,2,D,1,31,-4,29,33,253,https://www.football-data.co.uk/mmz4281/2425/E0.csv,2026-05-25
2024-25,Everton,27,2025-02-26,Brentford,A,1,1,D,1,32,-4,30,34,266,https://www.football-data.co.uk/mmz4281/2425/E0.csv,2026-05-25
2024-25,Everton,28,2025-03-08,Wolves,A,1,1,D,1,33,-4,31,35,277,https://www.football-data.co.uk/mmz4281/2425/E0.csv,2026-05-25
2024-25,Everton,29,2025-03-15,West Ham,H,1,1,D,1,34,-4,32,36,282,https://www.football-data.co.uk/mmz4281/2425/E0.csv,2026-05-25
2024-25,Everton,30,2025-04-02,Liverpool,A,0,1,L,0,34,-5,32,37,298,https://www.football-data.co.uk/mmz4281/2425/E0.csv,2026-05-25
2024-25,Everton,31,2025-04-05,Arsenal,H,1,1,D,1,35,-5,33,38,300,https://www.football-data.co.uk/mmz4281/2425/E0.csv,2026-05-25
2024-25,Everton,32,2025-04-12,Nott'm Forest,A,1,0,W,3,38,-4,34,38,312,https://www.football-data.co.uk/mmz4281/2425/E0.csv,2026-05-25
2024-25,Everton,33,2025-04-19,Man City,H,0,2,L,0,38,-6,34,40,323,https://www.football-data.co.uk/mmz4281/2425/E0.csv,2026-05-25
2024-25,Everton,34,2025-04-26,Chelsea,A,0,1,L,0,38,-7,34,41,333,https://www.football-data.co.uk/mmz4281/2425/E0.csv,2026-05-25
2024-25,Everton,35,2025-05-03,Ipswich,H,2,2,D,1,39,-7,36,43,343,https://www.football-data.co.uk/mmz4281/2425/E0.csv,2026-05-25
2024-25,Everton,36,2025-05-10,Fulham,A,3,1,W,3,42,-5,39,44,351,https://www.football-data.co.uk/mmz4281/2425/E0.csv,2026-05-25
2024-25,Everton,37,2025-05-18,Southampton,H,2,0,W,3,45,-3,41,44,363,https://www.football-data.co.uk/mmz4281/2425/E0.csv,2026-05-25
2024-25,Everton,38,2025-05-25,Newcastle,A,1,0,W,3,48,-2,42,44,376,https://www.football-data.co.uk/mmz4281/2425/E0.csv,2026-05-25
2024-25,Fulham,1,2024-08-16,Man United,A,0,1,L,0,0,-1,0,1,1,https://www.football-data.co.uk/mmz4281/2425/E0.csv,2026-05-25
2024-25,Fulham,2,2024-08-24,Leicester,H,2,1,W,3,3,0,2,2,13,https://www.football-data.co.uk/mmz4281/2425/E0.csv,2026-05-25
2024-25,Fulham,3,2024-08-31,Ipswich,A,1,1,D,1,4,0,3,3,24,https://www.football-data.co.uk/mmz4281/2425/E0.csv,2026-05-25
2024-25,Fulham,4,2024-09-14,West Ham,H,1,1,D,1,5,0,4,4,34,https://www.football-data.co.uk/mmz4281/2425/E0.csv,2026-05-25
2024-25,Fulham,5,2024-09-21,Newcastle,H,3,1,W,3,8,2,7,5,43,https://www.football-data.co.uk/mmz4281/2425/E0.csv,2026-05-25
2024-25,Fulham,6,2024-09-28,Nott'm Forest,A,1,0,W,3,11,3,8,5,56,https://www.football-data.co.uk/mmz4281/2425/E0.csv,2026-05-25
2024-25,Fulham,7,2024-10-05,Man City,A,2,3,L,0,11,2,10,8,65,https://www.football-data.co.uk/mmz4281/2425/E0.csv,2026-05-25
2024-25,Fulham,8,2024-10-19,Aston Villa,H,1,3,L,0,11,0,11,11,72,https://www.football-data.co.uk/mmz4281/2425/E0.csv,2026-05-25
2024-25,Fulham,9,2024-10-26,Everton,A,1,1,D,1,12,0,12,12,86,https://www.football-data.co.uk/mmz4281/2425/E0.csv,2026-05-25
2024-25,Fulham,10,2024-11-04,Brentford,H,2,1,W,3,15,1,14,13,100,https://www.football-data.co.uk/mmz4281/2425/E0.csv,2026-05-25
2024-25,Fulham,11,2024-11-09,Crystal Palace,A,2,0,W,3,18,3,16,13,102,https://www.football-data.co.uk/mmz4281/2425/E0.csv,2026-05-25
2024-25,Fulham,12,2024-11-23,Wolves,H,1,4,L,0,18,0,17,17,116,https://www.football-data.co.uk/mmz4281/2425/E0.csv,2026-05-25
2024-25,Fulham,13,2024-12-01,Tottenham,A,1,1,D,1,19,0,18,18,129,https://www.football-data.co.uk/mmz4281/2425/E0.csv,2026-05-25
2024-25,Fulham,14,2024-12-05,Brighton,H,3,1,W,3,22,2,21,19,139,https://www.football-data.co.uk/mmz4281/2425/E0.csv,2026-05-25
2024-25,Fulham,15,2024-12-08,Arsenal,H,1,1,D,1,23,2,22,20,145,https://www.football-data.co.uk/mmz4281/2425/E0.csv,2026-05-25
2024-25,Fulham,16,2024-12-14,Liverpool,A,2,2,D,1,24,2,24,22,151,https://www.football-data.co.uk/mmz4281/2425/E0.csv,2026-05-25
2024-25,Fulham,17,2024-12-22,Southampton,H,0,0,D,1,25,2,24,22,166,https://www.football-data.co.uk/mmz4281/2425/E0.csv,2026-05-25
2024-25,Fulham,18,2024-12-26,Chelsea,A,2,1,W,3,28,3,26,23,172,https://www.football-data.co.uk/mmz4281/2425/E0.csv,2026-05-25
2024-25,Fulham,19,2024-12-29,Bournemouth,H,2,2,D,1,29,3,28,25,183,https://www.football-data.co.uk/mmz4281/2425/E0.csv,2026-05-25
2024-25,Fulham,20,2025-01-05,Ipswich,H,2,2,D,1,30,3,30,27,197,https://www.football-data.co.uk/mmz4281/2425/E0.csv,2026-05-25
2024-25,Fulham,21,2025-01-14,West Ham,A,2,3,L,0,30,2,32,30,202,https://www.football-data.co.uk/mmz4281/2425/E0.csv,2026-05-25
2024-25,Fulham,22,2025-01-18,Leicester,A,2,0,W,3,33,4,34,30,212,https://www.football-data.co.uk/mmz4281/2425/E0.csv,2026-05-25
2024-25,Fulham,23,2025-01-26,Man United,H,0,1,L,0,33,3,34,31,229,https://www.football-data.co.uk/mmz4281/2425/E0.csv,2026-05-25
2024-25,Fulham,24,2025-02-01,Newcastle,A,2,1,W,3,36,4,36,32,234,https://www.football-data.co.uk/mmz4281/2425/E0.csv,2026-05-25
2024-25,Fulham,25,2025-02-15,Nott'm Forest,H,2,1,W,3,39,5,38,33,244,https://www.football-data.co.uk/mmz4281/2425/E0.csv,2026-05-25
2024-25,Fulham,26,2025-02-22,Crystal Palace,H,0,2,L,0,39,3,38,35,256,https://www.football-data.co.uk/mmz4281/2425/E0.csv,2026-05-25
2024-25,Fulham,27,2025-02-25,Wolves,A,2,1,W,3,42,4,40,36,264,https://www.football-data.co.uk/mmz4281/2425/E0.csv,2026-05-25
2024-25,Fulham,28,2025-03-08,Brighton,A,1,2,L,0,42,3,41,38,273,https://www.football-data.co.uk/mmz4281/2425/E0.csv,2026-05-25
2024-25,Fulham,29,2025-03-16,Tottenham,H,2,0,W,3,45,5,43,38,288,https://www.football-data.co.uk/mmz4281/2425/E0.csv,2026-05-25
2024-25,Fulham,30,2025-04-01,Arsenal,A,1,2,L,0,45,4,44,40,290,https://www.football-data.co.uk/mmz4281/2425/E0.csv,2026-05-25
2024-25,Fulham,31,2025-04-06,Liverpool,H,3,2,W,3,48,5,47,42,306,https://www.football-data.co.uk/mmz4281/2425/E0.csv,2026-05-25
2024-25,Fulham,32,2025-04-14,Bournemouth,A,0,1,L,0,48,4,47,43,319,https://www.football-data.co.uk/mmz4281/2425/E0.csv,2026-05-25
2024-25,Fulham,33,2025-04-20,Chelsea,H,1,2,L,0,48,3,48,45,326,https://www.football-data.co.uk/mmz4281/2425/E0.csv,2026-05-25
2024-25,Fulham,34,2025-04-26,Southampton,A,2,1,W,3,51,4,50,46,336,https://www.football-data.co.uk/mmz4281/2425/E0.csv,2026-05-25
2024-25,Fulham,35,2025-05-03,Aston Villa,A,0,1,L,0,51,3,50,47,342,https://www.football-data.co.uk/mmz4281/2425/E0.csv,2026-05-25
2024-25,Fulham,36,2025-05-10,Everton,H,1,3,L,0,51,1,51,50,351,https://www.football-data.co.uk/mmz4281/2425/E0.csv,2026-05-25
2024-25,Fulham,37,2025-05-18,Brentford,A,3,2,W,3,54,2,54,52,365,https://www.football-data.co.uk/mmz4281/2425/E0.csv,2026-05-25
2024-25,Fulham,38,2025-05-25,Man City,H,0,2,L,0,54,0,54,54,372,https://www.football-data.co.uk/mmz4281/2425/E0.csv,2026-05-25
2024-25,Ipswich,1,2024-08-17,Liverpool,H,0,2,L,0,0,-2,0,2,2,https://www.football-data.co.uk/mmz4281/2425/E0.csv,2026-05-25
2024-25,Ipswich,2,2024-08-24,Man City,A,1,4,L,0,0,-5,1,6,14,https://www.football-data.co.uk/mmz4281/2425/E0.csv,2026-05-25
2024-25,Ipswich,3,2024-08-31,Fulham,H,1,1,D,1,1,-5,2,7,24,https://www.football-data.co.uk/mmz4281/2425/E0.csv,2026-05-25
2024-25,Ipswich,4,2024-09-14,Brighton,A,0,0,D,1,2,-5,2,7,32,https://www.football-data.co.uk/mmz4281/2425/E0.csv,2026-05-25
2024-25,Ipswich,5,2024-09-21,Southampton,A,1,1,D,1,3,-5,3,8,46,https://www.football-data.co.uk/mmz4281/2425/E0.csv,2026-05-25
2024-25,Ipswich,6,2024-09-29,Aston Villa,H,2,2,D,1,4,-5,5,10,58,https://www.football-data.co.uk/mmz4281/2425/E0.csv,2026-05-25
2024-25,Ipswich,7,2024-10-05,West Ham,A,1,4,L,0,4,-8,6,14,66,https://www.football-data.co.uk/mmz4281/2425/E0.csv,2026-05-25
2024-25,Ipswich,8,2024-10-19,Everton,H,0,2,L,0,4,-10,6,16,73,https://www.football-data.co.uk/mmz4281/2425/E0.csv,2026-05-25
2024-25,Ipswich,9,2024-10-26,Brentford,A,3,4,L,0,4,-11,9,20,83,https://www.football-data.co.uk/mmz4281/2425/E0.csv,2026-05-25
2024-25,Ipswich,10,2024-11-02,Leicester,H,1,1,D,1,5,-11,10,21,93,https://www.football-data.co.uk/mmz4281/2425/E0.csv,2026-05-25
2024-25,Ipswich,11,2024-11-10,Tottenham,A,2,1,W,3,8,-10,12,22,109,https://www.football-data.co.uk/mmz4281/2425/E0.csv,2026-05-25
2024-25,Ipswich,12,2024-11-24,Man United,H,1,1,D,1,9,-10,13,23,119,https://www.football-data.co.uk/mmz4281/2425/E0.csv,2026-05-25
2024-25,Ipswich,13,2024-11-30,Nott'm Forest,A,0,1,L,0,9,-11,13,24,124,https://www.football-data.co.uk/mmz4281/2425/E0.csv,2026-05-25
2024-25,Ipswich,14,2024-12-03,Crystal Palace,H,0,1,L,0,9,-12,13,25,131,https://www.football-data.co.uk/mmz4281/2425/E0.csv,2026-05-25
2024-25,Ipswich,15,2024-12-08,Bournemouth,H,1,2,L,0,9,-13,14,27,146,https://www.football-data.co.uk/mmz4281/2425/E0.csv,2026-05-25
2024-25,Ipswich,16,2024-12-14,Wolves,A,2,1,W,3,12,-12,16,28,153,https://www.football-data.co.uk/mmz4281/2425/E0.csv,2026-05-25
2024-25,Ipswich,17,2024-12-21,Newcastle,H,0,4,L,0,12,-16,16,32,162,https://www.football-data.co.uk/mmz4281/2425/E0.csv,2026-05-25
2024-25,Ipswich,18,2024-12-27,Arsenal,A,0,1,L,0,12,-17,16,33,179,https://www.football-data.co.uk/mmz4281/2425/E0.csv,2026-05-25
2024-25,Ipswich,19,2024-12-30,Chelsea,H,2,0,W,3,15,-15,18,33,187,https://www.football-data.co.uk/mmz4281/2425/E0.csv,2026-05-25
2024-25,Ipswich,20,2025-01-05,Fulham,A,2,2,D,1,16,-15,20,35,197,https://www.football-data.co.uk/mmz4281/2425/E0.csv,2026-05-25
2024-25,Ipswich,21,2025-01-16,Brighton,H,0,2,L,0,16,-17,20,37,208,https://www.football-data.co.uk/mmz4281/2425/E0.csv,2026-05-25
2024-25,Ipswich,22,2025-01-19,Man City,H,0,6,L,0,16,-23,20,43,218,https://www.football-data.co.uk/mmz4281/2425/E0.csv,2026-05-25
2024-25,Ipswich,23,2025-01-25,Liverpool,A,1,4,L,0,16,-26,21,47,222,https://www.football-data.co.uk/mmz4281/2425/E0.csv,2026-05-25
2024-25,Ipswich,24,2025-02-01,Southampton,H,1,2,L,0,16,-27,22,49,233,https://www.football-data.co.uk/mmz4281/2425/E0.csv,2026-05-25
2024-25,Ipswich,25,2025-02-15,Aston Villa,A,1,1,D,1,17,-27,23,50,243,https://www.football-data.co.uk/mmz4281/2425/E0.csv,2026-05-25
2024-25,Ipswich,26,2025-02-22,Tottenham,H,1,4,L,0,17,-30,24,54,257,https://www.football-data.co.uk/mmz4281/2425/E0.csv,2026-05-25
2024-25,Ipswich,27,2025-02-26,Man United,A,2,3,L,0,17,-31,26,57,267,https://www.football-data.co.uk/mmz4281/2425/E0.csv,2026-05-25
2024-25,Ipswich,28,2025-03-08,Crystal Palace,A,0,1,L,0,17,-32,26,58,274,https://www.football-data.co.uk/mmz4281/2425/E0.csv,2026-05-25
2024-25,Ipswich,29,2025-03-15,Nott'm Forest,H,2,4,L,0,17,-34,28,62,283,https://www.football-data.co.uk/mmz4281/2425/E0.csv,2026-05-25
2024-25,Ipswich,30,2025-04-02,Bournemouth,A,2,1,W,3,20,-33,30,63,293,https://www.football-data.co.uk/mmz4281/2425/E0.csv,2026-05-25
2024-25,Ipswich,31,2025-04-05,Wolves,H,1,2,L,0,20,-34,31,65,302,https://www.football-data.co.uk/mmz4281/2425/E0.csv,2026-05-25
2024-25,Ipswich,32,2025-04-13,Chelsea,A,2,2,D,1,21,-34,33,67,315,https://www.football-data.co.uk/mmz4281/2425/E0.csv,2026-05-25
2024-25,Ipswich,33,2025-04-20,Arsenal,H,0,4,L,0,21,-38,33,71,327,https://www.football-data.co.uk/mmz4281/2425/E0.csv,2026-05-25
2024-25,Ipswich,34,2025-04-26,Newcastle,A,0,3,L,0,21,-41,33,74,335,https://www.football-data.co.uk/mmz4281/2425/E0.csv,2026-05-25
2024-25,Ipswich,35,2025-05-03,Everton,A,2,2,D,1,22,-41,35,76,343,https://www.football-data.co.uk/mmz4281/2425/E0.csv,2026-05-25
2024-25,Ipswich,36,2025-05-10,Brentford,H,0,1,L,0,22,-42,35,77,352,https://www.football-data.co.uk/mmz4281/2425/E0.csv,2026-05-25
2024-25,Ipswich,37,2025-05-18,Leicester,A,0,2,L,0,22,-44,35,79,366,https://www.football-data.co.uk/mmz4281/2425/E0.csv,2026-05-25
2024-25,Ipswich,38,2025-05-25,West Ham,H,1,3,L,0,22,-46,36,82,373,https://www.football-data.co.uk/mmz4281/2425/E0.csv,2026-05-25
2024-25,Leicester,1,2024-08-19,Tottenham,H,1,1,D,1,1,0,1,1,10,https://www.football-data.co.uk/mmz4281/2425/E0.csv,2026-05-25
2024-25,Leicester,2,2024-08-24,Fulham,A,1,2,L,0,1,-1,2,3,13,https://www.football-data.co.uk/mmz4281/2425/E0.csv,2026-05-25
2024-25,Leicester,3,2024-08-31,Aston Villa,H,1,2,L,0,1,-2,3,5,25,https://www.football-data.co.uk/mmz4281/2425/E0.csv,2026-05-25
2024-25,Leicester,4,2024-09-14,Crystal Palace,A,2,2,D,1,2,-2,5,7,33,https://www.football-data.co.uk/mmz4281/2425/E0.csv,2026-05-25
2024-25,Leicester,5,2024-09-21,Everton,H,1,1,D,1,3,-2,6,8,44,https://www.football-data.co.uk/mmz4281/2425/E0.csv,2026-05-25
2024-25,Leicester,6,2024-09-28,Arsenal,A,2,4,L,0,3,-4,8,12,52,https://www.football-data.co.uk/mmz4281/2425/E0.csv,2026-05-25
2024-25,Leicester,7,2024-10-05,Bournemouth,H,1,0,W,3,6,-3,9,12,64,https://www.football-data.co.uk/mmz4281/2425/E0.csv,2026-05-25
2024-25,Leicester,8,2024-10-19,Southampton,A,3,2,W,3,9,-2,12,14,76,https://www.football-data.co.uk/mmz4281/2425/E0.csv,2026-05-25
2024-25,Leicester,9,2024-10-25,Nott'm Forest,H,1,3,L,0,9,-4,13,17,81,https://www.football-data.co.uk/mmz4281/2425/E0.csv,2026-05-25
2024-25,Leicester,10,2024-11-02,Ipswich,A,1,1,D,1,10,-4,14,18,93,https://www.football-data.co.uk/mmz4281/2425/E0.csv,2026-05-25
2024-25,Leicester,11,2024-11-10,Man United,A,0,3,L,0,10,-7,14,21,107,https://www.football-data.co.uk/mmz4281/2425/E0.csv,2026-05-25
2024-25,Leicester,12,2024-11-23,Chelsea,H,1,2,L,0,10,-8,15,23,111,https://www.football-data.co.uk/mmz4281/2425/E0.csv,2026-05-25
2024-25,Leicester,13,2024-11-30,Brentford,A,1,4,L,0,10,-11,16,27,122,https://www.football-data.co.uk/mmz4281/2425/E0.csv,2026-05-25
2024-25,Leicester,14,2024-12-03,West Ham,H,3,1,W,3,13,-9,19,28,132,https://www.football-data.co.uk/mmz4281/2425/E0.csv,2026-05-25
2024-25,Leicester,15,2024-12-08,Brighton,H,2,2,D,1,14,-9,21,30,147,https://www.football-data.co.uk/mmz4281/2425/E0.csv,2026-05-25
2024-25,Leicester,16,2024-12-14,Newcastle,A,0,4,L,0,14,-13,21,34,152,https://www.football-data.co.uk/mmz4281/2425/E0.csv,2026-05-25
2024-25,Leicester,17,2024-12-22,Wolves,H,0,3,L,0,14,-16,21,37,167,https://www.football-data.co.uk/mmz4281/2425/E0.csv,2026-05-25
2024-25,Leicester,18,2024-12-26,Liverpool,A,1,3,L,0,14,-18,22,40,177,https://www.football-data.co.uk/mmz4281/2425/E0.csv,2026-05-25
2024-25,Leicester,19,2024-12-29,Man City,H,0,2,L,0,14,-20,22,42,180,https://www.football-data.co.uk/mmz4281/2425/E0.csv,2026-05-25
2024-25,Leicester,20,2025-01-04,Aston Villa,A,1,2,L,0,14,-21,23,44,191,https://www.football-data.co.uk/mmz4281/2425/E0.csv,2026-05-25
2024-25,Leicester,21,2025-01-15,Crystal Palace,H,0,2,L,0,14,-23,23,46,205,https://www.football-data.co.uk/mmz4281/2425/E0.csv,2026-05-25
2024-25,Leicester,22,2025-01-18,Fulham,H,0,2,L,0,14,-25,23,48,212,https://www.football-data.co.uk/mmz4281/2425/E0.csv,2026-05-25
2024-25,Leicester,23,2025-01-26,Tottenham,A,2,1,W,3,17,-24,25,49,227,https://www.football-data.co.uk/mmz4281/2425/E0.csv,2026-05-25
2024-25,Leicester,24,2025-02-01,Everton,A,0,4,L,0,17,-28,25,53,232,https://www.football-data.co.uk/mmz4281/2425/E0.csv,2026-05-25
2024-25,Leicester,25,2025-02-15,Arsenal,H,0,2,L,0,17,-30,25,55,242,https://www.football-data.co.uk/mmz4281/2425/E0.csv,2026-05-25
2024-25,Leicester,26,2025-02-21,Brentford,H,0,4,L,0,17,-34,25,59,252,https://www.football-data.co.uk/mmz4281/2425/E0.csv,2026-05-25
2024-25,Leicester,27,2025-02-27,West Ham,A,0,2,L,0,17,-36,25,61,271,https://www.football-data.co.uk/mmz4281/2425/E0.csv,2026-05-25
2024-25,Leicester,28,2025-03-09,Chelsea,A,0,1,L,0,17,-37,25,62,278,https://www.football-data.co.uk/mmz4281/2425/E0.csv,2026-05-25
2024-25,Leicester,29,2025-03-16,Man United,H,0,3,L,0,17,-40,25,65,289,https://www.football-data.co.uk/mmz4281/2425/E0.csv,2026-05-25
2024-25,Leicester,30,2025-04-02,Man City,A,0,2,L,0,17,-42,25,67,295,https://www.football-data.co.uk/mmz4281/2425/E0.csv,2026-05-25
2024-25,Leicester,31,2025-04-07,Newcastle,H,0,3,L,0,17,-45,25,70,309,https://www.football-data.co.uk/mmz4281/2425/E0.csv,2026-05-25
2024-25,Leicester,32,2025-04-12,Brighton,A,2,2,D,1,18,-45,27,72,311,https://www.football-data.co.uk/mmz4281/2425/E0.csv,2026-05-25
2024-25,Leicester,33,2025-04-20,Liverpool,H,0,1,L,0,18,-46,27,73,329,https://www.football-data.co.uk/mmz4281/2425/E0.csv,2026-05-25
2024-25,Leicester,34,2025-04-26,Wolves,A,0,3,L,0,18,-49,27,76,337,https://www.football-data.co.uk/mmz4281/2425/E0.csv,2026-05-25
2024-25,Leicester,35,2025-05-03,Southampton,H,2,0,W,3,21,-47,29,76,344,https://www.football-data.co.uk/mmz4281/2425/E0.csv,2026-05-25
2024-25,Leicester,36,2025-05-11,Nott'm Forest,A,2,2,D,1,22,-47,31,78,358,https://www.football-data.co.uk/mmz4281/2425/E0.csv,2026-05-25
2024-25,Leicester,37,2025-05-18,Ipswich,H,2,0,W,3,25,-45,33,78,366,https://www.football-data.co.uk/mmz4281/2425/E0.csv,2026-05-25
2024-25,Leicester,38,2025-05-25,Bournemouth,A,0,2,L,0,25,-47,33,80,371,https://www.football-data.co.uk/mmz4281/2425/E0.csv,2026-05-25
2024-25,Liverpool,1,2024-08-17,Ipswich,A,2,0,W,3,3,2,2,0,2,https://www.football-data.co.uk/mmz4281/2425/E0.csv,2026-05-25
2024-25,Liverpool,2,2024-08-25,Brentford,H,2,0,W,3,6,4,4,0,20,https://www.football-data.co.uk/mmz4281/2425/E0.csv,2026-05-25
2024-25,Liverpool,3,2024-09-01,Man United,A,3,0,W,3,9,7,7,0,30,https://www.football-data.co.uk/mmz4281/2425/E0.csv,2026-05-25
2024-25,Liverpool,4,2024-09-14,Nott'm Forest,H,0,1,L,0,9,6,7,1,35,https://www.football-data.co.uk/mmz4281/2425/E0.csv,2026-05-25
2024-25,Liverpool,5,2024-09-21,Bournemouth,H,3,0,W,3,12,9,10,1,45,https://www.football-data.co.uk/mmz4281/2425/E0.csv,2026-05-25
2024-25,Liverpool,6,2024-09-28,Wolves,A,2,1,W,3,15,10,12,2,57,https://www.football-data.co.uk/mmz4281/2425/E0.csv,2026-05-25
2024-25,Liverpool,7,2024-10-05,Crystal Palace,A,1,0,W,3,18,11,13,2,61,https://www.football-data.co.uk/mmz4281/2425/E0.csv,2026-05-25
2024-25,Liverpool,8,2024-10-20,Chelsea,H,2,1,W,3,21,12,15,3,79,https://www.football-data.co.uk/mmz4281/2425/E0.csv,2026-05-25
2024-25,Liverpool,9,2024-10-27,Arsenal,A,2,2,D,1,22,12,17,5,90,https://www.football-data.co.uk/mmz4281/2425/E0.csv,2026-05-25
2024-25,Liverpool,10,2024-11-02,Brighton,H,2,1,W,3,25,13,19,6,94,https://www.football-data.co.uk/mmz4281/2425/E0.csv,2026-05-25
2024-25,Liverpool,11,2024-11-09,Aston Villa,H,2,0,W,3,28,15,21,6,106,https://www.football-data.co.uk/mmz4281/2425/E0.csv,2026-05-25
2024-25,Liverpool,12,2024-11-24,Southampton,A,3,2,W,3,31,16,24,8,118,https://www.football-data.co.uk/mmz4281/2425/E0.csv,2026-05-25
2024-25,Liverpool,13,2024-12-01,Man City,H,2,0,W,3,34,18,26,8,130,https://www.football-data.co.uk/mmz4281/2425/E0.csv,2026-05-25
2024-25,Liverpool,14,2024-12-04,Newcastle,A,3,3,D,1,35,18,29,11,135,https://www.football-data.co.uk/mmz4281/2425/E0.csv,2026-05-25
2024-25,Liverpool,15,2024-12-14,Fulham,H,2,2,D,1,36,18,31,13,151,https://www.football-data.co.uk/mmz4281/2425/E0.csv,2026-05-25
2024-25,Liverpool,16,2024-12-22,Tottenham,A,6,3,W,3,39,21,37,16,169,https://www.football-data.co.uk/mmz4281/2425/E0.csv,2026-05-25
2024-25,Liverpool,17,2024-12-26,Leicester,H,3,1,W,3,42,23,40,17,177,https://www.football-data.co.uk/mmz4281/2425/E0.csv,2026-05-25
2024-25,Liverpool,18,2024-12-29,West Ham,A,5,0,W,3,45,28,45,17,185,https://www.football-data.co.uk/mmz4281/2425/E0.csv,2026-05-25
2024-25,Liverpool,19,2025-01-05,Man United,H,2,2,D,1,46,28,47,19,198,https://www.football-data.co.uk/mmz4281/2425/E0.csv,2026-05-25
2024-25,Liverpool,20,2025-01-14,Nott'm Forest,A,1,1,D,1,47,28,48,20,203,https://www.football-data.co.uk/mmz4281/2425/E0.csv,2026-05-25
2024-25,Liverpool,21,2025-01-18,Brentford,A,2,0,W,3,50,30,50,20,211,https://www.football-data.co.uk/mmz4281/2425/E0.csv,2026-05-25
2024-25,Liverpool,22,2025-01-25,Ipswich,H,4,1,W,3,53,33,54,21,222,https://www.football-data.co.uk/mmz4281/2425/E0.csv,2026-05-25
2024-25,Liverpool,23,2025-02-01,Bournemouth,A,2,0,W,3,56,35,56,21,231,https://www.football-data.co.uk/mmz4281/2425/E0.csv,2026-05-25
2024-25,Liverpool,24,2025-02-12,Everton,A,2,2,D,1,57,35,58,23,240,https://www.football-data.co.uk/mmz4281/2425/E0.csv,2026-05-25
2024-25,Liverpool,25,2025-02-16,Wolves,H,2,1,W,3,60,36,60,24,249,https://www.football-data.co.uk/mmz4281/2425/E0.csv,2026-05-25
2024-25,Liverpool,26,2025-02-19,Aston Villa,A,2,2,D,1,61,36,62,26,251,https://www.football-data.co.uk/mmz4281/2425/E0.csv,2026-05-25
2024-25,Liverpool,27,2025-02-23,Man City,A,2,0,W,3,64,38,64,26,261,https://www.football-data.co.uk/mmz4281/2425/E0.csv,2026-05-25
2024-25,Liverpool,28,2025-02-26,Newcastle,H,2,0,W,3,67,40,66,26,270,https://www.football-data.co.uk/mmz4281/2425/E0.csv,2026-05-25
2024-25,Liverpool,29,2025-03-08,Southampton,H,3,1,W,3,70,42,69,27,275,https://www.football-data.co.uk/mmz4281/2425/E0.csv,2026-05-25
2024-25,Liverpool,30,2025-04-02,Everton,H,1,0,W,3,73,43,70,27,298,https://www.football-data.co.uk/mmz4281/2425/E0.csv,2026-05-25
2024-25,Liverpool,31,2025-04-06,Fulham,A,2,3,L,0,73,42,72,30,306,https://www.football-data.co.uk/mmz4281/2425/E0.csv,2026-05-25
2024-25,Liverpool,32,2025-04-13,West Ham,H,2,1,W,3,76,43,74,31,316,https://www.football-data.co.uk/mmz4281/2425/E0.csv,2026-05-25
2024-25,Liverpool,33,2025-04-20,Leicester,A,1,0,W,3,79,44,75,31,329,https://www.football-data.co.uk/mmz4281/2425/E0.csv,2026-05-25
2024-25,Liverpool,34,2025-04-27,Tottenham,H,5,1,W,3,82,48,80,32,339,https://www.football-data.co.uk/mmz4281/2425/E0.csv,2026-05-25
2024-25,Liverpool,35,2025-05-04,Chelsea,A,1,3,L,0,82,46,81,35,349,https://www.football-data.co.uk/mmz4281/2425/E0.csv,2026-05-25
2024-25,Liverpool,36,2025-05-11,Arsenal,H,2,2,D,1,83,46,83,37,360,https://www.football-data.co.uk/mmz4281/2425/E0.csv,2026-05-25
2024-25,Liverpool,37,2025-05-19,Brighton,A,2,3,L,0,83,45,85,40,368,https://www.football-data.co.uk/mmz4281/2425/E0.csv,2026-05-25
2024-25,Liverpool,38,2025-05-25,Crystal Palace,H,1,1,D,1,84,45,86,41,374,https://www.football-data.co.uk/mmz4281/2425/E0.csv,2026-05-25
2024-25,Man City,1,2024-08-18,Chelsea,A,2,0,W,3,3,2,2,0,9,https://www.football-data.co.uk/mmz4281/2425/E0.csv,2026-05-25
2024-25,Man City,2,2024-08-24,Ipswich,H,4,1,W,3,6,5,6,1,14,https://www.football-data.co.uk/mmz4281/2425/E0.csv,2026-05-25
2024-25,Man City,3,2024-08-31,West Ham,A,3,1,W,3,9,7,9,2,27,https://www.football-data.co.uk/mmz4281/2425/E0.csv,2026-05-25
2024-25,Man City,4,2024-09-14,Brentford,H,2,1,W,3,12,8,11,3,36,https://www.football-data.co.uk/mmz4281/2425/E0.csv,2026-05-25
2024-25,Man City,5,2024-09-22,Arsenal,H,2,2,D,1,13,8,13,5,50,https://www.football-data.co.uk/mmz4281/2425/E0.csv,2026-05-25
2024-25,Man City,6,2024-09-28,Newcastle,A,1,1,D,1,14,8,14,6,51,https://www.football-data.co.uk/mmz4281/2425/E0.csv,2026-05-25
2024-25,Man City,7,2024-10-05,Fulham,H,3,2,W,3,17,9,17,8,65,https://www.football-data.co.uk/mmz4281/2425/E0.csv,2026-05-25
2024-25,Man City,8,2024-10-20,Wolves,A,2,1,W,3,20,10,19,9,78,https://www.football-data.co.uk/mmz4281/2425/E0.csv,2026-05-25
2024-25,Man City,9,2024-10-26,Southampton,H,1,0,W,3,23,11,20,9,85,https://www.football-data.co.uk/mmz4281/2425/E0.csv,2026-05-25
2024-25,Man City,10,2024-11-02,Bournemouth,A,1,2,L,0,23,10,21,11,92,https://www.football-data.co.uk/mmz4281/2425/E0.csv,2026-05-25
2024-25,Man City,11,2024-11-09,Brighton,A,1,2,L,0,23,9,22,13,105,https://www.football-data.co.uk/mmz4281/2425/E0.csv,2026-05-25
2024-25,Man City,12,2024-11-23,Tottenham,H,0,4,L,0,23,5,22,17,117,https://www.football-data.co.uk/mmz4281/2425/E0.csv,2026-05-25
2024-25,Man City,13,2024-12-01,Liverpool,A,0,2,L,0,23,3,22,19,130,https://www.football-data.co.uk/mmz4281/2425/E0.csv,2026-05-25
2024-25,Man City,14,2024-12-04,Nott'm Forest,H,3,0,W,3,26,6,25,19,134,https://www.football-data.co.uk/mmz4281/2425/E0.csv,2026-05-25
2024-25,Man City,15,2024-12-07,Crystal Palace,A,2,2,D,1,27,6,27,21,143,https://www.football-data.co.uk/mmz4281/2425/E0.csv,2026-05-25
2024-25,Man City,16,2024-12-15,Man United,H,1,2,L,0,27,5,28,23,156,https://www.football-data.co.uk/mmz4281/2425/E0.csv,2026-05-25
2024-25,Man City,17,2024-12-21,Aston Villa,A,1,2,L,0,27,4,29,25,160,https://www.football-data.co.uk/mmz4281/2425/E0.csv,2026-05-25
2024-25,Man City,18,2024-12-26,Everton,H,1,1,D,1,28,4,30,26,170,https://www.football-data.co.uk/mmz4281/2425/E0.csv,2026-05-25
2024-25,Man City,19,2024-12-29,Leicester,A,2,0,W,3,31,6,32,26,180,https://www.football-data.co.uk/mmz4281/2425/E0.csv,2026-05-25
2024-25,Man City,20,2025-01-04,West Ham,H,4,1,W,3,34,9,36,27,194,https://www.football-data.co.uk/mmz4281/2425/E0.csv,2026-05-25
2024-25,Man City,21,2025-01-14,Brentford,A,2,2,D,1,35,9,38,29,200,https://www.football-data.co.uk/mmz4281/2425/E0.csv,2026-05-25
2024-25,Man City,22,2025-01-19,Ipswich,A,6,0,W,3,38,15,44,29,218,https://www.football-data.co.uk/mmz4281/2425/E0.csv,2026-05-25
2024-25,Man City,23,2025-01-25,Chelsea,H,3,1,W,3,41,17,47,30,225,https://www.football-data.co.uk/mmz4281/2425/E0.csv,2026-05-25
2024-25,Man City,24,2025-02-02,Arsenal,A,1,5,L,0,41,13,48,35,238,https://www.football-data.co.uk/mmz4281/2425/E0.csv,2026-05-25
2024-25,Man City,25,2025-02-15,Newcastle,H,4,0,W,3,44,17,52,35,245,https://www.football-data.co.uk/mmz4281/2425/E0.csv,2026-05-25
2024-25,Man City,26,2025-02-23,Liverpool,H,0,2,L,0,44,15,52,37,261,https://www.football-data.co.uk/mmz4281/2425/E0.csv,2026-05-25
2024-25,Man City,27,2025-02-26,Tottenham,A,1,0,W,3,47,16,53,37,269,https://www.football-data.co.uk/mmz4281/2425/E0.csv,2026-05-25
2024-25,Man City,28,2025-03-08,Nott'm Forest,A,0,1,L,0,47,15,53,38,272,https://www.football-data.co.uk/mmz4281/2425/E0.csv,2026-05-25
2024-25,Man City,29,2025-03-15,Brighton,H,2,2,D,1,48,15,55,40,284,https://www.football-data.co.uk/mmz4281/2425/E0.csv,2026-05-25
2024-25,Man City,30,2025-04-02,Leicester,H,2,0,W,3,51,17,57,40,295,https://www.football-data.co.uk/mmz4281/2425/E0.csv,2026-05-25
2024-25,Man City,31,2025-04-06,Man United,A,0,0,D,1,52,17,57,40,308,https://www.football-data.co.uk/mmz4281/2425/E0.csv,2026-05-25
2024-25,Man City,32,2025-04-12,Crystal Palace,H,5,2,W,3,55,20,62,42,310,https://www.football-data.co.uk/mmz4281/2425/E0.csv,2026-05-25
2024-25,Man City,33,2025-04-19,Everton,A,2,0,W,3,58,22,64,42,323,https://www.football-data.co.uk/mmz4281/2425/E0.csv,2026-05-25
2024-25,Man City,34,2025-04-22,Aston Villa,H,2,1,W,3,61,23,66,43,331,https://www.football-data.co.uk/mmz4281/2425/E0.csv,2026-05-25
2024-25,Man City,35,2025-05-02,Wolves,H,1,0,W,3,64,24,67,43,341,https://www.football-data.co.uk/mmz4281/2425/E0.csv,2026-05-25
2024-25,Man City,36,2025-05-10,Southampton,A,0,0,D,1,65,24,67,43,353,https://www.football-data.co.uk/mmz4281/2425/E0.csv,2026-05-25
2024-25,Man City,37,2025-05-20,Bournemouth,H,3,1,W,3,68,26,70,44,370,https://www.football-data.co.uk/mmz4281/2425/E0.csv,2026-05-25
2024-25,Man City,38,2025-05-25,Fulham,A,2,0,W,3,71,28,72,44,372,https://www.football-data.co.uk/mmz4281/2425/E0.csv,2026-05-25
2024-25,Man United,1,2024-08-16,Fulham,H,1,0,W,3,3,1,1,0,1,https://www.football-data.co.uk/mmz4281/2425/E0.csv,2026-05-25
2024-25,Man United,2,2024-08-24,Brighton,A,1,2,L,0,3,0,2,2,11,https://www.football-data.co.uk/mmz4281/2425/E0.csv,2026-05-25
2024-25,Man United,3,2024-09-01,Liverpool,H,0,3,L,0,3,-3,2,5,30,https://www.football-data.co.uk/mmz4281/2425/E0.csv,2026-05-25
2024-25,Man United,4,2024-09-14,Southampton,A,3,0,W,3,6,0,5,5,31,https://www.football-data.co.uk/mmz4281/2425/E0.csv,2026-05-25
2024-25,Man United,5,2024-09-21,Crystal Palace,A,0,0,D,1,7,0,5,5,48,https://www.football-data.co.uk/mmz4281/2425/E0.csv,2026-05-25
2024-25,Man United,6,2024-09-29,Tottenham,H,0,3,L,0,7,-3,5,8,59,https://www.football-data.co.uk/mmz4281/2425/E0.csv,2026-05-25
2024-25,Man United,7,2024-10-06,Aston Villa,A,0,0,D,1,8,-3,5,8,68,https://www.football-data.co.uk/mmz4281/2425/E0.csv,2026-05-25
2024-25,Man United,8,2024-10-19,Brentford,H,2,1,W,3,11,-2,7,9,74,https://www.football-data.co.uk/mmz4281/2425/E0.csv,2026-05-25
2024-25,Man United,9,2024-10-27,West Ham,A,1,2,L,0,11,-3,8,11,89,https://www.football-data.co.uk/mmz4281/2425/E0.csv,2026-05-25
2024-25,Man United,10,2024-11-03,Chelsea,H,1,1,D,1,12,-3,9,12,99,https://www.football-data.co.uk/mmz4281/2425/E0.csv,2026-05-25
2024-25,Man United,11,2024-11-10,Leicester,H,3,0,W,3,15,0,12,12,107,https://www.football-data.co.uk/mmz4281/2425/E0.csv,2026-05-25
2024-25,Man United,12,2024-11-24,Ipswich,A,1,1,D,1,16,0,13,13,119,https://www.football-data.co.uk/mmz4281/2425/E0.csv,2026-05-25
2024-25,Man United,13,2024-12-01,Everton,H,4,0,W,3,19,4,17,13,128,https://www.football-data.co.uk/mmz4281/2425/E0.csv,2026-05-25
2024-25,Man United,14,2024-12-04,Arsenal,A,0,2,L,0,19,2,17,15,137,https://www.football-data.co.uk/mmz4281/2425/E0.csv,2026-05-25
2024-25,Man United,15,2024-12-07,Nott'm Forest,H,2,3,L,0,19,1,19,18,144,https://www.football-data.co.uk/mmz4281/2425/E0.csv,2026-05-25
2024-25,Man United,16,2024-12-15,Man City,A,2,1,W,3,22,2,21,19,156,https://www.football-data.co.uk/mmz4281/2425/E0.csv,2026-05-25
2024-25,Man United,17,2024-12-22,Bournemouth,H,0,3,L,0,22,-1,21,22,168,https://www.football-data.co.uk/mmz4281/2425/E0.csv,2026-05-25
2024-25,Man United,18,2024-12-26,Wolves,A,0,2,L,0,22,-3,21,24,176,https://www.football-data.co.uk/mmz4281/2425/E0.csv,2026-05-25
2024-25,Man United,19,2024-12-30,Newcastle,H,0,2,L,0,22,-5,21,26,188,https://www.football-data.co.uk/mmz4281/2425/E0.csv,2026-05-25
2024-25,Man United,20,2025-01-05,Liverpool,A,2,2,D,1,23,-5,23,28,198,https://www.football-data.co.uk/mmz4281/2425/E0.csv,2026-05-25
2024-25,Man United,21,2025-01-16,Southampton,H,3,1,W,3,26,-3,26,29,209,https://www.football-data.co.uk/mmz4281/2425/E0.csv,2026-05-25
2024-25,Man United,22,2025-01-19,Brighton,H,1,3,L,0,26,-5,27,32,216,https://www.football-data.co.uk/mmz4281/2425/E0.csv,2026-05-25
2024-25,Man United,23,2025-01-26,Fulham,A,1,0,W,3,29,-4,28,32,229,https://www.football-data.co.uk/mmz4281/2425/E0.csv,2026-05-25
2024-25,Man United,24,2025-02-02,Crystal Palace,H,0,2,L,0,29,-6,28,34,237,https://www.football-data.co.uk/mmz4281/2425/E0.csv,2026-05-25
2024-25,Man United,25,2025-02-16,Tottenham,A,0,1,L,0,29,-7,28,35,250,https://www.football-data.co.uk/mmz4281/2425/E0.csv,2026-05-25
2024-25,Man United,26,2025-02-22,Everton,A,2,2,D,1,30,-7,30,37,253,https://www.football-data.co.uk/mmz4281/2425/E0.csv,2026-05-25
2024-25,Man United,27,2025-02-26,Ipswich,H,3,2,W,3,33,-6,33,39,267,https://www.football-data.co.uk/mmz4281/2425/E0.csv,2026-05-25
2024-25,Man United,28,2025-03-09,Arsenal,H,1,1,D,1,34,-6,34,40,280,https://www.football-data.co.uk/mmz4281/2425/E0.csv,2026-05-25
2024-25,Man United,29,2025-03-16,Leicester,A,3,0,W,3,37,-3,37,40,289,https://www.football-data.co.uk/mmz4281/2425/E0.csv,2026-05-25
2024-25,Man United,30,2025-04-01,Nott'm Forest,A,0,1,L,0,37,-4,37,41,292,https://www.football-data.co.uk/mmz4281/2425/E0.csv,2026-05-25
2024-25,Man United,31,2025-04-06,Man City,H,0,0,D,1,38,-4,37,41,308,https://www.football-data.co.uk/mmz4281/2425/E0.csv,2026-05-25
2024-25,Man United,32,2025-04-13,Newcastle,A,1,4,L,0,38,-7,38,45,318,https://www.football-data.co.uk/mmz4281/2425/E0.csv,2026-05-25
2024-25,Man United,33,2025-04-20,Wolves,H,0,1,L,0,38,-8,38,46,328,https://www.football-data.co.uk/mmz4281/2425/E0.csv,2026-05-25
2024-25,Man United,34,2025-04-27,Bournemouth,A,1,1,D,1,39,-8,39,47,338,https://www.football-data.co.uk/mmz4281/2425/E0.csv,2026-05-25
2024-25,Man United,35,2025-05-04,Brentford,A,3,4,L,0,39,-9,42,51,346,https://www.football-data.co.uk/mmz4281/2425/E0.csv,2026-05-25
2024-25,Man United,36,2025-05-11,West Ham,H,0,2,L,0,39,-11,42,53,357,https://www.football-data.co.uk/mmz4281/2425/E0.csv,2026-05-25
2024-25,Man United,37,2025-05-16,Chelsea,A,0,1,L,0,39,-12,42,54,362,https://www.football-data.co.uk/mmz4281/2425/E0.csv,2026-05-25
2024-25,Man United,38,2025-05-25,Aston Villa,H,2,0,W,3,42,-10,44,54,375,https://www.football-data.co.uk/mmz4281/2425/E0.csv,2026-05-25
2024-25,Newcastle,1,2024-08-17,Southampton,H,1,0,W,3,3,1,1,0,5,https://www.football-data.co.uk/mmz4281/2425/E0.csv,2026-05-25
2024-25,Newcastle,2,2024-08-25,Bournemouth,A,1,1,D,1,4,1,2,1,18,https://www.football-data.co.uk/mmz4281/2425/E0.csv,2026-05-25
2024-25,Newcastle,3,2024-09-01,Tottenham,H,2,1,W,3,7,2,4,2,29,https://www.football-data.co.uk/mmz4281/2425/E0.csv,2026-05-25
2024-25,Newcastle,4,2024-09-15,Wolves,A,2,1,W,3,10,3,6,3,40,https://www.football-data.co.uk/mmz4281/2425/E0.csv,2026-05-25
2024-25,Newcastle,5,2024-09-21,Fulham,A,1,3,L,0,10,1,7,6,43,https://www.football-data.co.uk/mmz4281/2425/E0.csv,2026-05-25
2024-25,Newcastle,6,2024-09-28,Man City,H,1,1,D,1,11,1,8,7,51,https://www.football-data.co.uk/mmz4281/2425/E0.csv,2026-05-25
2024-25,Newcastle,7,2024-10-05,Everton,A,0,0,D,1,12,1,8,7,67,https://www.football-data.co.uk/mmz4281/2425/E0.csv,2026-05-25
2024-25,Newcastle,8,2024-10-19,Brighton,H,0,1,L,0,12,0,8,8,75,https://www.football-data.co.uk/mmz4281/2425/E0.csv,2026-05-25
2024-25,Newcastle,9,2024-10-27,Chelsea,A,1,2,L,0,12,-1,9,10,87,https://www.football-data.co.uk/mmz4281/2425/E0.csv,2026-05-25
2024-25,Newcastle,10,2024-11-02,Arsenal,H,1,0,W,3,15,0,10,10,91,https://www.football-data.co.uk/mmz4281/2425/E0.csv,2026-05-25
2024-25,Newcastle,11,2024-11-10,Nott'm Forest,A,3,1,W,3,18,2,13,11,108,https://www.football-data.co.uk/mmz4281/2425/E0.csv,2026-05-25
2024-25,Newcastle,12,2024-11-25,West Ham,H,0,2,L,0,18,0,13,13,120,https://www.football-data.co.uk/mmz4281/2425/E0.csv,2026-05-25
2024-25,Newcastle,13,2024-11-30,Crystal Palace,A,1,1,D,1,19,0,14,14,123,https://www.football-data.co.uk/mmz4281/2425/E0.csv,2026-05-25
2024-25,Newcastle,14,2024-12-04,Liverpool,H,3,3,D,1,20,0,17,17,135,https://www.football-data.co.uk/mmz4281/2425/E0.csv,2026-05-25
2024-25,Newcastle,15,2024-12-07,Brentford,A,2,4,L,0,20,-2,19,21,142,https://www.football-data.co.uk/mmz4281/2425/E0.csv,2026-05-25
2024-25,Newcastle,16,2024-12-14,Leicester,H,4,0,W,3,23,2,23,21,152,https://www.football-data.co.uk/mmz4281/2425/E0.csv,2026-05-25
2024-25,Newcastle,17,2024-12-21,Ipswich,A,4,0,W,3,26,6,27,21,162,https://www.football-data.co.uk/mmz4281/2425/E0.csv,2026-05-25
2024-25,Newcastle,18,2024-12-26,Aston Villa,H,3,0,W,3,29,9,30,21,173,https://www.football-data.co.uk/mmz4281/2425/E0.csv,2026-05-25
2024-25,Newcastle,19,2024-12-30,Man United,A,2,0,W,3,32,11,32,21,188,https://www.football-data.co.uk/mmz4281/2425/E0.csv,2026-05-25
2024-25,Newcastle,20,2025-01-04,Tottenham,A,2,1,W,3,35,12,34,22,190,https://www.football-data.co.uk/mmz4281/2425/E0.csv,2026-05-25
2024-25,Newcastle,21,2025-01-15,Wolves,H,3,0,W,3,38,15,37,22,206,https://www.football-data.co.uk/mmz4281/2425/E0.csv,2026-05-25
2024-25,Newcastle,22,2025-01-18,Bournemouth,H,1,4,L,0,38,12,38,26,210,https://www.football-data.co.uk/mmz4281/2425/E0.csv,2026-05-25
2024-25,Newcastle,23,2025-01-25,Southampton,A,3,1,W,3,41,14,41,27,223,https://www.football-data.co.uk/mmz4281/2425/E0.csv,2026-05-25
2024-25,Newcastle,24,2025-02-01,Fulham,H,1,2,L,0,41,13,42,29,234,https://www.football-data.co.uk/mmz4281/2425/E0.csv,2026-05-25
2024-25,Newcastle,25,2025-02-15,Man City,A,0,4,L,0,41,9,42,33,245,https://www.football-data.co.uk/mmz4281/2425/E0.csv,2026-05-25
2024-25,Newcastle,26,2025-02-23,Nott'm Forest,H,4,3,W,3,44,10,46,36,260,https://www.football-data.co.uk/mmz4281/2425/E0.csv,2026-05-25
2024-25,Newcastle,27,2025-02-26,Liverpool,A,0,2,L,0,44,8,46,38,270,https://www.football-data.co.uk/mmz4281/2425/E0.csv,2026-05-25
2024-25,Newcastle,28,2025-03-10,West Ham,A,1,0,W,3,47,9,47,38,281,https://www.football-data.co.uk/mmz4281/2425/E0.csv,2026-05-25
2024-25,Newcastle,29,2025-04-02,Brentford,H,2,1,W,3,50,10,49,39,296,https://www.football-data.co.uk/mmz4281/2425/E0.csv,2026-05-25
2024-25,Newcastle,30,2025-04-07,Leicester,A,3,0,W,3,53,13,52,39,309,https://www.football-data.co.uk/mmz4281/2425/E0.csv,2026-05-25
2024-25,Newcastle,31,2025-04-13,Man United,H,4,1,W,3,56,16,56,40,318,https://www.football-data.co.uk/mmz4281/2425/E0.csv,2026-05-25
2024-25,Newcastle,32,2025-04-16,Crystal Palace,H,5,0,W,3,59,21,61,40,320,https://www.football-data.co.uk/mmz4281/2425/E0.csv,2026-05-25
2024-25,Newcastle,33,2025-04-19,Aston Villa,A,1,4,L,0,59,18,62,44,325,https://www.football-data.co.uk/mmz4281/2425/E0.csv,2026-05-25
2024-25,Newcastle,34,2025-04-26,Ipswich,H,3,0,W,3,62,21,65,44,335,https://www.football-data.co.uk/mmz4281/2425/E0.csv,2026-05-25
2024-25,Newcastle,35,2025-05-04,Brighton,A,1,1,D,1,63,21,66,45,347,https://www.football-data.co.uk/mmz4281/2425/E0.csv,2026-05-25
2024-25,Newcastle,36,2025-05-11,Chelsea,H,2,0,W,3,66,23,68,45,356,https://www.football-data.co.uk/mmz4281/2425/E0.csv,2026-05-25
2024-25,Newcastle,37,2025-05-18,Arsenal,A,0,1,L,0,66,22,68,46,367,https://www.football-data.co.uk/mmz4281/2425/E0.csv,2026-05-25
2024-25,Newcastle,38,2025-05-25,Everton,H,0,1,L,0,66,21,68,47,376,https://www.football-data.co.uk/mmz4281/2425/E0.csv,2026-05-25
2024-25,Nott'm Forest,1,2024-08-17,Bournemouth,H,1,1,D,1,1,0,1,1,6,https://www.football-data.co.uk/mmz4281/2425/E0.csv,2026-05-25
2024-25,Nott'm Forest,2,2024-08-24,Southampton,A,1,0,W,3,4,1,2,1,15,https://www.football-data.co.uk/mmz4281/2425/E0.csv,2026-05-25
2024-25,Nott'm Forest,3,2024-08-31,Wolves,H,1,1,D,1,5,1,3,2,26,https://www.football-data.co.uk/mmz4281/2425/E0.csv,2026-05-25
2024-25,Nott'm Forest,4,2024-09-14,Liverpool,A,1,0,W,3,8,2,4,2,35,https://www.football-data.co.uk/mmz4281/2425/E0.csv,2026-05-25
2024-25,Nott'm Forest,5,2024-09-22,Brighton,A,2,2,D,1,9,2,6,4,49,https://www.football-data.co.uk/mmz4281/2425/E0.csv,2026-05-25
2024-25,Nott'm Forest,6,2024-09-28,Fulham,H,0,1,L,0,9,1,6,5,56,https://www.football-data.co.uk/mmz4281/2425/E0.csv,2026-05-25
2024-25,Nott'm Forest,7,2024-10-06,Chelsea,A,1,1,D,1,10,1,7,6,69,https://www.football-data.co.uk/mmz4281/2425/E0.csv,2026-05-25
2024-25,Nott'm Forest,8,2024-10-21,Crystal Palace,H,1,0,W,3,13,2,8,6,80,https://www.football-data.co.uk/mmz4281/2425/E0.csv,2026-05-25
2024-25,Nott'm Forest,9,2024-10-25,Leicester,A,3,1,W,3,16,4,11,7,81,https://www.football-data.co.uk/mmz4281/2425/E0.csv,2026-05-25
2024-25,Nott'm Forest,10,2024-11-02,West Ham,H,3,0,W,3,19,7,14,7,95,https://www.football-data.co.uk/mmz4281/2425/E0.csv,2026-05-25
2024-25,Nott'm Forest,11,2024-11-10,Newcastle,H,1,3,L,0,19,5,15,10,108,https://www.football-data.co.uk/mmz4281/2425/E0.csv,2026-05-25
2024-25,Nott'm Forest,12,2024-11-23,Arsenal,A,0,3,L,0,19,2,15,13,112,https://www.football-data.co.uk/mmz4281/2425/E0.csv,2026-05-25
2024-25,Nott'm Forest,13,2024-11-30,Ipswich,H,1,0,W,3,22,3,16,13,124,https://www.football-data.co.uk/mmz4281/2425/E0.csv,2026-05-25
2024-25,Nott'm Forest,14,2024-12-04,Man City,A,0,3,L,0,22,0,16,16,134,https://www.football-data.co.uk/mmz4281/2425/E0.csv,2026-05-25
2024-25,Nott'm Forest,15,2024-12-07,Man United,A,3,2,W,3,25,1,19,18,144,https://www.football-data.co.uk/mmz4281/2425/E0.csv,2026-05-25
2024-25,Nott'm Forest,16,2024-12-14,Aston Villa,H,2,1,W,3,28,2,21,19,154,https://www.football-data.co.uk/mmz4281/2425/E0.csv,2026-05-25
2024-25,Nott'm Forest,17,2024-12-21,Brentford,A,2,0,W,3,31,4,23,19,161,https://www.football-data.co.uk/mmz4281/2425/E0.csv,2026-05-25
2024-25,Nott'm Forest,18,2024-12-26,Tottenham,H,1,0,W,3,34,5,24,19,174,https://www.football-data.co.uk/mmz4281/2425/E0.csv,2026-05-25
2024-25,Nott'm Forest,19,2024-12-29,Everton,A,2,0,W,3,37,7,26,19,182,https://www.football-data.co.uk/mmz4281/2425/E0.csv,2026-05-25
2024-25,Nott'm Forest,20,2025-01-06,Wolves,A,3,0,W,3,40,10,29,19,199,https://www.football-data.co.uk/mmz4281/2425/E0.csv,2026-05-25
2024-25,Nott'm Forest,21,2025-01-14,Liverpool,H,1,1,D,1,41,10,30,20,203,https://www.football-data.co.uk/mmz4281/2425/E0.csv,2026-05-25
2024-25,Nott'm Forest,22,2025-01-19,Southampton,H,3,2,W,3,44,11,33,22,217,https://www.football-data.co.uk/mmz4281/2425/E0.csv,2026-05-25
2024-25,Nott'm Forest,23,2025-01-25,Bournemouth,A,0,5,L,0,44,6,33,27,220,https://www.football-data.co.uk/mmz4281/2425/E0.csv,2026-05-25
2024-25,Nott'm Forest,24,2025-02-01,Brighton,H,7,0,W,3,47,13,40,27,230,https://www.football-data.co.uk/mmz4281/2425/E0.csv,2026-05-25
2024-25,Nott'm Forest,25,2025-02-15,Fulham,A,1,2,L,0,47,12,41,29,244,https://www.football-data.co.uk/mmz4281/2425/E0.csv,2026-05-25
2024-25,Nott'm Forest,26,2025-02-23,Newcastle,A,3,4,L,0,47,11,44,33,260,https://www.football-data.co.uk/mmz4281/2425/E0.csv,2026-05-25
2024-25,Nott'm Forest,27,2025-02-26,Arsenal,H,0,0,D,1,48,11,44,33,268,https://www.football-data.co.uk/mmz4281/2425/E0.csv,2026-05-25
2024-25,Nott'm Forest,28,2025-03-08,Man City,H,1,0,W,3,51,12,45,33,272,https://www.football-data.co.uk/mmz4281/2425/E0.csv,2026-05-25
2024-25,Nott'm Forest,29,2025-03-15,Ipswich,A,4,2,W,3,54,14,49,35,283,https://www.football-data.co.uk/mmz4281/2425/E0.csv,2026-05-25
2024-25,Nott'm Forest,30,2025-04-01,Man United,H,1,0,W,3,57,15,50,35,292,https://www.football-data.co.uk/mmz4281/2425/E0.csv,2026-05-25
2024-25,Nott'm Forest,31,2025-04-05,Aston Villa,A,1,2,L,0,57,14,51,37,304,https://www.football-data.co.uk/mmz4281/2425/E0.csv,2026-05-25
2024-25,Nott'm Forest,32,2025-04-12,Everton,H,0,1,L,0,57,13,51,38,312,https://www.football-data.co.uk/mmz4281/2425/E0.csv,2026-05-25
2024-25,Nott'm Forest,33,2025-04-21,Tottenham,A,2,1,W,3,60,14,53,39,330,https://www.football-data.co.uk/mmz4281/2425/E0.csv,2026-05-25
2024-25,Nott'm Forest,34,2025-05-01,Brentford,H,0,2,L,0,60,12,53,41,340,https://www.football-data.co.uk/mmz4281/2425/E0.csv,2026-05-25
2024-25,Nott'm Forest,35,2025-05-05,Crystal Palace,A,1,1,D,1,61,12,54,42,350,https://www.football-data.co.uk/mmz4281/2425/E0.csv,2026-05-25
2024-25,Nott'm Forest,36,2025-05-11,Leicester,H,2,2,D,1,62,12,56,44,358,https://www.football-data.co.uk/mmz4281/2425/E0.csv,2026-05-25
2024-25,Nott'm Forest,37,2025-05-18,West Ham,A,2,1,W,3,65,13,58,45,364,https://www.football-data.co.uk/mmz4281/2425/E0.csv,2026-05-25
2024-25,Nott'm Forest,38,2025-05-25,Chelsea,H,0,1,L,0,65,12,58,46,377,https://www.football-data.co.uk/mmz4281/2425/E0.csv,2026-05-25
2024-25,Southampton,1,2024-08-17,Newcastle,A,0,1,L,0,0,-1,0,1,5,https://www.football-data.co.uk/mmz4281/2425/E0.csv,2026-05-25
2024-25,Southampton,2,2024-08-24,Nott'm Forest,H,0,1,L,0,0,-2,0,2,15,https://www.football-data.co.uk/mmz4281/2425/E0.csv,2026-05-25
2024-25,Southampton,3,2024-08-31,Brentford,A,1,3,L,0,0,-4,1,5,22,https://www.football-data.co.uk/mmz4281/2425/E0.csv,2026-05-25
2024-25,Southampton,4,2024-09-14,Man United,H,0,3,L,0,0,-7,1,8,31,https://www.football-data.co.uk/mmz4281/2425/E0.csv,2026-05-25
2024-25,Southampton,5,2024-09-21,Ipswich,H,1,1,D,1,1,-7,2,9,46,https://www.football-data.co.uk/mmz4281/2425/E0.csv,2026-05-25
2024-25,Southampton,6,2024-09-30,Bournemouth,A,1,3,L,0,1,-9,3,12,60,https://www.football-data.co.uk/mmz4281/2425/E0.csv,2026-05-25
2024-25,Southampton,7,2024-10-05,Arsenal,A,1,3,L,0,1,-11,4,15,62,https://www.football-data.co.uk/mmz4281/2425/E0.csv,2026-05-25
2024-25,Southampton,8,2024-10-19,Leicester,H,2,3,L,0,1,-12,6,18,76,https://www.football-data.co.uk/mmz4281/2425/E0.csv,2026-05-25
2024-25,Southampton,9,2024-10-26,Man City,A,0,1,L,0,1,-13,6,19,85,https://www.football-data.co.uk/mmz4281/2425/E0.csv,2026-05-25
2024-25,Southampton,10,2024-11-02,Everton,H,1,0,W,3,4,-12,7,19,96,https://www.football-data.co.uk/mmz4281/2425/E0.csv,2026-05-25
2024-25,Southampton,11,2024-11-09,Wolves,A,0,2,L,0,4,-14,7,21,104,https://www.football-data.co.uk/mmz4281/2425/E0.csv,2026-05-25
2024-25,Southampton,12,2024-11-24,Liverpool,H,2,3,L,0,4,-15,9,24,118,https://www.football-data.co.uk/mmz4281/2425/E0.csv,2026-05-25
2024-25,Southampton,13,2024-11-29,Brighton,A,1,1,D,1,5,-15,10,25,121,https://www.football-data.co.uk/mmz4281/2425/E0.csv,2026-05-25
2024-25,Southampton,14,2024-12-04,Chelsea,H,1,5,L,0,5,-19,11,30,136,https://www.football-data.co.uk/mmz4281/2425/E0.csv,2026-05-25
2024-25,Southampton,15,2024-12-07,Aston Villa,A,0,1,L,0,5,-20,11,31,141,https://www.football-data.co.uk/mmz4281/2425/E0.csv,2026-05-25
2024-25,Southampton,16,2024-12-15,Tottenham,H,0,5,L,0,5,-25,11,36,158,https://www.football-data.co.uk/mmz4281/2425/E0.csv,2026-05-25
2024-25,Southampton,17,2024-12-22,Fulham,A,0,0,D,1,6,-25,11,36,166,https://www.football-data.co.uk/mmz4281/2425/E0.csv,2026-05-25
2024-25,Southampton,18,2024-12-26,West Ham,H,0,1,L,0,6,-26,11,37,175,https://www.football-data.co.uk/mmz4281/2425/E0.csv,2026-05-25
2024-25,Southampton,19,2024-12-29,Crystal Palace,A,1,2,L,0,6,-27,12,39,181,https://www.football-data.co.uk/mmz4281/2425/E0.csv,2026-05-25
2024-25,Southampton,20,2025-01-04,Brentford,H,0,5,L,0,6,-32,12,44,195,https://www.football-data.co.uk/mmz4281/2425/E0.csv,2026-05-25
2024-25,Southampton,21,2025-01-16,Man United,A,1,3,L,0,6,-34,13,47,209,https://www.football-data.co.uk/mmz4281/2425/E0.csv,2026-05-25
2024-25,Southampton,22,2025-01-19,Nott'm Forest,A,2,3,L,0,6,-35,15,50,217,https://www.football-data.co.uk/mmz4281/2425/E0.csv,2026-05-25
2024-25,Southampton,23,2025-01-25,Newcastle,H,1,3,L,0,6,-37,16,53,223,https://www.football-data.co.uk/mmz4281/2425/E0.csv,2026-05-25
2024-25,Southampton,24,2025-02-01,Ipswich,A,2,1,W,3,9,-36,18,54,233,https://www.football-data.co.uk/mmz4281/2425/E0.csv,2026-05-25
2024-25,Southampton,25,2025-02-15,Bournemouth,H,1,3,L,0,9,-38,19,57,246,https://www.football-data.co.uk/mmz4281/2425/E0.csv,2026-05-25
2024-25,Southampton,26,2025-02-22,Brighton,H,0,4,L,0,9,-42,19,61,258,https://www.football-data.co.uk/mmz4281/2425/E0.csv,2026-05-25
2024-25,Southampton,27,2025-02-25,Chelsea,A,0,4,L,0,9,-46,19,65,265,https://www.football-data.co.uk/mmz4281/2425/E0.csv,2026-05-25
2024-25,Southampton,28,2025-03-08,Liverpool,A,1,3,L,0,9,-48,20,68,275,https://www.football-data.co.uk/mmz4281/2425/E0.csv,2026-05-25
2024-25,Southampton,29,2025-03-15,Wolves,H,1,2,L,0,9,-49,21,70,285,https://www.football-data.co.uk/mmz4281/2425/E0.csv,2026-05-25
2024-25,Southampton,30,2025-04-02,Crystal Palace,H,1,1,D,1,10,-49,22,71,297,https://www.football-data.co.uk/mmz4281/2425/E0.csv,2026-05-25
2024-25,Southampton,31,2025-04-06,Tottenham,A,1,3,L,0,10,-51,23,74,307,https://www.football-data.co.uk/mmz4281/2425/E0.csv,2026-05-25
2024-25,Southampton,32,2025-04-12,Aston Villa,H,0,3,L,0,10,-54,23,77,313,https://www.football-data.co.uk/mmz4281/2425/E0.csv,2026-05-25
2024-25,Southampton,33,2025-04-19,West Ham,A,1,1,D,1,11,-54,24,78,324,https://www.football-data.co.uk/mmz4281/2425/E0.csv,2026-05-25
2024-25,Southampton,34,2025-04-26,Fulham,H,1,2,L,0,11,-55,25,80,336,https://www.football-data.co.uk/mmz4281/2425/E0.csv,2026-05-25
2024-25,Southampton,35,2025-05-03,Leicester,A,0,2,L,0,11,-57,25,82,344,https://www.football-data.co.uk/mmz4281/2425/E0.csv,2026-05-25
2024-25,Southampton,36,2025-05-10,Man City,H,0,0,D,1,12,-57,25,82,353,https://www.football-data.co.uk/mmz4281/2425/E0.csv,2026-05-25
2024-25,Southampton,37,2025-05-18,Everton,A,0,2,L,0,12,-59,25,84,363,https://www.football-data.co.uk/mmz4281/2425/E0.csv,2026-05-25
2024-25,Southampton,38,2025-05-25,Arsenal,H,1,2,L,0,12,-60,26,86,378,https://www.football-data.co.uk/mmz4281/2425/E0.csv,2026-05-25
2024-25,Tottenham,1,2024-08-19,Leicester,A,1,1,D,1,1,0,1,1,10,https://www.football-data.co.uk/mmz4281/2425/E0.csv,2026-05-25
2024-25,Tottenham,2,2024-08-24,Everton,H,4,0,W,3,4,4,5,1,16,https://www.football-data.co.uk/mmz4281/2425/E0.csv,2026-05-25
2024-25,Tottenham,3,2024-09-01,Newcastle,A,1,2,L,0,4,3,6,3,29,https://www.football-data.co.uk/mmz4281/2425/E0.csv,2026-05-25
2024-25,Tottenham,4,2024-09-15,Arsenal,H,0,1,L,0,4,2,6,4,39,https://www.football-data.co.uk/mmz4281/2425/E0.csv,2026-05-25
2024-25,Tottenham,5,2024-09-21,Brentford,H,3,1,W,3,7,4,9,5,47,https://www.football-data.co.uk/mmz4281/2425/E0.csv,2026-05-25
2024-25,Tottenham,6,2024-09-29,Man United,A,3,0,W,3,10,7,12,5,59,https://www.football-data.co.uk/mmz4281/2425/E0.csv,2026-05-25
2024-25,Tottenham,7,2024-10-06,Brighton,A,2,3,L,0,10,6,14,8,70,https://www.football-data.co.uk/mmz4281/2425/E0.csv,2026-05-25
2024-25,Tottenham,8,2024-10-19,West Ham,H,4,1,W,3,13,9,18,9,71,https://www.football-data.co.uk/mmz4281/2425/E0.csv,2026-05-25
2024-25,Tottenham,9,2024-10-27,Crystal Palace,A,0,1,L,0,13,8,18,10,88,https://www.football-data.co.uk/mmz4281/2425/E0.csv,2026-05-25
2024-25,Tottenham,10,2024-11-03,Aston Villa,H,4,1,W,3,16,11,22,11,98,https://www.football-data.co.uk/mmz4281/2425/E0.csv,2026-05-25
2024-25,Tottenham,11,2024-11-10,Ipswich,H,1,2,L,0,16,10,23,13,109,https://www.football-data.co.uk/mmz4281/2425/E0.csv,2026-05-25
2024-25,Tottenham,12,2024-11-23,Man City,A,4,0,W,3,19,14,27,13,117,https://www.football-data.co.uk/mmz4281/2425/E0.csv,2026-05-25
2024-25,Tottenham,13,2024-12-01,Fulham,H,1,1,D,1,20,14,28,14,129,https://www.football-data.co.uk/mmz4281/2425/E0.csv,2026-05-25
2024-25,Tottenham,14,2024-12-05,Bournemouth,A,0,1,L,0,20,13,28,15,140,https://www.football-data.co.uk/mmz4281/2425/E0.csv,2026-05-25
2024-25,Tottenham,15,2024-12-08,Chelsea,H,3,4,L,0,20,12,31,19,148,https://www.football-data.co.uk/mmz4281/2425/E0.csv,2026-05-25
2024-25,Tottenham,16,2024-12-15,Southampton,A,5,0,W,3,23,17,36,19,158,https://www.football-data.co.uk/mmz4281/2425/E0.csv,2026-05-25
2024-25,Tottenham,17,2024-12-22,Liverpool,H,3,6,L,0,23,14,39,25,169,https://www.football-data.co.uk/mmz4281/2425/E0.csv,2026-05-25
2024-25,Tottenham,18,2024-12-26,Nott'm Forest,A,0,1,L,0,23,13,39,26,174,https://www.football-data.co.uk/mmz4281/2425/E0.csv,2026-05-25
2024-25,Tottenham,19,2024-12-29,Wolves,H,2,2,D,1,24,13,41,28,184,https://www.football-data.co.uk/mmz4281/2425/E0.csv,2026-05-25
2024-25,Tottenham,20,2025-01-04,Newcastle,H,1,2,L,0,24,12,42,30,190,https://www.football-data.co.uk/mmz4281/2425/E0.csv,2026-05-25
2024-25,Tottenham,21,2025-01-15,Arsenal,A,1,2,L,0,24,11,43,32,207,https://www.football-data.co.uk/mmz4281/2425/E0.csv,2026-05-25
2024-25,Tottenham,22,2025-01-19,Everton,A,2,3,L,0,24,10,45,35,215,https://www.football-data.co.uk/mmz4281/2425/E0.csv,2026-05-25
2024-25,Tottenham,23,2025-01-26,Leicester,H,1,2,L,0,24,9,46,37,227,https://www.football-data.co.uk/mmz4281/2425/E0.csv,2026-05-25
2024-25,Tottenham,24,2025-02-02,Brentford,A,2,0,W,3,27,11,48,37,236,https://www.football-data.co.uk/mmz4281/2425/E0.csv,2026-05-25
2024-25,Tottenham,25,2025-02-16,Man United,H,1,0,W,3,30,12,49,37,250,https://www.football-data.co.uk/mmz4281/2425/E0.csv,2026-05-25
2024-25,Tottenham,26,2025-02-22,Ipswich,A,4,1,W,3,33,15,53,38,257,https://www.football-data.co.uk/mmz4281/2425/E0.csv,2026-05-25
2024-25,Tottenham,27,2025-02-26,Man City,H,0,1,L,0,33,14,53,39,269,https://www.football-data.co.uk/mmz4281/2425/E0.csv,2026-05-25
2024-25,Tottenham,28,2025-03-09,Bournemouth,H,2,2,D,1,34,14,55,41,279,https://www.football-data.co.uk/mmz4281/2425/E0.csv,2026-05-25
2024-25,Tottenham,29,2025-03-16,Fulham,A,0,2,L,0,34,12,55,43,288,https://www.football-data.co.uk/mmz4281/2425/E0.csv,2026-05-25
2024-25,Tottenham,30,2025-04-03,Chelsea,A,0,1,L,0,34,11,55,44,299,https://www.football-data.co.uk/mmz4281/2425/E0.csv,2026-05-25
2024-25,Tottenham,31,2025-04-06,Southampton,H,3,1,W,3,37,13,58,45,307,https://www.football-data.co.uk/mmz4281/2425/E0.csv,2026-05-25
2024-25,Tottenham,32,2025-04-13,Wolves,A,2,4,L,0,37,11,60,49,317,https://www.football-data.co.uk/mmz4281/2425/E0.csv,2026-05-25
2024-25,Tottenham,33,2025-04-21,Nott'm Forest,H,1,2,L,0,37,10,61,51,330,https://www.football-data.co.uk/mmz4281/2425/E0.csv,2026-05-25
2024-25,Tottenham,34,2025-04-27,Liverpool,A,1,5,L,0,37,6,62,56,339,https://www.football-data.co.uk/mmz4281/2425/E0.csv,2026-05-25
2024-25,Tottenham,35,2025-05-04,West Ham,A,1,1,D,1,38,6,63,57,348,https://www.football-data.co.uk/mmz4281/2425/E0.csv,2026-05-25
2024-25,Tottenham,36,2025-05-11,Crystal Palace,H,0,2,L,0,38,4,63,59,359,https://www.football-data.co.uk/mmz4281/2425/E0.csv,2026-05-25
2024-25,Tottenham,37,2025-05-16,Aston Villa,A,0,2,L,0,38,2,63,61,361,https://www.football-data.co.uk/mmz4281/2425/E0.csv,2026-05-25
2024-25,Tottenham,38,2025-05-25,Brighton,H,1,4,L,0,38,-1,64,65,379,https://www.football-data.co.uk/mmz4281/2425/E0.csv,2026-05-25
2024-25,West Ham,1,2024-08-17,Aston Villa,H,1,2,L,0,0,-1,1,2,7,https://www.football-data.co.uk/mmz4281/2425/E0.csv,2026-05-25
2024-25,West Ham,2,2024-08-24,Crystal Palace,A,2,0,W,3,3,1,3,2,12,https://www.football-data.co.uk/mmz4281/2425/E0.csv,2026-05-25
2024-25,West Ham,3,2024-08-31,Man City,H,1,3,L,0,3,-1,4,5,27,https://www.football-data.co.uk/mmz4281/2425/E0.csv,2026-05-25
2024-25,West Ham,4,2024-09-14,Fulham,A,1,1,D,1,4,-1,5,6,34,https://www.football-data.co.uk/mmz4281/2425/E0.csv,2026-05-25
2024-25,West Ham,5,2024-09-21,Chelsea,H,0,3,L,0,4,-4,5,9,41,https://www.football-data.co.uk/mmz4281/2425/E0.csv,2026-05-25
2024-25,West Ham,6,2024-09-28,Brentford,A,1,1,D,1,5,-4,6,10,53,https://www.football-data.co.uk/mmz4281/2425/E0.csv,2026-05-25
2024-25,West Ham,7,2024-10-05,Ipswich,H,4,1,W,3,8,-1,10,11,66,https://www.football-data.co.uk/mmz4281/2425/E0.csv,2026-05-25
2024-25,West Ham,8,2024-10-19,Tottenham,A,1,4,L,0,8,-4,11,15,71,https://www.football-data.co.uk/mmz4281/2425/E0.csv,2026-05-25
2024-25,West Ham,9,2024-10-27,Man United,H,2,1,W,3,11,-3,13,16,89,https://www.football-data.co.uk/mmz4281/2425/E0.csv,2026-05-25
2024-25,West Ham,10,2024-11-02,Nott'm Forest,A,0,3,L,0,11,-6,13,19,95,https://www.football-data.co.uk/mmz4281/2425/E0.csv,2026-05-25
2024-25,West Ham,11,2024-11-09,Everton,H,0,0,D,1,12,-6,13,19,103,https://www.football-data.co.uk/mmz4281/2425/E0.csv,2026-05-25
2024-25,West Ham,12,2024-11-25,Newcastle,A,2,0,W,3,15,-4,15,19,120,https://www.football-data.co.uk/mmz4281/2425/E0.csv,2026-05-25
2024-25,West Ham,13,2024-11-30,Arsenal,H,2,5,L,0,15,-7,17,24,126,https://www.football-data.co.uk/mmz4281/2425/E0.csv,2026-05-25
2024-25,West Ham,14,2024-12-03,Leicester,A,1,3,L,0,15,-9,18,27,132,https://www.football-data.co.uk/mmz4281/2425/E0.csv,2026-05-25
2024-25,West Ham,15,2024-12-09,Wolves,H,2,1,W,3,18,-8,20,28,149,https://www.football-data.co.uk/mmz4281/2425/E0.csv,2026-05-25
2024-25,West Ham,16,2024-12-16,Bournemouth,A,1,1,D,1,19,-8,21,29,159,https://www.football-data.co.uk/mmz4281/2425/E0.csv,2026-05-25
2024-25,West Ham,17,2024-12-21,Brighton,H,1,1,D,1,20,-8,22,30,163,https://www.football-data.co.uk/mmz4281/2425/E0.csv,2026-05-25
2024-25,West Ham,18,2024-12-26,Southampton,A,1,0,W,3,23,-7,23,30,175,https://www.football-data.co.uk/mmz4281/2425/E0.csv,2026-05-25
2024-25,West Ham,19,2024-12-29,Liverpool,H,0,5,L,0,23,-12,23,35,185,https://www.football-data.co.uk/mmz4281/2425/E0.csv,2026-05-25
2024-25,West Ham,20,2025-01-04,Man City,A,1,4,L,0,23,-15,24,39,194,https://www.football-data.co.uk/mmz4281/2425/E0.csv,2026-05-25
2024-25,West Ham,21,2025-01-14,Fulham,H,3,2,W,3,26,-14,27,41,202,https://www.football-data.co.uk/mmz4281/2425/E0.csv,2026-05-25
2024-25,West Ham,22,2025-01-18,Crystal Palace,H,0,2,L,0,26,-16,27,43,213,https://www.football-data.co.uk/mmz4281/2425/E0.csv,2026-05-25
2024-25,West Ham,23,2025-01-26,Aston Villa,A,1,1,D,1,27,-16,28,44,228,https://www.football-data.co.uk/mmz4281/2425/E0.csv,2026-05-25
2024-25,West Ham,24,2025-02-03,Chelsea,A,1,2,L,0,27,-17,29,46,239,https://www.football-data.co.uk/mmz4281/2425/E0.csv,2026-05-25
2024-25,West Ham,25,2025-02-15,Brentford,H,0,1,L,0,27,-18,29,47,247,https://www.football-data.co.uk/mmz4281/2425/E0.csv,2026-05-25
2024-25,West Ham,26,2025-02-22,Arsenal,A,1,0,W,3,30,-17,30,47,254,https://www.football-data.co.uk/mmz4281/2425/E0.csv,2026-05-25
2024-25,West Ham,27,2025-02-27,Leicester,H,2,0,W,3,33,-15,32,47,271,https://www.football-data.co.uk/mmz4281/2425/E0.csv,2026-05-25
2024-25,West Ham,28,2025-03-10,Newcastle,H,0,1,L,0,33,-16,32,48,281,https://www.football-data.co.uk/mmz4281/2425/E0.csv,2026-05-25
2024-25,West Ham,29,2025-03-15,Everton,A,1,1,D,1,34,-16,33,49,282,https://www.football-data.co.uk/mmz4281/2425/E0.csv,2026-05-25
2024-25,West Ham,30,2025-04-01,Wolves,A,0,1,L,0,34,-17,33,50,291,https://www.football-data.co.uk/mmz4281/2425/E0.csv,2026-05-25
2024-25,West Ham,31,2025-04-05,Bournemouth,H,2,2,D,1,35,-17,35,52,303,https://www.football-data.co.uk/mmz4281/2425/E0.csv,2026-05-25
2024-25,West Ham,32,2025-04-13,Liverpool,A,1,2,L,0,35,-18,36,54,316,https://www.football-data.co.uk/mmz4281/2425/E0.csv,2026-05-25
2024-25,West Ham,33,2025-04-19,Southampton,H,1,1,D,1,36,-18,37,55,324,https://www.football-data.co.uk/mmz4281/2425/E0.csv,2026-05-25
2024-25,West Ham,34,2025-04-26,Brighton,A,2,3,L,0,36,-19,39,58,334,https://www.football-data.co.uk/mmz4281/2425/E0.csv,2026-05-25
2024-25,West Ham,35,2025-05-04,Tottenham,H,1,1,D,1,37,-19,40,59,348,https://www.football-data.co.uk/mmz4281/2425/E0.csv,2026-05-25
2024-25,West Ham,36,2025-05-11,Man United,A,2,0,W,3,40,-17,42,59,357,https://www.football-data.co.uk/mmz4281/2425/E0.csv,2026-05-25
2024-25,West Ham,37,2025-05-18,Nott'm Forest,H,1,2,L,0,40,-18,43,61,364,https://www.football-data.co.uk/mmz4281/2425/E0.csv,2026-05-25
2024-25,West Ham,38,2025-05-25,Ipswich,A,3,1,W,3,43,-16,46,62,373,https://www.football-data.co.uk/mmz4281/2425/E0.csv,2026-05-25
2024-25,Wolves,1,2024-08-17,Arsenal,A,0,2,L,0,0,-2,0,2,3,https://www.football-data.co.uk/mmz4281/2425/E0.csv,2026-05-25
2024-25,Wolves,2,2024-08-25,Chelsea,H,2,6,L,0,0,-6,2,8,19,https://www.football-data.co.uk/mmz4281/2425/E0.csv,2026-05-25
2024-25,Wolves,3,2024-08-31,Nott'm Forest,A,1,1,D,1,1,-6,3,9,26,https://www.football-data.co.uk/mmz4281/2425/E0.csv,2026-05-25
2024-25,Wolves,4,2024-09-15,Newcastle,H,1,2,L,0,1,-7,4,11,40,https://www.football-data.co.uk/mmz4281/2425/E0.csv,2026-05-25
2024-25,Wolves,5,2024-09-21,Aston Villa,A,1,3,L,0,1,-9,5,14,42,https://www.football-data.co.uk/mmz4281/2425/E0.csv,2026-05-25
2024-25,Wolves,6,2024-09-28,Liverpool,H,1,2,L,0,1,-10,6,16,57,https://www.football-data.co.uk/mmz4281/2425/E0.csv,2026-05-25
2024-25,Wolves,7,2024-10-05,Brentford,A,3,5,L,0,1,-12,9,21,63,https://www.football-data.co.uk/mmz4281/2425/E0.csv,2026-05-25
2024-25,Wolves,8,2024-10-20,Man City,H,1,2,L,0,1,-13,10,23,78,https://www.football-data.co.uk/mmz4281/2425/E0.csv,2026-05-25
2024-25,Wolves,9,2024-10-26,Brighton,A,2,2,D,1,2,-13,12,25,84,https://www.football-data.co.uk/mmz4281/2425/E0.csv,2026-05-25
2024-25,Wolves,10,2024-11-02,Crystal Palace,H,2,2,D,1,3,-13,14,27,97,https://www.football-data.co.uk/mmz4281/2425/E0.csv,2026-05-25
2024-25,Wolves,11,2024-11-09,Southampton,H,2,0,W,3,6,-11,16,27,104,https://www.football-data.co.uk/mmz4281/2425/E0.csv,2026-05-25
2024-25,Wolves,12,2024-11-23,Fulham,A,4,1,W,3,9,-8,20,28,116,https://www.football-data.co.uk/mmz4281/2425/E0.csv,2026-05-25
2024-25,Wolves,13,2024-11-30,Bournemouth,H,2,4,L,0,9,-10,22,32,125,https://www.football-data.co.uk/mmz4281/2425/E0.csv,2026-05-25
2024-25,Wolves,14,2024-12-04,Everton,A,0,4,L,0,9,-14,22,36,133,https://www.football-data.co.uk/mmz4281/2425/E0.csv,2026-05-25
2024-25,Wolves,15,2024-12-09,West Ham,A,1,2,L,0,9,-15,23,38,149,https://www.football-data.co.uk/mmz4281/2425/E0.csv,2026-05-25
2024-25,Wolves,16,2024-12-14,Ipswich,H,1,2,L,0,9,-16,24,40,153,https://www.football-data.co.uk/mmz4281/2425/E0.csv,2026-05-25
2024-25,Wolves,17,2024-12-22,Leicester,A,3,0,W,3,12,-13,27,40,167,https://www.football-data.co.uk/mmz4281/2425/E0.csv,2026-05-25
2024-25,Wolves,18,2024-12-26,Man United,H,2,0,W,3,15,-11,29,40,176,https://www.football-data.co.uk/mmz4281/2425/E0.csv,2026-05-25
2024-25,Wolves,19,2024-12-29,Tottenham,A,2,2,D,1,16,-11,31,42,184,https://www.football-data.co.uk/mmz4281/2425/E0.csv,2026-05-25
2024-25,Wolves,20,2025-01-06,Nott'm Forest,H,0,3,L,0,16,-14,31,45,199,https://www.football-data.co.uk/mmz4281/2425/E0.csv,2026-05-25
2024-25,Wolves,21,2025-01-15,Newcastle,A,0,3,L,0,16,-17,31,48,206,https://www.football-data.co.uk/mmz4281/2425/E0.csv,2026-05-25
2024-25,Wolves,22,2025-01-20,Chelsea,A,1,3,L,0,16,-19,32,51,219,https://www.football-data.co.uk/mmz4281/2425/E0.csv,2026-05-25
2024-25,Wolves,23,2025-01-25,Arsenal,H,0,1,L,0,16,-20,32,52,224,https://www.football-data.co.uk/mmz4281/2425/E0.csv,2026-05-25
2024-25,Wolves,24,2025-02-01,Aston Villa,H,2,0,W,3,19,-18,34,52,235,https://www.football-data.co.uk/mmz4281/2425/E0.csv,2026-05-25
2024-25,Wolves,25,2025-02-16,Liverpool,A,1,2,L,0,19,-19,35,54,249,https://www.football-data.co.uk/mmz4281/2425/E0.csv,2026-05-25
2024-25,Wolves,26,2025-02-22,Bournemouth,A,1,0,W,3,22,-18,36,54,255,https://www.football-data.co.uk/mmz4281/2425/E0.csv,2026-05-25
2024-25,Wolves,27,2025-02-25,Fulham,H,1,2,L,0,22,-19,37,56,264,https://www.football-data.co.uk/mmz4281/2425/E0.csv,2026-05-25
2024-25,Wolves,28,2025-03-08,Everton,H,1,1,D,1,23,-19,38,57,277,https://www.football-data.co.uk/mmz4281/2425/E0.csv,2026-05-25
2024-25,Wolves,29,2025-03-15,Southampton,A,2,1,W,3,26,-18,40,58,285,https://www.football-data.co.uk/mmz4281/2425/E0.csv,2026-05-25
2024-25,Wolves,30,2025-04-01,West Ham,H,1,0,W,3,29,-17,41,58,291,https://www.football-data.co.uk/mmz4281/2425/E0.csv,2026-05-25
2024-25,Wolves,31,2025-04-05,Ipswich,A,2,1,W,3,32,-16,43,59,302,https://www.football-data.co.uk/mmz4281/2425/E0.csv,2026-05-25
2024-25,Wolves,32,2025-04-13,Tottenham,H,4,2,W,3,35,-14,47,61,317,https://www.football-data.co.uk/mmz4281/2425/E0.csv,2026-05-25
2024-25,Wolves,33,2025-04-20,Man United,A,1,0,W,3,38,-13,48,61,328,https://www.football-data.co.uk/mmz4281/2425/E0.csv,2026-05-25
2024-25,Wolves,34,2025-04-26,Leicester,H,3,0,W,3,41,-10,51,61,337,https://www.football-data.co.uk/mmz4281/2425/E0.csv,2026-05-25
2024-25,Wolves,35,2025-05-02,Man City,A,0,1,L,0,41,-11,51,62,341,https://www.football-data.co.uk/mmz4281/2425/E0.csv,2026-05-25
2024-25,Wolves,36,2025-05-10,Brighton,H,0,2,L,0,41,-13,51,64,354,https://www.football-data.co.uk/mmz4281/2425/E0.csv,2026-05-25
2024-25,Wolves,37,2025-05-20,Crystal Palace,A,2,4,L,0,41,-15,53,68,369,https://www.football-data.co.uk/mmz4281/2425/E0.csv,2026-05-25
2024-25,Wolves,38,2025-05-25,Brentford,H,1,1,D,1,42,-15,54,69,380,https://www.football-data.co.uk/mmz4281/2425/E0.csv,2026-05-25
2025-26,Arsenal,1,2025-08-17,Man United,A,1,0,W,3,3,1,1,0,9,https://www.football-data.co.uk/mmz4281/2526/E0.csv,2026-05-25
2025-26,Arsenal,2,2025-08-23,Leeds,H,5,0,W,3,6,6,6,0,16,https://www.football-data.co.uk/mmz4281/2526/E0.csv,2026-05-25
2025-26,Arsenal,3,2025-08-31,Liverpool,A,0,1,L,0,6,5,6,1,29,https://www.football-data.co.uk/mmz4281/2526/E0.csv,2026-05-25
2025-26,Arsenal,4,2025-09-13,Nott'm Forest,H,3,0,W,3,9,8,9,1,31,https://www.football-data.co.uk/mmz4281/2526/E0.csv,2026-05-25
2025-26,Arsenal,5,2025-09-21,Man City,H,1,1,D,1,10,8,10,2,50,https://www.football-data.co.uk/mmz4281/2526/E0.csv,2026-05-25
2025-26,Arsenal,6,2025-09-28,Newcastle,A,2,1,W,3,13,9,12,3,59,https://www.football-data.co.uk/mmz4281/2526/E0.csv,2026-05-25
2025-26,Arsenal,7,2025-10-04,West Ham,H,2,0,W,3,16,11,14,3,63,https://www.football-data.co.uk/mmz4281/2526/E0.csv,2026-05-25
2025-26,Arsenal,8,2025-10-18,Fulham,A,1,0,W,3,19,12,15,3,77,https://www.football-data.co.uk/mmz4281/2526/E0.csv,2026-05-25
2025-26,Arsenal,9,2025-10-26,Crystal Palace,H,1,0,W,3,22,13,16,3,86,https://www.football-data.co.uk/mmz4281/2526/E0.csv,2026-05-25
2025-26,Arsenal,10,2025-11-01,Burnley,A,2,0,W,3,25,15,18,3,92,https://www.football-data.co.uk/mmz4281/2526/E0.csv,2026-05-25
2025-26,Arsenal,11,2025-11-08,Sunderland,A,2,2,D,1,26,15,20,5,104,https://www.football-data.co.uk/mmz4281/2526/E0.csv,2026-05-25
2025-26,Arsenal,12,2025-11-23,Tottenham,H,4,1,W,3,29,18,24,6,119,https://www.football-data.co.uk/mmz4281/2526/E0.csv,2026-05-25
2025-26,Arsenal,13,2025-11-30,Chelsea,A,1,1,D,1,30,18,25,7,130,https://www.football-data.co.uk/mmz4281/2526/E0.csv,2026-05-25
2025-26,Arsenal,14,2025-12-03,Brentford,H,2,0,W,3,33,20,27,7,134,https://www.football-data.co.uk/mmz4281/2526/E0.csv,2026-05-25
2025-26,Arsenal,15,2025-12-06,Aston Villa,A,1,2,L,0,33,19,28,9,141,https://www.football-data.co.uk/mmz4281/2526/E0.csv,2026-05-25
2025-26,Arsenal,16,2025-12-13,Wolves,H,2,1,W,3,36,20,30,10,154,https://www.football-data.co.uk/mmz4281/2526/E0.csv,2026-05-25
2025-26,Arsenal,17,2025-12-20,Everton,A,1,0,W,3,39,21,31,10,167,https://www.football-data.co.uk/mmz4281/2526/E0.csv,2026-05-25
2025-26,Arsenal,18,2025-12-27,Brighton,H,2,1,W,3,42,22,33,11,173,https://www.football-data.co.uk/mmz4281/2526/E0.csv,2026-05-25
2025-26,Arsenal,19,2025-12-30,Aston Villa,H,4,1,W,3,45,25,37,12,185,https://www.football-data.co.uk/mmz4281/2526/E0.csv,2026-05-25
2025-26,Arsenal,20,2026-01-03,Bournemouth,A,3,2,W,3,48,26,40,14,194,https://www.football-data.co.uk/mmz4281/2526/E0.csv,2026-05-25
2025-26,Arsenal,21,2026-01-08,Liverpool,H,0,0,D,1,49,26,40,14,210,https://www.football-data.co.uk/mmz4281/2526/E0.csv,2026-05-25
2025-26,Arsenal,22,2026-01-17,Nott'm Forest,A,0,0,D,1,50,26,40,14,217,https://www.football-data.co.uk/mmz4281/2526/E0.csv,2026-05-25
2025-26,Arsenal,23,2026-01-25,Man United,H,2,3,L,0,50,25,42,17,229,https://www.football-data.co.uk/mmz4281/2526/E0.csv,2026-05-25
2025-26,Arsenal,24,2026-01-31,Leeds,A,4,0,W,3,53,29,46,17,232,https://www.football-data.co.uk/mmz4281/2526/E0.csv,2026-05-25
2025-26,Arsenal,25,2026-02-07,Sunderland,H,3,0,W,3,56,32,49,17,243,https://www.football-data.co.uk/mmz4281/2526/E0.csv,2026-05-25
2025-26,Arsenal,26,2026-02-12,Brentford,A,1,1,D,1,57,32,50,18,260,https://www.football-data.co.uk/mmz4281/2526/E0.csv,2026-05-25
2025-26,Arsenal,27,2026-02-18,Wolves,A,2,2,D,1,58,32,52,20,261,https://www.football-data.co.uk/mmz4281/2526/E0.csv,2026-05-25
2025-26,Arsenal,28,2026-02-22,Tottenham,A,4,1,W,3,61,35,56,21,270,https://www.football-data.co.uk/mmz4281/2526/E0.csv,2026-05-25
2025-26,Arsenal,29,2026-03-01,Chelsea,H,2,1,W,3,64,36,58,22,281,https://www.football-data.co.uk/mmz4281/2526/E0.csv,2026-05-25
2025-26,Arsenal,30,2026-03-04,Brighton,A,1,0,W,3,67,37,59,22,287,https://www.football-data.co.uk/mmz4281/2526/E0.csv,2026-05-25
2025-26,Arsenal,31,2026-03-14,Everton,H,2,0,W,3,70,39,61,22,294,https://www.football-data.co.uk/mmz4281/2526/E0.csv,2026-05-25
2025-26,Arsenal,32,2026-04-11,Bournemouth,H,1,2,L,0,70,38,62,24,311,https://www.football-data.co.uk/mmz4281/2526/E0.csv,2026-05-25
2025-26,Arsenal,33,2026-04-19,Man City,A,1,2,L,0,70,37,63,26,328,https://www.football-data.co.uk/mmz4281/2526/E0.csv,2026-05-25
2025-26,Arsenal,34,2026-04-25,Newcastle,H,1,0,W,3,73,38,64,26,338,https://www.football-data.co.uk/mmz4281/2526/E0.csv,2026-05-25
2025-26,Arsenal,35,2026-05-02,Fulham,H,3,0,W,3,76,41,67,26,344,https://www.football-data.co.uk/mmz4281/2526/E0.csv,2026-05-25
2025-26,Arsenal,36,2026-05-10,West Ham,A,1,0,W,3,79,42,68,26,358,https://www.football-data.co.uk/mmz4281/2526/E0.csv,2026-05-25
2025-26,Arsenal,37,2026-05-18,Burnley,H,1,0,W,3,82,43,69,26,368,https://www.football-data.co.uk/mmz4281/2526/E0.csv,2026-05-25
2025-26,Arsenal,38,2026-05-24,Crystal Palace,A,2,1,W,3,85,44,71,27,373,https://www.football-data.co.uk/mmz4281/2526/E0.csv,2026-05-25
2025-26,Aston Villa,1,2025-08-16,Newcastle,H,0,0,D,1,1,0,0,0,2,https://www.football-data.co.uk/mmz4281/2526/E0.csv,2026-05-25
2025-26,Aston Villa,2,2025-08-23,Brentford,A,0,1,L,0,1,-1,0,1,14,https://www.football-data.co.uk/mmz4281/2526/E0.csv,2026-05-25
2025-26,Aston Villa,3,2025-08-31,Crystal Palace,H,0,3,L,0,1,-4,0,4,30,https://www.football-data.co.uk/mmz4281/2526/E0.csv,2026-05-25
2025-26,Aston Villa,4,2025-09-13,Everton,A,0,0,D,1,2,-4,0,4,34,https://www.football-data.co.uk/mmz4281/2526/E0.csv,2026-05-25
2025-26,Aston Villa,5,2025-09-21,Sunderland,A,1,1,D,1,3,-4,1,5,49,https://www.football-data.co.uk/mmz4281/2526/E0.csv,2026-05-25
2025-26,Aston Villa,6,2025-09-28,Fulham,H,3,1,W,3,6,-2,4,6,58,https://www.football-data.co.uk/mmz4281/2526/E0.csv,2026-05-25
2025-26,Aston Villa,7,2025-10-05,Burnley,H,2,1,W,3,9,-1,6,7,66,https://www.football-data.co.uk/mmz4281/2526/E0.csv,2026-05-25
2025-26,Aston Villa,8,2025-10-19,Tottenham,A,2,1,W,3,12,0,8,8,78,https://www.football-data.co.uk/mmz4281/2526/E0.csv,2026-05-25
2025-26,Aston Villa,9,2025-10-26,Man City,H,1,0,W,3,15,1,9,8,87,https://www.football-data.co.uk/mmz4281/2526/E0.csv,2026-05-25
2025-26,Aston Villa,10,2025-11-01,Liverpool,A,0,2,L,0,15,-1,9,10,97,https://www.football-data.co.uk/mmz4281/2526/E0.csv,2026-05-25
2025-26,Aston Villa,11,2025-11-09,Bournemouth,H,4,0,W,3,18,3,13,10,106,https://www.football-data.co.uk/mmz4281/2526/E0.csv,2026-05-25
2025-26,Aston Villa,12,2025-11-23,Leeds,A,2,1,W,3,21,4,15,11,118,https://www.football-data.co.uk/mmz4281/2526/E0.csv,2026-05-25
2025-26,Aston Villa,13,2025-11-30,Wolves,H,1,0,W,3,24,5,16,11,127,https://www.football-data.co.uk/mmz4281/2526/E0.csv,2026-05-25
2025-26,Aston Villa,14,2025-12-03,Brighton,A,4,3,W,3,27,6,20,14,135,https://www.football-data.co.uk/mmz4281/2526/E0.csv,2026-05-25
2025-26,Aston Villa,15,2025-12-06,Arsenal,H,2,1,W,3,30,7,22,15,141,https://www.football-data.co.uk/mmz4281/2526/E0.csv,2026-05-25
2025-26,Aston Villa,16,2025-12-14,West Ham,A,3,2,W,3,33,8,25,17,158,https://www.football-data.co.uk/mmz4281/2526/E0.csv,2026-05-25
2025-26,Aston Villa,17,2025-12-21,Man United,H,2,1,W,3,36,9,27,18,169,https://www.football-data.co.uk/mmz4281/2526/E0.csv,2026-05-25
2025-26,Aston Villa,18,2025-12-27,Chelsea,A,2,1,W,3,39,10,29,19,178,https://www.football-data.co.uk/mmz4281/2526/E0.csv,2026-05-25
2025-26,Aston Villa,19,2025-12-30,Arsenal,A,1,4,L,0,39,7,30,23,185,https://www.football-data.co.uk/mmz4281/2526/E0.csv,2026-05-25
2025-26,Aston Villa,20,2026-01-03,Nott'm Forest,H,3,1,W,3,42,9,33,24,191,https://www.football-data.co.uk/mmz4281/2526/E0.csv,2026-05-25
2025-26,Aston Villa,21,2026-01-07,Crystal Palace,A,0,0,D,1,43,9,33,24,204,https://www.football-data.co.uk/mmz4281/2526/E0.csv,2026-05-25
2025-26,Aston Villa,22,2026-01-18,Everton,H,0,1,L,0,43,8,33,25,219,https://www.football-data.co.uk/mmz4281/2526/E0.csv,2026-05-25
2025-26,Aston Villa,23,2026-01-25,Newcastle,A,2,0,W,3,46,10,35,25,228,https://www.football-data.co.uk/mmz4281/2526/E0.csv,2026-05-25
2025-26,Aston Villa,24,2026-02-01,Brentford,H,0,1,L,0,46,9,35,26,236,https://www.football-data.co.uk/mmz4281/2526/E0.csv,2026-05-25
2025-26,Aston Villa,25,2026-02-07,Bournemouth,A,1,1,D,1,47,9,36,27,244,https://www.football-data.co.uk/mmz4281/2526/E0.csv,2026-05-25
2025-26,Aston Villa,26,2026-02-11,Brighton,H,1,0,W,3,50,10,37,27,255,https://www.football-data.co.uk/mmz4281/2526/E0.csv,2026-05-25
2025-26,Aston Villa,27,2026-02-21,Leeds,H,1,1,D,1,51,10,38,28,262,https://www.football-data.co.uk/mmz4281/2526/E0.csv,2026-05-25
2025-26,Aston Villa,28,2026-02-27,Wolves,A,0,2,L,0,51,8,38,30,272,https://www.football-data.co.uk/mmz4281/2526/E0.csv,2026-05-25
2025-26,Aston Villa,29,2026-03-04,Chelsea,H,1,4,L,0,51,5,39,34,286,https://www.football-data.co.uk/mmz4281/2526/E0.csv,2026-05-25
2025-26,Aston Villa,30,2026-03-15,Man United,A,1,3,L,0,51,3,40,37,298,https://www.football-data.co.uk/mmz4281/2526/E0.csv,2026-05-25
2025-26,Aston Villa,31,2026-03-22,West Ham,H,2,0,W,3,54,5,42,37,308,https://www.football-data.co.uk/mmz4281/2526/E0.csv,2026-05-25
2025-26,Aston Villa,32,2026-04-12,Nott'm Forest,A,1,1,D,1,55,5,43,38,316,https://www.football-data.co.uk/mmz4281/2526/E0.csv,2026-05-25
2025-26,Aston Villa,33,2026-04-19,Sunderland,H,4,3,W,3,58,6,47,41,325,https://www.football-data.co.uk/mmz4281/2526/E0.csv,2026-05-25
2025-26,Aston Villa,34,2026-04-25,Fulham,A,0,1,L,0,58,5,47,42,334,https://www.football-data.co.uk/mmz4281/2526/E0.csv,2026-05-25
2025-26,Aston Villa,35,2026-05-03,Tottenham,H,1,2,L,0,58,4,48,44,347,https://www.football-data.co.uk/mmz4281/2526/E0.csv,2026-05-25
2025-26,Aston Villa,36,2026-05-10,Burnley,A,2,2,D,1,59,4,50,46,355,https://www.football-data.co.uk/mmz4281/2526/E0.csv,2026-05-25
2025-26,Aston Villa,37,2026-05-15,Liverpool,H,4,2,W,3,62,6,54,48,361,https://www.football-data.co.uk/mmz4281/2526/E0.csv,2026-05-25
2025-26,Aston Villa,38,2026-05-24,Man City,A,2,1,W,3,65,7,56,49,376,https://www.football-data.co.uk/mmz4281/2526/E0.csv,2026-05-25
2025-26,Bournemouth,1,2025-08-15,Liverpool,A,2,4,L,0,0,-2,2,4,1,https://www.football-data.co.uk/mmz4281/2526/E0.csv,2026-05-25
2025-26,Bournemouth,2,2025-08-23,Wolves,H,1,0,W,3,3,-1,3,4,13,https://www.football-data.co.uk/mmz4281/2526/E0.csv,2026-05-25
2025-26,Bournemouth,3,2025-08-30,Tottenham,A,1,0,W,3,6,0,4,4,24,https://www.football-data.co.uk/mmz4281/2526/E0.csv,2026-05-25
2025-26,Bournemouth,4,2025-09-13,Brighton,H,2,1,W,3,9,1,6,5,32,https://www.football-data.co.uk/mmz4281/2526/E0.csv,2026-05-25
2025-26,Bournemouth,5,2025-09-21,Newcastle,H,0,0,D,1,10,1,6,5,48,https://www.football-data.co.uk/mmz4281/2526/E0.csv,2026-05-25
2025-26,Bournemouth,6,2025-09-27,Leeds,A,2,2,D,1,11,1,8,7,54,https://www.football-data.co.uk/mmz4281/2526/E0.csv,2026-05-25
2025-26,Bournemouth,7,2025-10-03,Fulham,H,3,1,W,3,14,3,11,8,61,https://www.football-data.co.uk/mmz4281/2526/E0.csv,2026-05-25
2025-26,Bournemouth,8,2025-10-18,Crystal Palace,A,3,3,D,1,15,3,14,11,74,https://www.football-data.co.uk/mmz4281/2526/E0.csv,2026-05-25
2025-26,Bournemouth,9,2025-10-26,Nott'm Forest,H,2,0,W,3,18,5,16,11,88,https://www.football-data.co.uk/mmz4281/2526/E0.csv,2026-05-25
2025-26,Bournemouth,10,2025-11-02,Man City,A,1,3,L,0,18,3,17,14,99,https://www.football-data.co.uk/mmz4281/2526/E0.csv,2026-05-25
2025-26,Bournemouth,11,2025-11-09,Aston Villa,A,0,4,L,0,18,-1,17,18,106,https://www.football-data.co.uk/mmz4281/2526/E0.csv,2026-05-25
2025-26,Bournemouth,12,2025-11-22,West Ham,H,2,2,D,1,19,-1,19,20,112,https://www.football-data.co.uk/mmz4281/2526/E0.csv,2026-05-25
2025-26,Bournemouth,13,2025-11-29,Sunderland,A,2,3,L,0,19,-2,21,23,123,https://www.football-data.co.uk/mmz4281/2526/E0.csv,2026-05-25
2025-26,Bournemouth,14,2025-12-02,Everton,H,0,1,L,0,19,-3,21,24,131,https://www.football-data.co.uk/mmz4281/2526/E0.csv,2026-05-25
2025-26,Bournemouth,15,2025-12-06,Chelsea,H,0,0,D,1,20,-3,21,24,142,https://www.football-data.co.uk/mmz4281/2526/E0.csv,2026-05-25
2025-26,Bournemouth,16,2025-12-15,Man United,A,4,4,D,1,21,-3,25,28,160,https://www.football-data.co.uk/mmz4281/2526/E0.csv,2026-05-25
2025-26,Bournemouth,17,2025-12-20,Burnley,H,1,1,D,1,22,-3,26,29,162,https://www.football-data.co.uk/mmz4281/2526/E0.csv,2026-05-25
2025-26,Bournemouth,18,2025-12-27,Brentford,A,1,4,L,0,22,-6,27,33,174,https://www.football-data.co.uk/mmz4281/2526/E0.csv,2026-05-25
2025-26,Bournemouth,19,2025-12-30,Chelsea,A,2,2,D,1,23,-6,29,35,182,https://www.football-data.co.uk/mmz4281/2526/E0.csv,2026-05-25
2025-26,Bournemouth,20,2026-01-03,Arsenal,H,2,3,L,0,23,-7,31,38,194,https://www.football-data.co.uk/mmz4281/2526/E0.csv,2026-05-25
2025-26,Bournemouth,21,2026-01-07,Tottenham,H,3,2,W,3,26,-6,34,40,202,https://www.football-data.co.uk/mmz4281/2526/E0.csv,2026-05-25
2025-26,Bournemouth,22,2026-01-19,Brighton,A,1,1,D,1,27,-6,35,41,220,https://www.football-data.co.uk/mmz4281/2526/E0.csv,2026-05-25
2025-26,Bournemouth,23,2026-01-24,Liverpool,H,3,2,W,3,30,-5,38,43,225,https://www.football-data.co.uk/mmz4281/2526/E0.csv,2026-05-25
2025-26,Bournemouth,24,2026-01-31,Wolves,A,2,0,W,3,33,-3,40,43,233,https://www.football-data.co.uk/mmz4281/2526/E0.csv,2026-05-25
2025-26,Bournemouth,25,2026-02-07,Aston Villa,H,1,1,D,1,34,-3,41,44,244,https://www.football-data.co.uk/mmz4281/2526/E0.csv,2026-05-25
2025-26,Bournemouth,26,2026-02-10,Everton,A,2,1,W,3,37,-2,43,45,252,https://www.football-data.co.uk/mmz4281/2526/E0.csv,2026-05-25
2025-26,Bournemouth,27,2026-02-21,West Ham,A,0,0,D,1,38,-2,43,45,265,https://www.football-data.co.uk/mmz4281/2526/E0.csv,2026-05-25
2025-26,Bournemouth,28,2026-02-28,Sunderland,H,1,1,D,1,39,-2,44,46,273,https://www.football-data.co.uk/mmz4281/2526/E0.csv,2026-05-25
2025-26,Bournemouth,29,2026-03-03,Brentford,H,0,0,D,1,40,-2,44,46,282,https://www.football-data.co.uk/mmz4281/2526/E0.csv,2026-05-25
2025-26,Bournemouth,30,2026-03-14,Burnley,A,0,0,D,1,41,-2,44,46,292,https://www.football-data.co.uk/mmz4281/2526/E0.csv,2026-05-25
2025-26,Bournemouth,31,2026-03-20,Man United,H,2,2,D,1,42,-2,46,48,302,https://www.football-data.co.uk/mmz4281/2526/E0.csv,2026-05-25
2025-26,Bournemouth,32,2026-04-11,Arsenal,A,2,1,W,3,45,-1,48,49,311,https://www.football-data.co.uk/mmz4281/2526/E0.csv,2026-05-25
2025-26,Bournemouth,33,2026-04-18,Newcastle,A,2,1,W,3,48,0,50,50,322,https://www.football-data.co.uk/mmz4281/2526/E0.csv,2026-05-25
2025-26,Bournemouth,34,2026-04-22,Leeds,H,2,2,D,1,49,0,52,52,331,https://www.football-data.co.uk/mmz4281/2526/E0.csv,2026-05-25
2025-26,Bournemouth,35,2026-05-03,Crystal Palace,H,3,0,W,3,52,3,55,52,345,https://www.football-data.co.uk/mmz4281/2526/E0.csv,2026-05-25
2025-26,Bournemouth,36,2026-05-09,Fulham,A,1,0,W,3,55,4,56,52,352,https://www.football-data.co.uk/mmz4281/2526/E0.csv,2026-05-25
2025-26,Bournemouth,37,2026-05-19,Man City,H,1,1,D,1,56,4,57,53,369,https://www.football-data.co.uk/mmz4281/2526/E0.csv,2026-05-25
2025-26,Bournemouth,38,2026-05-24,Nott'm Forest,A,1,1,D,1,57,4,58,54,377,https://www.football-data.co.uk/mmz4281/2526/E0.csv,2026-05-25
2025-26,Brentford,1,2025-08-17,Nott'm Forest,A,1,3,L,0,0,-2,1,3,8,https://www.football-data.co.uk/mmz4281/2526/E0.csv,2026-05-25
2025-26,Brentford,2,2025-08-23,Aston Villa,H,1,0,W,3,3,-1,2,3,14,https://www.football-data.co.uk/mmz4281/2526/E0.csv,2026-05-25
2025-26,Brentford,3,2025-08-30,Sunderland,A,1,2,L,0,3,-2,3,5,23,https://www.football-data.co.uk/mmz4281/2526/E0.csv,2026-05-25
2025-26,Brentford,4,2025-09-13,Chelsea,H,2,2,D,1,4,-2,5,7,38,https://www.football-data.co.uk/mmz4281/2526/E0.csv,2026-05-25
2025-26,Brentford,5,2025-09-20,Fulham,A,1,3,L,0,4,-4,6,10,47,https://www.football-data.co.uk/mmz4281/2526/E0.csv,2026-05-25
2025-26,Brentford,6,2025-09-27,Man United,H,3,1,W,3,7,-2,9,11,51,https://www.football-data.co.uk/mmz4281/2526/E0.csv,2026-05-25
2025-26,Brentford,7,2025-10-05,Man City,H,0,1,L,0,7,-3,9,12,70,https://www.football-data.co.uk/mmz4281/2526/E0.csv,2026-05-25
2025-26,Brentford,8,2025-10-20,West Ham,A,2,0,W,3,10,-1,11,12,80,https://www.football-data.co.uk/mmz4281/2526/E0.csv,2026-05-25
2025-26,Brentford,9,2025-10-25,Liverpool,H,3,2,W,3,13,0,14,14,85,https://www.football-data.co.uk/mmz4281/2526/E0.csv,2026-05-25
2025-26,Brentford,10,2025-11-01,Crystal Palace,A,0,2,L,0,13,-2,14,16,93,https://www.football-data.co.uk/mmz4281/2526/E0.csv,2026-05-25
2025-26,Brentford,11,2025-11-09,Newcastle,H,3,1,W,3,16,0,17,17,107,https://www.football-data.co.uk/mmz4281/2526/E0.csv,2026-05-25
2025-26,Brentford,12,2025-11-22,Brighton,A,1,2,L,0,16,-1,18,19,113,https://www.football-data.co.uk/mmz4281/2526/E0.csv,2026-05-25
2025-26,Brentford,13,2025-11-29,Burnley,H,3,1,W,3,19,1,21,20,121,https://www.football-data.co.uk/mmz4281/2526/E0.csv,2026-05-25
2025-26,Brentford,14,2025-12-03,Arsenal,A,0,2,L,0,19,-1,21,22,134,https://www.football-data.co.uk/mmz4281/2526/E0.csv,2026-05-25
2025-26,Brentford,15,2025-12-06,Tottenham,A,0,2,L,0,19,-3,21,24,146,https://www.football-data.co.uk/mmz4281/2526/E0.csv,2026-05-25
2025-26,Brentford,16,2025-12-14,Leeds,H,1,1,D,1,20,-3,22,25,159,https://www.football-data.co.uk/mmz4281/2526/E0.csv,2026-05-25
2025-26,Brentford,17,2025-12-20,Wolves,A,2,0,W,3,23,-1,24,25,165,https://www.football-data.co.uk/mmz4281/2526/E0.csv,2026-05-25
2025-26,Brentford,18,2025-12-27,Bournemouth,H,4,1,W,3,26,2,28,26,174,https://www.football-data.co.uk/mmz4281/2526/E0.csv,2026-05-25
2025-26,Brentford,19,2026-01-01,Tottenham,H,0,0,D,1,27,2,28,26,189,https://www.football-data.co.uk/mmz4281/2526/E0.csv,2026-05-25
2025-26,Brentford,20,2026-01-04,Everton,A,4,2,W,3,30,4,32,28,196,https://www.football-data.co.uk/mmz4281/2526/E0.csv,2026-05-25
2025-26,Brentford,21,2026-01-07,Sunderland,H,3,0,W,3,33,7,35,28,203,https://www.football-data.co.uk/mmz4281/2526/E0.csv,2026-05-25
2025-26,Brentford,22,2026-01-17,Chelsea,A,0,2,L,0,33,5,35,30,212,https://www.football-data.co.uk/mmz4281/2526/E0.csv,2026-05-25
2025-26,Brentford,23,2026-01-25,Nott'm Forest,H,0,2,L,0,33,3,35,32,226,https://www.football-data.co.uk/mmz4281/2526/E0.csv,2026-05-25
2025-26,Brentford,24,2026-02-01,Aston Villa,A,1,0,W,3,36,4,36,32,236,https://www.football-data.co.uk/mmz4281/2526/E0.csv,2026-05-25
2025-26,Brentford,25,2026-02-07,Newcastle,A,3,2,W,3,39,5,39,34,248,https://www.football-data.co.uk/mmz4281/2526/E0.csv,2026-05-25
2025-26,Brentford,26,2026-02-12,Arsenal,H,1,1,D,1,40,5,40,35,260,https://www.football-data.co.uk/mmz4281/2526/E0.csv,2026-05-25
2025-26,Brentford,27,2026-02-21,Brighton,H,0,2,L,0,40,3,40,37,263,https://www.football-data.co.uk/mmz4281/2526/E0.csv,2026-05-25
2025-26,Brentford,28,2026-02-28,Burnley,A,4,3,W,3,43,4,44,40,274,https://www.football-data.co.uk/mmz4281/2526/E0.csv,2026-05-25
2025-26,Brentford,29,2026-03-03,Bournemouth,A,0,0,D,1,44,4,44,40,282,https://www.football-data.co.uk/mmz4281/2526/E0.csv,2026-05-25
2025-26,Brentford,30,2026-03-16,Wolves,H,2,2,D,1,45,4,46,42,301,https://www.football-data.co.uk/mmz4281/2526/E0.csv,2026-05-25
2025-26,Brentford,31,2026-03-21,Leeds,A,0,0,D,1,46,4,46,42,306,https://www.football-data.co.uk/mmz4281/2526/E0.csv,2026-05-25
2025-26,Brentford,32,2026-04-11,Everton,H,2,2,D,1,47,4,48,44,312,https://www.football-data.co.uk/mmz4281/2526/E0.csv,2026-05-25
2025-26,Brentford,33,2026-04-18,Fulham,H,0,0,D,1,48,4,48,44,320,https://www.football-data.co.uk/mmz4281/2526/E0.csv,2026-05-25
2025-26,Brentford,34,2026-04-27,Man United,A,1,2,L,0,48,3,49,46,339,https://www.football-data.co.uk/mmz4281/2526/E0.csv,2026-05-25
2025-26,Brentford,35,2026-05-02,West Ham,H,3,0,W,3,51,6,52,46,341,https://www.football-data.co.uk/mmz4281/2526/E0.csv,2026-05-25
2025-26,Brentford,36,2026-05-09,Man City,A,0,3,L,0,51,3,52,49,354,https://www.football-data.co.uk/mmz4281/2526/E0.csv,2026-05-25
2025-26,Brentford,37,2026-05-17,Crystal Palace,H,2,2,D,1,52,3,54,51,363,https://www.football-data.co.uk/mmz4281/2526/E0.csv,2026-05-25
2025-26,Brentford,38,2026-05-24,Liverpool,A,1,1,D,1,53,3,55,52,375,https://www.football-data.co.uk/mmz4281/2526/E0.csv,2026-05-25
2025-26,Brighton,1,2025-08-16,Fulham,H,1,1,D,1,1,0,1,1,3,https://www.football-data.co.uk/mmz4281/2526/E0.csv,2026-05-25
2025-26,Brighton,2,2025-08-24,Everton,A,0,2,L,0,1,-2,1,3,18,https://www.football-data.co.uk/mmz4281/2526/E0.csv,2026-05-25
2025-26,Brighton,3,2025-08-31,Man City,H,2,1,W,3,4,-1,3,4,27,https://www.football-data.co.uk/mmz4281/2526/E0.csv,2026-05-25
2025-26,Brighton,4,2025-09-13,Bournemouth,A,1,2,L,0,4,-2,4,6,32,https://www.football-data.co.uk/mmz4281/2526/E0.csv,2026-05-25
2025-26,Brighton,5,2025-09-20,Tottenham,H,2,2,D,1,5,-2,6,8,42,https://www.football-data.co.uk/mmz4281/2526/E0.csv,2026-05-25
2025-26,Brighton,6,2025-09-27,Chelsea,A,3,1,W,3,8,0,9,9,52,https://www.football-data.co.uk/mmz4281/2526/E0.csv,2026-05-25
2025-26,Brighton,7,2025-10-05,Wolves,A,1,1,D,1,9,0,10,10,69,https://www.football-data.co.uk/mmz4281/2526/E0.csv,2026-05-25
2025-26,Brighton,8,2025-10-18,Newcastle,H,2,1,W,3,12,1,12,11,72,https://www.football-data.co.uk/mmz4281/2526/E0.csv,2026-05-25
2025-26,Brighton,9,2025-10-25,Man United,A,2,4,L,0,12,-1,14,15,84,https://www.football-data.co.uk/mmz4281/2526/E0.csv,2026-05-25
2025-26,Brighton,10,2025-11-01,Leeds,H,3,0,W,3,15,2,17,15,91,https://www.football-data.co.uk/mmz4281/2526/E0.csv,2026-05-25
2025-26,Brighton,11,2025-11-09,Crystal Palace,A,0,0,D,1,16,2,17,15,108,https://www.football-data.co.uk/mmz4281/2526/E0.csv,2026-05-25
2025-26,Brighton,12,2025-11-22,Brentford,H,2,1,W,3,19,3,19,16,113,https://www.football-data.co.uk/mmz4281/2526/E0.csv,2026-05-25
2025-26,Brighton,13,2025-11-30,Nott'm Forest,A,2,0,W,3,22,5,21,16,128,https://www.football-data.co.uk/mmz4281/2526/E0.csv,2026-05-25
2025-26,Brighton,14,2025-12-03,Aston Villa,H,3,4,L,0,22,4,24,20,135,https://www.football-data.co.uk/mmz4281/2526/E0.csv,2026-05-25
2025-26,Brighton,15,2025-12-07,West Ham,H,1,1,D,1,23,4,25,21,148,https://www.football-data.co.uk/mmz4281/2526/E0.csv,2026-05-25
2025-26,Brighton,16,2025-12-13,Liverpool,A,0,2,L,0,23,2,25,23,152,https://www.football-data.co.uk/mmz4281/2526/E0.csv,2026-05-25
2025-26,Brighton,17,2025-12-20,Sunderland,H,0,0,D,1,24,2,25,23,163,https://www.football-data.co.uk/mmz4281/2526/E0.csv,2026-05-25
2025-26,Brighton,18,2025-12-27,Arsenal,A,1,2,L,0,24,1,26,25,173,https://www.football-data.co.uk/mmz4281/2526/E0.csv,2026-05-25
2025-26,Brighton,19,2025-12-30,West Ham,A,2,2,D,1,25,1,28,27,184,https://www.football-data.co.uk/mmz4281/2526/E0.csv,2026-05-25
2025-26,Brighton,20,2026-01-03,Burnley,H,2,0,W,3,28,3,30,27,192,https://www.football-data.co.uk/mmz4281/2526/E0.csv,2026-05-25
2025-26,Brighton,21,2026-01-07,Man City,A,1,1,D,1,29,3,31,28,207,https://www.football-data.co.uk/mmz4281/2526/E0.csv,2026-05-25
2025-26,Brighton,22,2026-01-19,Bournemouth,H,1,1,D,1,30,3,32,29,220,https://www.football-data.co.uk/mmz4281/2526/E0.csv,2026-05-25
2025-26,Brighton,23,2026-01-24,Fulham,A,1,2,L,0,30,2,33,31,223,https://www.football-data.co.uk/mmz4281/2526/E0.csv,2026-05-25
2025-26,Brighton,24,2026-01-31,Everton,H,1,1,D,1,31,2,34,32,231,https://www.football-data.co.uk/mmz4281/2526/E0.csv,2026-05-25
2025-26,Brighton,25,2026-02-08,Crystal Palace,H,0,1,L,0,31,1,34,33,249,https://www.football-data.co.uk/mmz4281/2526/E0.csv,2026-05-25
2025-26,Brighton,26,2026-02-11,Aston Villa,A,0,1,L,0,31,0,34,34,255,https://www.football-data.co.uk/mmz4281/2526/E0.csv,2026-05-25
2025-26,Brighton,27,2026-02-21,Brentford,A,2,0,W,3,34,2,36,34,263,https://www.football-data.co.uk/mmz4281/2526/E0.csv,2026-05-25
2025-26,Brighton,28,2026-03-01,Nott'm Forest,H,2,1,W,3,37,3,38,35,278,https://www.football-data.co.uk/mmz4281/2526/E0.csv,2026-05-25
2025-26,Brighton,29,2026-03-04,Arsenal,H,0,1,L,0,37,2,38,36,287,https://www.football-data.co.uk/mmz4281/2526/E0.csv,2026-05-25
2025-26,Brighton,30,2026-03-14,Sunderland,A,1,0,W,3,40,3,39,36,293,https://www.football-data.co.uk/mmz4281/2526/E0.csv,2026-05-25
2025-26,Brighton,31,2026-03-21,Liverpool,H,2,1,W,3,43,4,41,37,303,https://www.football-data.co.uk/mmz4281/2526/E0.csv,2026-05-25
2025-26,Brighton,32,2026-04-11,Burnley,A,2,0,W,3,46,6,43,37,313,https://www.football-data.co.uk/mmz4281/2526/E0.csv,2026-05-25
2025-26,Brighton,33,2026-04-18,Tottenham,A,2,2,D,1,47,6,45,39,323,https://www.football-data.co.uk/mmz4281/2526/E0.csv,2026-05-25
2025-26,Brighton,34,2026-04-21,Chelsea,H,3,0,W,3,50,9,48,39,330,https://www.football-data.co.uk/mmz4281/2526/E0.csv,2026-05-25
2025-26,Brighton,35,2026-05-02,Newcastle,A,1,3,L,0,50,7,49,42,342,https://www.football-data.co.uk/mmz4281/2526/E0.csv,2026-05-25
2025-26,Brighton,36,2026-05-09,Wolves,H,3,0,W,3,53,10,52,42,351,https://www.football-data.co.uk/mmz4281/2526/E0.csv,2026-05-25
2025-26,Brighton,37,2026-05-17,Leeds,A,0,1,L,0,53,9,52,43,365,https://www.football-data.co.uk/mmz4281/2526/E0.csv,2026-05-25
2025-26,Brighton,38,2026-05-24,Man United,H,0,3,L,0,53,6,52,46,371,https://www.football-data.co.uk/mmz4281/2526/E0.csv,2026-05-25
2025-26,Burnley,1,2025-08-16,Tottenham,A,0,3,L,0,0,-3,0,3,5,https://www.football-data.co.uk/mmz4281/2526/E0.csv,2026-05-25
2025-26,Burnley,2,2025-08-23,Sunderland,H,2,0,W,3,3,-1,2,3,15,https://www.football-data.co.uk/mmz4281/2526/E0.csv,2026-05-25
2025-26,Burnley,3,2025-08-30,Man United,A,2,3,L,0,3,-2,4,6,22,https://www.football-data.co.uk/mmz4281/2526/E0.csv,2026-05-25
2025-26,Burnley,4,2025-09-14,Liverpool,H,0,1,L,0,3,-3,4,7,39,https://www.football-data.co.uk/mmz4281/2526/E0.csv,2026-05-25
2025-26,Burnley,5,2025-09-20,Nott'm Forest,H,1,1,D,1,4,-3,5,8,43,https://www.football-data.co.uk/mmz4281/2526/E0.csv,2026-05-25
2025-26,Burnley,6,2025-09-27,Man City,A,1,5,L,0,4,-7,6,13,55,https://www.football-data.co.uk/mmz4281/2526/E0.csv,2026-05-25
2025-26,Burnley,7,2025-10-05,Aston Villa,A,1,2,L,0,4,-8,7,15,66,https://www.football-data.co.uk/mmz4281/2526/E0.csv,2026-05-25
2025-26,Burnley,8,2025-10-18,Leeds,H,2,0,W,3,7,-6,9,15,73,https://www.football-data.co.uk/mmz4281/2526/E0.csv,2026-05-25
2025-26,Burnley,9,2025-10-26,Wolves,A,3,2,W,3,10,-5,12,17,89,https://www.football-data.co.uk/mmz4281/2526/E0.csv,2026-05-25
2025-26,Burnley,10,2025-11-01,Arsenal,H,0,2,L,0,10,-7,12,19,92,https://www.football-data.co.uk/mmz4281/2526/E0.csv,2026-05-25
2025-26,Burnley,11,2025-11-08,West Ham,A,2,3,L,0,10,-8,14,22,103,https://www.football-data.co.uk/mmz4281/2526/E0.csv,2026-05-25
2025-26,Burnley,12,2025-11-22,Chelsea,H,0,2,L,0,10,-10,14,24,111,https://www.football-data.co.uk/mmz4281/2526/E0.csv,2026-05-25
2025-26,Burnley,13,2025-11-29,Brentford,A,1,3,L,0,10,-12,15,27,121,https://www.football-data.co.uk/mmz4281/2526/E0.csv,2026-05-25
2025-26,Burnley,14,2025-12-03,Crystal Palace,H,0,1,L,0,10,-13,15,28,136,https://www.football-data.co.uk/mmz4281/2526/E0.csv,2026-05-25
2025-26,Burnley,15,2025-12-06,Newcastle,A,1,2,L,0,10,-14,16,30,145,https://www.football-data.co.uk/mmz4281/2526/E0.csv,2026-05-25
2025-26,Burnley,16,2025-12-13,Fulham,H,2,3,L,0,10,-15,18,33,153,https://www.football-data.co.uk/mmz4281/2526/E0.csv,2026-05-25
2025-26,Burnley,17,2025-12-20,Bournemouth,A,1,1,D,1,11,-15,19,34,162,https://www.football-data.co.uk/mmz4281/2526/E0.csv,2026-05-25
2025-26,Burnley,18,2025-12-27,Everton,H,0,0,D,1,12,-15,19,34,175,https://www.football-data.co.uk/mmz4281/2526/E0.csv,2026-05-25
2025-26,Burnley,19,2025-12-30,Newcastle,H,1,3,L,0,12,-17,20,37,181,https://www.football-data.co.uk/mmz4281/2526/E0.csv,2026-05-25
2025-26,Burnley,20,2026-01-03,Brighton,A,0,2,L,0,12,-19,20,39,192,https://www.football-data.co.uk/mmz4281/2526/E0.csv,2026-05-25
2025-26,Burnley,21,2026-01-07,Man United,H,2,2,D,1,13,-19,22,41,208,https://www.football-data.co.uk/mmz4281/2526/E0.csv,2026-05-25
2025-26,Burnley,22,2026-01-17,Liverpool,A,1,1,D,1,14,-19,23,42,214,https://www.football-data.co.uk/mmz4281/2526/E0.csv,2026-05-25
2025-26,Burnley,23,2026-01-24,Tottenham,H,2,2,D,1,15,-19,25,44,222,https://www.football-data.co.uk/mmz4281/2526/E0.csv,2026-05-25
2025-26,Burnley,24,2026-02-02,Sunderland,A,0,3,L,0,15,-22,25,47,240,https://www.football-data.co.uk/mmz4281/2526/E0.csv,2026-05-25
2025-26,Burnley,25,2026-02-07,West Ham,H,0,2,L,0,15,-24,25,49,245,https://www.football-data.co.uk/mmz4281/2526/E0.csv,2026-05-25
2025-26,Burnley,26,2026-02-11,Crystal Palace,A,3,2,W,3,18,-23,28,51,256,https://www.football-data.co.uk/mmz4281/2526/E0.csv,2026-05-25
2025-26,Burnley,27,2026-02-21,Chelsea,A,1,1,D,1,19,-23,29,52,264,https://www.football-data.co.uk/mmz4281/2526/E0.csv,2026-05-25
2025-26,Burnley,28,2026-02-28,Brentford,H,3,4,L,0,19,-24,32,56,274,https://www.football-data.co.uk/mmz4281/2526/E0.csv,2026-05-25
2025-26,Burnley,29,2026-03-03,Everton,A,0,2,L,0,19,-26,32,58,283,https://www.football-data.co.uk/mmz4281/2526/E0.csv,2026-05-25
2025-26,Burnley,30,2026-03-14,Bournemouth,H,0,0,D,1,20,-26,32,58,292,https://www.football-data.co.uk/mmz4281/2526/E0.csv,2026-05-25
2025-26,Burnley,31,2026-03-21,Fulham,A,1,3,L,0,20,-28,33,61,304,https://www.football-data.co.uk/mmz4281/2526/E0.csv,2026-05-25
2025-26,Burnley,32,2026-04-11,Brighton,H,0,2,L,0,20,-30,33,63,313,https://www.football-data.co.uk/mmz4281/2526/E0.csv,2026-05-25
2025-26,Burnley,33,2026-04-19,Nott'm Forest,A,1,4,L,0,20,-33,34,67,327,https://www.football-data.co.uk/mmz4281/2526/E0.csv,2026-05-25
2025-26,Burnley,34,2026-04-22,Man City,H,0,1,L,0,20,-34,34,68,332,https://www.football-data.co.uk/mmz4281/2526/E0.csv,2026-05-25
2025-26,Burnley,35,2026-05-01,Leeds,A,1,3,L,0,20,-36,35,71,340,https://www.football-data.co.uk/mmz4281/2526/E0.csv,2026-05-25
2025-26,Burnley,36,2026-05-10,Aston Villa,H,2,2,D,1,21,-36,37,73,355,https://www.football-data.co.uk/mmz4281/2526/E0.csv,2026-05-25
2025-26,Burnley,37,2026-05-18,Arsenal,A,0,1,L,0,21,-37,37,74,368,https://www.football-data.co.uk/mmz4281/2526/E0.csv,2026-05-25
2025-26,Burnley,38,2026-05-24,Wolves,H,1,1,D,1,22,-37,38,75,372,https://www.football-data.co.uk/mmz4281/2526/E0.csv,2026-05-25
2025-26,Chelsea,1,2025-08-17,Crystal Palace,H,0,0,D,1,1,0,0,0,7,https://www.football-data.co.uk/mmz4281/2526/E0.csv,2026-05-25
2025-26,Chelsea,2,2025-08-22,West Ham,A,5,1,W,3,4,4,5,1,11,https://www.football-data.co.uk/mmz4281/2526/E0.csv,2026-05-25
2025-26,Chelsea,3,2025-08-30,Fulham,H,2,0,W,3,7,6,7,1,21,https://www.football-data.co.uk/mmz4281/2526/E0.csv,2026-05-25
2025-26,Chelsea,4,2025-09-13,Brentford,A,2,2,D,1,8,6,9,3,38,https://www.football-data.co.uk/mmz4281/2526/E0.csv,2026-05-25
2025-26,Chelsea,5,2025-09-20,Man United,A,1,2,L,0,8,5,10,5,46,https://www.football-data.co.uk/mmz4281/2526/E0.csv,2026-05-25
2025-26,Chelsea,6,2025-09-27,Brighton,H,1,3,L,0,8,3,11,8,52,https://www.football-data.co.uk/mmz4281/2526/E0.csv,2026-05-25
2025-26,Chelsea,7,2025-10-04,Liverpool,H,2,1,W,3,11,4,13,9,65,https://www.football-data.co.uk/mmz4281/2526/E0.csv,2026-05-25
2025-26,Chelsea,8,2025-10-18,Nott'm Forest,A,3,0,W,3,14,7,16,9,71,https://www.football-data.co.uk/mmz4281/2526/E0.csv,2026-05-25
2025-26,Chelsea,9,2025-10-25,Sunderland,H,1,2,L,0,14,6,17,11,82,https://www.football-data.co.uk/mmz4281/2526/E0.csv,2026-05-25
2025-26,Chelsea,10,2025-11-01,Tottenham,A,1,0,W,3,17,7,18,11,96,https://www.football-data.co.uk/mmz4281/2526/E0.csv,2026-05-25
2025-26,Chelsea,11,2025-11-08,Wolves,H,3,0,W,3,20,10,21,11,105,https://www.football-data.co.uk/mmz4281/2526/E0.csv,2026-05-25
2025-26,Chelsea,12,2025-11-22,Burnley,A,2,0,W,3,23,12,23,11,111,https://www.football-data.co.uk/mmz4281/2526/E0.csv,2026-05-25
2025-26,Chelsea,13,2025-11-30,Arsenal,H,1,1,D,1,24,12,24,12,130,https://www.football-data.co.uk/mmz4281/2526/E0.csv,2026-05-25
2025-26,Chelsea,14,2025-12-03,Leeds,A,1,3,L,0,24,10,25,15,138,https://www.football-data.co.uk/mmz4281/2526/E0.csv,2026-05-25
2025-26,Chelsea,15,2025-12-06,Bournemouth,A,0,0,D,1,25,10,25,15,142,https://www.football-data.co.uk/mmz4281/2526/E0.csv,2026-05-25
2025-26,Chelsea,16,2025-12-13,Everton,H,2,0,W,3,28,12,27,15,151,https://www.football-data.co.uk/mmz4281/2526/E0.csv,2026-05-25
2025-26,Chelsea,17,2025-12-20,Newcastle,A,2,2,D,1,29,12,29,17,161,https://www.football-data.co.uk/mmz4281/2526/E0.csv,2026-05-25
2025-26,Chelsea,18,2025-12-27,Aston Villa,H,1,2,L,0,29,11,30,19,178,https://www.football-data.co.uk/mmz4281/2526/E0.csv,2026-05-25
2025-26,Chelsea,19,2025-12-30,Bournemouth,H,2,2,D,1,30,11,32,21,182,https://www.football-data.co.uk/mmz4281/2526/E0.csv,2026-05-25
2025-26,Chelsea,20,2026-01-04,Man City,A,1,1,D,1,31,11,33,22,200,https://www.football-data.co.uk/mmz4281/2526/E0.csv,2026-05-25
2025-26,Chelsea,21,2026-01-07,Fulham,A,1,2,L,0,31,10,34,24,206,https://www.football-data.co.uk/mmz4281/2526/E0.csv,2026-05-25
2025-26,Chelsea,22,2026-01-17,Brentford,H,2,0,W,3,34,12,36,24,212,https://www.football-data.co.uk/mmz4281/2526/E0.csv,2026-05-25
2025-26,Chelsea,23,2026-01-25,Crystal Palace,A,3,1,W,3,37,14,39,25,227,https://www.football-data.co.uk/mmz4281/2526/E0.csv,2026-05-25
2025-26,Chelsea,24,2026-01-31,West Ham,H,3,2,W,3,40,15,42,27,234,https://www.football-data.co.uk/mmz4281/2526/E0.csv,2026-05-25
2025-26,Chelsea,25,2026-02-07,Wolves,A,3,1,W,3,43,17,45,28,247,https://www.football-data.co.uk/mmz4281/2526/E0.csv,2026-05-25
2025-26,Chelsea,26,2026-02-10,Leeds,H,2,2,D,1,44,17,47,30,251,https://www.football-data.co.uk/mmz4281/2526/E0.csv,2026-05-25
2025-26,Chelsea,27,2026-02-21,Burnley,H,1,1,D,1,45,17,48,31,264,https://www.football-data.co.uk/mmz4281/2526/E0.csv,2026-05-25
2025-26,Chelsea,28,2026-03-01,Arsenal,A,1,2,L,0,45,16,49,33,281,https://www.football-data.co.uk/mmz4281/2526/E0.csv,2026-05-25
2025-26,Chelsea,29,2026-03-04,Aston Villa,A,4,1,W,3,48,19,53,34,286,https://www.football-data.co.uk/mmz4281/2526/E0.csv,2026-05-25
2025-26,Chelsea,30,2026-03-14,Newcastle,H,0,1,L,0,48,18,53,35,295,https://www.football-data.co.uk/mmz4281/2526/E0.csv,2026-05-25
2025-26,Chelsea,31,2026-03-21,Everton,A,0,3,L,0,48,15,53,38,305,https://www.football-data.co.uk/mmz4281/2526/E0.csv,2026-05-25
2025-26,Chelsea,32,2026-04-12,Man City,H,0,3,L,0,48,12,53,41,318,https://www.football-data.co.uk/mmz4281/2526/E0.csv,2026-05-25
2025-26,Chelsea,33,2026-04-18,Man United,H,0,1,L,0,48,11,53,42,324,https://www.football-data.co.uk/mmz4281/2526/E0.csv,2026-05-25
2025-26,Chelsea,34,2026-04-21,Brighton,A,0,3,L,0,48,8,53,45,330,https://www.football-data.co.uk/mmz4281/2526/E0.csv,2026-05-25
2025-26,Chelsea,35,2026-05-04,Nott'm Forest,H,1,3,L,0,48,6,54,48,348,https://www.football-data.co.uk/mmz4281/2526/E0.csv,2026-05-25
2025-26,Chelsea,36,2026-05-09,Liverpool,A,1,1,D,1,49,6,55,49,350,https://www.football-data.co.uk/mmz4281/2526/E0.csv,2026-05-25
2025-26,Chelsea,37,2026-05-19,Tottenham,H,2,1,W,3,52,7,57,50,370,https://www.football-data.co.uk/mmz4281/2526/E0.csv,2026-05-25
2025-26,Chelsea,38,2026-05-24,Sunderland,A,1,2,L,0,52,6,58,52,378,https://www.football-data.co.uk/mmz4281/2526/E0.csv,2026-05-25
2025-26,Crystal Palace,1,2025-08-17,Chelsea,A,0,0,D,1,1,0,0,0,7,https://www.football-data.co.uk/mmz4281/2526/E0.csv,2026-05-25
2025-26,Crystal Palace,2,2025-08-24,Nott'm Forest,H,1,1,D,1,2,0,1,1,17,https://www.football-data.co.uk/mmz4281/2526/E0.csv,2026-05-25
2025-26,Crystal Palace,3,2025-08-31,Aston Villa,A,3,0,W,3,5,3,4,1,30,https://www.football-data.co.uk/mmz4281/2526/E0.csv,2026-05-25
2025-26,Crystal Palace,4,2025-09-13,Sunderland,H,0,0,D,1,6,3,4,1,33,https://www.football-data.co.uk/mmz4281/2526/E0.csv,2026-05-25
2025-26,Crystal Palace,5,2025-09-20,West Ham,A,2,1,W,3,9,4,6,2,44,https://www.football-data.co.uk/mmz4281/2526/E0.csv,2026-05-25
2025-26,Crystal Palace,6,2025-09-27,Liverpool,H,2,1,W,3,12,5,8,3,53,https://www.football-data.co.uk/mmz4281/2526/E0.csv,2026-05-25
2025-26,Crystal Palace,7,2025-10-05,Everton,A,1,2,L,0,12,4,9,5,67,https://www.football-data.co.uk/mmz4281/2526/E0.csv,2026-05-25
2025-26,Crystal Palace,8,2025-10-18,Bournemouth,H,3,3,D,1,13,4,12,8,74,https://www.football-data.co.uk/mmz4281/2526/E0.csv,2026-05-25
2025-26,Crystal Palace,9,2025-10-26,Arsenal,A,0,1,L,0,13,3,12,9,86,https://www.football-data.co.uk/mmz4281/2526/E0.csv,2026-05-25
2025-26,Crystal Palace,10,2025-11-01,Brentford,H,2,0,W,3,16,5,14,9,93,https://www.football-data.co.uk/mmz4281/2526/E0.csv,2026-05-25
2025-26,Crystal Palace,11,2025-11-09,Brighton,H,0,0,D,1,17,5,14,9,108,https://www.football-data.co.uk/mmz4281/2526/E0.csv,2026-05-25
2025-26,Crystal Palace,12,2025-11-22,Wolves,A,2,0,W,3,20,7,16,9,116,https://www.football-data.co.uk/mmz4281/2526/E0.csv,2026-05-25
2025-26,Crystal Palace,13,2025-11-30,Man United,H,1,2,L,0,20,6,17,11,126,https://www.football-data.co.uk/mmz4281/2526/E0.csv,2026-05-25
2025-26,Crystal Palace,14,2025-12-03,Burnley,A,1,0,W,3,23,7,18,11,136,https://www.football-data.co.uk/mmz4281/2526/E0.csv,2026-05-25
2025-26,Crystal Palace,15,2025-12-07,Fulham,A,2,1,W,3,26,8,20,12,149,https://www.football-data.co.uk/mmz4281/2526/E0.csv,2026-05-25
2025-26,Crystal Palace,16,2025-12-14,Man City,H,0,3,L,0,26,5,20,15,155,https://www.football-data.co.uk/mmz4281/2526/E0.csv,2026-05-25
2025-26,Crystal Palace,17,2025-12-20,Leeds,A,1,4,L,0,26,2,21,19,168,https://www.football-data.co.uk/mmz4281/2526/E0.csv,2026-05-25
2025-26,Crystal Palace,18,2025-12-28,Tottenham,H,0,1,L,0,26,1,21,20,180,https://www.football-data.co.uk/mmz4281/2526/E0.csv,2026-05-25
2025-26,Crystal Palace,19,2026-01-01,Fulham,H,1,1,D,1,27,1,22,21,187,https://www.football-data.co.uk/mmz4281/2526/E0.csv,2026-05-25
2025-26,Crystal Palace,20,2026-01-04,Newcastle,A,0,2,L,0,27,-1,22,23,197,https://www.football-data.co.uk/mmz4281/2526/E0.csv,2026-05-25
2025-26,Crystal Palace,21,2026-01-07,Aston Villa,H,0,0,D,1,28,-1,22,23,204,https://www.football-data.co.uk/mmz4281/2526/E0.csv,2026-05-25
2025-26,Crystal Palace,22,2026-01-17,Sunderland,A,1,2,L,0,28,-2,23,25,215,https://www.football-data.co.uk/mmz4281/2526/E0.csv,2026-05-25
2025-26,Crystal Palace,23,2026-01-25,Chelsea,H,1,3,L,0,28,-4,24,28,227,https://www.football-data.co.uk/mmz4281/2526/E0.csv,2026-05-25
2025-26,Crystal Palace,24,2026-02-01,Nott'm Forest,A,1,1,D,1,29,-4,25,29,238,https://www.football-data.co.uk/mmz4281/2526/E0.csv,2026-05-25
2025-26,Crystal Palace,25,2026-02-08,Brighton,A,1,0,W,3,32,-3,26,29,249,https://www.football-data.co.uk/mmz4281/2526/E0.csv,2026-05-25
2025-26,Crystal Palace,26,2026-02-11,Burnley,H,2,3,L,0,32,-4,28,32,256,https://www.football-data.co.uk/mmz4281/2526/E0.csv,2026-05-25
2025-26,Crystal Palace,27,2026-02-22,Wolves,H,1,0,W,3,35,-3,29,32,267,https://www.football-data.co.uk/mmz4281/2526/E0.csv,2026-05-25
2025-26,Crystal Palace,28,2026-03-01,Man United,A,1,2,L,0,35,-4,30,34,280,https://www.football-data.co.uk/mmz4281/2526/E0.csv,2026-05-25
2025-26,Crystal Palace,29,2026-03-05,Tottenham,A,3,1,W,3,38,-2,33,35,291,https://www.football-data.co.uk/mmz4281/2526/E0.csv,2026-05-25
2025-26,Crystal Palace,30,2026-03-15,Leeds,H,0,0,D,1,39,-2,33,35,297,https://www.football-data.co.uk/mmz4281/2526/E0.csv,2026-05-25
2025-26,Crystal Palace,31,2026-04-12,Newcastle,H,2,1,W,3,42,-1,35,36,315,https://www.football-data.co.uk/mmz4281/2526/E0.csv,2026-05-25
2025-26,Crystal Palace,32,2026-04-20,West Ham,H,0,0,D,1,43,-1,35,36,329,https://www.football-data.co.uk/mmz4281/2526/E0.csv,2026-05-25
2025-26,Crystal Palace,33,2026-04-25,Liverpool,A,1,3,L,0,43,-3,36,39,335,https://www.football-data.co.uk/mmz4281/2526/E0.csv,2026-05-25
2025-26,Crystal Palace,34,2026-05-03,Bournemouth,A,0,3,L,0,43,-6,36,42,345,https://www.football-data.co.uk/mmz4281/2526/E0.csv,2026-05-25
2025-26,Crystal Palace,35,2026-05-10,Everton,H,2,2,D,1,44,-6,38,44,356,https://www.football-data.co.uk/mmz4281/2526/E0.csv,2026-05-25
2025-26,Crystal Palace,36,2026-05-13,Man City,A,0,3,L,0,44,-9,38,47,360,https://www.football-data.co.uk/mmz4281/2526/E0.csv,2026-05-25
2025-26,Crystal Palace,37,2026-05-17,Brentford,A,2,2,D,1,45,-9,40,49,363,https://www.football-data.co.uk/mmz4281/2526/E0.csv,2026-05-25
2025-26,Crystal Palace,38,2026-05-24,Arsenal,H,1,2,L,0,45,-10,41,51,373,https://www.football-data.co.uk/mmz4281/2526/E0.csv,2026-05-25
2025-26,Everton,1,2025-08-18,Leeds,A,0,1,L,0,0,-1,0,1,10,https://www.football-data.co.uk/mmz4281/2526/E0.csv,2026-05-25
2025-26,Everton,2,2025-08-24,Brighton,H,2,0,W,3,3,1,2,1,18,https://www.football-data.co.uk/mmz4281/2526/E0.csv,2026-05-25
2025-26,Everton,3,2025-08-30,Wolves,A,3,2,W,3,6,2,5,3,25,https://www.football-data.co.uk/mmz4281/2526/E0.csv,2026-05-25
2025-26,Everton,4,2025-09-13,Aston Villa,H,0,0,D,1,7,2,5,3,34,https://www.football-data.co.uk/mmz4281/2526/E0.csv,2026-05-25
2025-26,Everton,5,2025-09-20,Liverpool,A,1,2,L,0,7,1,6,5,41,https://www.football-data.co.uk/mmz4281/2526/E0.csv,2026-05-25
2025-26,Everton,6,2025-09-29,West Ham,H,1,1,D,1,8,1,7,6,60,https://www.football-data.co.uk/mmz4281/2526/E0.csv,2026-05-25
2025-26,Everton,7,2025-10-05,Crystal Palace,H,2,1,W,3,11,2,9,7,67,https://www.football-data.co.uk/mmz4281/2526/E0.csv,2026-05-25
2025-26,Everton,8,2025-10-18,Man City,A,0,2,L,0,11,0,9,9,75,https://www.football-data.co.uk/mmz4281/2526/E0.csv,2026-05-25
2025-26,Everton,9,2025-10-26,Tottenham,H,0,3,L,0,11,-3,9,12,90,https://www.football-data.co.uk/mmz4281/2526/E0.csv,2026-05-25
2025-26,Everton,10,2025-11-03,Sunderland,A,1,1,D,1,12,-3,10,13,100,https://www.football-data.co.uk/mmz4281/2526/E0.csv,2026-05-25
2025-26,Everton,11,2025-11-08,Fulham,H,2,0,W,3,15,-1,12,13,102,https://www.football-data.co.uk/mmz4281/2526/E0.csv,2026-05-25
2025-26,Everton,12,2025-11-24,Man United,A,1,0,W,3,18,0,13,13,120,https://www.football-data.co.uk/mmz4281/2526/E0.csv,2026-05-25
2025-26,Everton,13,2025-11-29,Newcastle,H,1,4,L,0,18,-3,14,17,124,https://www.football-data.co.uk/mmz4281/2526/E0.csv,2026-05-25
2025-26,Everton,14,2025-12-02,Bournemouth,A,1,0,W,3,21,-2,15,17,131,https://www.football-data.co.uk/mmz4281/2526/E0.csv,2026-05-25
2025-26,Everton,15,2025-12-06,Nott'm Forest,H,3,0,W,3,24,1,18,17,143,https://www.football-data.co.uk/mmz4281/2526/E0.csv,2026-05-25
2025-26,Everton,16,2025-12-13,Chelsea,A,0,2,L,0,24,-1,18,19,151,https://www.football-data.co.uk/mmz4281/2526/E0.csv,2026-05-25
2025-26,Everton,17,2025-12-20,Arsenal,H,0,1,L,0,24,-2,18,20,167,https://www.football-data.co.uk/mmz4281/2526/E0.csv,2026-05-25
2025-26,Everton,18,2025-12-27,Burnley,A,0,0,D,1,25,-2,18,20,175,https://www.football-data.co.uk/mmz4281/2526/E0.csv,2026-05-25
2025-26,Everton,19,2025-12-30,Nott'm Forest,A,2,0,W,3,28,0,20,20,183,https://www.football-data.co.uk/mmz4281/2526/E0.csv,2026-05-25
2025-26,Everton,20,2026-01-04,Brentford,H,2,4,L,0,28,-2,22,24,196,https://www.football-data.co.uk/mmz4281/2526/E0.csv,2026-05-25
2025-26,Everton,21,2026-01-07,Wolves,H,1,1,D,1,29,-2,23,25,205,https://www.football-data.co.uk/mmz4281/2526/E0.csv,2026-05-25
2025-26,Everton,22,2026-01-18,Aston Villa,A,1,0,W,3,32,-1,24,25,219,https://www.football-data.co.uk/mmz4281/2526/E0.csv,2026-05-25
2025-26,Everton,23,2026-01-26,Leeds,H,1,1,D,1,33,-1,25,26,230,https://www.football-data.co.uk/mmz4281/2526/E0.csv,2026-05-25
2025-26,Everton,24,2026-01-31,Brighton,A,1,1,D,1,34,-1,26,27,231,https://www.football-data.co.uk/mmz4281/2526/E0.csv,2026-05-25
2025-26,Everton,25,2026-02-07,Fulham,A,2,1,W,3,37,0,28,28,246,https://www.football-data.co.uk/mmz4281/2526/E0.csv,2026-05-25
2025-26,Everton,26,2026-02-10,Bournemouth,H,1,2,L,0,37,-1,29,30,252,https://www.football-data.co.uk/mmz4281/2526/E0.csv,2026-05-25
2025-26,Everton,27,2026-02-23,Man United,H,0,1,L,0,37,-2,29,31,271,https://www.football-data.co.uk/mmz4281/2526/E0.csv,2026-05-25
2025-26,Everton,28,2026-02-28,Newcastle,A,3,2,W,3,40,-1,32,33,276,https://www.football-data.co.uk/mmz4281/2526/E0.csv,2026-05-25
2025-26,Everton,29,2026-03-03,Burnley,H,2,0,W,3,43,1,34,33,283,https://www.football-data.co.uk/mmz4281/2526/E0.csv,2026-05-25
2025-26,Everton,30,2026-03-14,Arsenal,A,0,2,L,0,43,-1,34,35,294,https://www.football-data.co.uk/mmz4281/2526/E0.csv,2026-05-25
2025-26,Everton,31,2026-03-21,Chelsea,H,3,0,W,3,46,2,37,35,305,https://www.football-data.co.uk/mmz4281/2526/E0.csv,2026-05-25
2025-26,Everton,32,2026-04-11,Brentford,A,2,2,D,1,47,2,39,37,312,https://www.football-data.co.uk/mmz4281/2526/E0.csv,2026-05-25
2025-26,Everton,33,2026-04-19,Liverpool,H,1,2,L,0,47,1,40,39,326,https://www.football-data.co.uk/mmz4281/2526/E0.csv,2026-05-25
2025-26,Everton,34,2026-04-25,West Ham,A,1,2,L,0,47,0,41,41,336,https://www.football-data.co.uk/mmz4281/2526/E0.csv,2026-05-25
2025-26,Everton,35,2026-05-04,Man City,H,3,3,D,1,48,0,44,44,349,https://www.football-data.co.uk/mmz4281/2526/E0.csv,2026-05-25
2025-26,Everton,36,2026-05-10,Crystal Palace,A,2,2,D,1,49,0,46,46,356,https://www.football-data.co.uk/mmz4281/2526/E0.csv,2026-05-25
2025-26,Everton,37,2026-05-17,Sunderland,H,1,3,L,0,49,-2,47,49,364,https://www.football-data.co.uk/mmz4281/2526/E0.csv,2026-05-25
2025-26,Everton,38,2026-05-24,Tottenham,A,0,1,L,0,49,-3,47,50,379,https://www.football-data.co.uk/mmz4281/2526/E0.csv,2026-05-25
2025-26,Fulham,1,2025-08-16,Brighton,A,1,1,D,1,1,0,1,1,3,https://www.football-data.co.uk/mmz4281/2526/E0.csv,2026-05-25
2025-26,Fulham,2,2025-08-24,Man United,H,1,1,D,1,2,0,2,2,19,https://www.football-data.co.uk/mmz4281/2526/E0.csv,2026-05-25
2025-26,Fulham,3,2025-08-30,Chelsea,A,0,2,L,0,2,-2,2,4,21,https://www.football-data.co.uk/mmz4281/2526/E0.csv,2026-05-25
2025-26,Fulham,4,2025-09-13,Leeds,H,1,0,W,3,5,-1,3,4,35,https://www.football-data.co.uk/mmz4281/2526/E0.csv,2026-05-25
2025-26,Fulham,5,2025-09-20,Brentford,H,3,1,W,3,8,1,6,5,47,https://www.football-data.co.uk/mmz4281/2526/E0.csv,2026-05-25
2025-26,Fulham,6,2025-09-28,Aston Villa,A,1,3,L,0,8,-1,7,8,58,https://www.football-data.co.uk/mmz4281/2526/E0.csv,2026-05-25
2025-26,Fulham,7,2025-10-03,Bournemouth,A,1,3,L,0,8,-3,8,11,61,https://www.football-data.co.uk/mmz4281/2526/E0.csv,2026-05-25
2025-26,Fulham,8,2025-10-18,Arsenal,H,0,1,L,0,8,-4,8,12,77,https://www.football-data.co.uk/mmz4281/2526/E0.csv,2026-05-25
2025-26,Fulham,9,2025-10-25,Newcastle,A,1,2,L,0,8,-5,9,14,83,https://www.football-data.co.uk/mmz4281/2526/E0.csv,2026-05-25
2025-26,Fulham,10,2025-11-01,Wolves,H,3,0,W,3,11,-2,12,14,94,https://www.football-data.co.uk/mmz4281/2526/E0.csv,2026-05-25
2025-26,Fulham,11,2025-11-08,Everton,A,0,2,L,0,11,-4,12,16,102,https://www.football-data.co.uk/mmz4281/2526/E0.csv,2026-05-25
2025-26,Fulham,12,2025-11-22,Sunderland,H,1,0,W,3,14,-3,13,16,114,https://www.football-data.co.uk/mmz4281/2526/E0.csv,2026-05-25
2025-26,Fulham,13,2025-11-29,Tottenham,A,2,1,W,3,17,-2,15,17,125,https://www.football-data.co.uk/mmz4281/2526/E0.csv,2026-05-25
2025-26,Fulham,14,2025-12-02,Man City,H,4,5,L,0,17,-3,19,22,132,https://www.football-data.co.uk/mmz4281/2526/E0.csv,2026-05-25
2025-26,Fulham,15,2025-12-07,Crystal Palace,H,1,2,L,0,17,-4,20,24,149,https://www.football-data.co.uk/mmz4281/2526/E0.csv,2026-05-25
2025-26,Fulham,16,2025-12-13,Burnley,A,3,2,W,3,20,-3,23,26,153,https://www.football-data.co.uk/mmz4281/2526/E0.csv,2026-05-25
2025-26,Fulham,17,2025-12-22,Nott'm Forest,H,1,0,W,3,23,-2,24,26,170,https://www.football-data.co.uk/mmz4281/2526/E0.csv,2026-05-25
2025-26,Fulham,18,2025-12-27,West Ham,A,1,0,W,3,26,-1,25,26,177,https://www.football-data.co.uk/mmz4281/2526/E0.csv,2026-05-25
2025-26,Fulham,19,2026-01-01,Crystal Palace,A,1,1,D,1,27,-1,26,27,187,https://www.football-data.co.uk/mmz4281/2526/E0.csv,2026-05-25
2025-26,Fulham,20,2026-01-04,Liverpool,H,2,2,D,1,28,-1,28,29,199,https://www.football-data.co.uk/mmz4281/2526/E0.csv,2026-05-25
2025-26,Fulham,21,2026-01-07,Chelsea,H,2,1,W,3,31,0,30,30,206,https://www.football-data.co.uk/mmz4281/2526/E0.csv,2026-05-25
2025-26,Fulham,22,2026-01-17,Leeds,A,0,1,L,0,31,-1,30,31,213,https://www.football-data.co.uk/mmz4281/2526/E0.csv,2026-05-25
2025-26,Fulham,23,2026-01-24,Brighton,H,2,1,W,3,34,0,32,32,223,https://www.football-data.co.uk/mmz4281/2526/E0.csv,2026-05-25
2025-26,Fulham,24,2026-02-01,Man United,A,2,3,L,0,34,-1,34,35,237,https://www.football-data.co.uk/mmz4281/2526/E0.csv,2026-05-25
2025-26,Fulham,25,2026-02-07,Everton,H,1,2,L,0,34,-2,35,37,246,https://www.football-data.co.uk/mmz4281/2526/E0.csv,2026-05-25
2025-26,Fulham,26,2026-02-11,Man City,A,0,3,L,0,34,-5,35,40,257,https://www.football-data.co.uk/mmz4281/2526/E0.csv,2026-05-25
2025-26,Fulham,27,2026-02-22,Sunderland,A,3,1,W,3,37,-3,38,41,269,https://www.football-data.co.uk/mmz4281/2526/E0.csv,2026-05-25
2025-26,Fulham,28,2026-03-01,Tottenham,H,2,1,W,3,40,-2,40,42,279,https://www.football-data.co.uk/mmz4281/2526/E0.csv,2026-05-25
2025-26,Fulham,29,2026-03-04,West Ham,H,0,1,L,0,40,-3,40,43,288,https://www.football-data.co.uk/mmz4281/2526/E0.csv,2026-05-25
2025-26,Fulham,30,2026-03-15,Nott'm Forest,A,0,0,D,1,41,-3,40,43,299,https://www.football-data.co.uk/mmz4281/2526/E0.csv,2026-05-25
2025-26,Fulham,31,2026-03-21,Burnley,H,3,1,W,3,44,-1,43,44,304,https://www.football-data.co.uk/mmz4281/2526/E0.csv,2026-05-25
2025-26,Fulham,32,2026-04-11,Liverpool,A,0,2,L,0,44,-3,43,46,314,https://www.football-data.co.uk/mmz4281/2526/E0.csv,2026-05-25
2025-26,Fulham,33,2026-04-18,Brentford,A,0,0,D,1,45,-3,43,46,320,https://www.football-data.co.uk/mmz4281/2526/E0.csv,2026-05-25
2025-26,Fulham,34,2026-04-25,Aston Villa,H,1,0,W,3,48,-2,44,46,334,https://www.football-data.co.uk/mmz4281/2526/E0.csv,2026-05-25
2025-26,Fulham,35,2026-05-02,Arsenal,A,0,3,L,0,48,-5,44,49,344,https://www.football-data.co.uk/mmz4281/2526/E0.csv,2026-05-25
2025-26,Fulham,36,2026-05-09,Bournemouth,H,0,1,L,0,48,-6,44,50,352,https://www.football-data.co.uk/mmz4281/2526/E0.csv,2026-05-25
2025-26,Fulham,37,2026-05-17,Wolves,A,1,1,D,1,49,-6,45,51,366,https://www.football-data.co.uk/mmz4281/2526/E0.csv,2026-05-25
2025-26,Fulham,38,2026-05-24,Newcastle,H,2,0,W,3,52,-4,47,51,374,https://www.football-data.co.uk/mmz4281/2526/E0.csv,2026-05-25
2025-26,Leeds,1,2025-08-18,Everton,H,1,0,W,3,3,1,1,0,10,https://www.football-data.co.uk/mmz4281/2526/E0.csv,2026-05-25
2025-26,Leeds,2,2025-08-23,Arsenal,A,0,5,L,0,3,-4,1,5,16,https://www.football-data.co.uk/mmz4281/2526/E0.csv,2026-05-25
2025-26,Leeds,3,2025-08-30,Newcastle,H,0,0,D,1,4,-4,1,5,26,https://www.football-data.co.uk/mmz4281/2526/E0.csv,2026-05-25
2025-26,Leeds,4,2025-09-13,Fulham,A,0,1,L,0,4,-5,1,6,35,https://www.football-data.co.uk/mmz4281/2526/E0.csv,2026-05-25
2025-26,Leeds,5,2025-09-20,Wolves,A,3,1,W,3,7,-3,4,7,45,https://www.football-data.co.uk/mmz4281/2526/E0.csv,2026-05-25
2025-26,Leeds,6,2025-09-27,Bournemouth,H,2,2,D,1,8,-3,6,9,54,https://www.football-data.co.uk/mmz4281/2526/E0.csv,2026-05-25
2025-26,Leeds,7,2025-10-04,Tottenham,H,1,2,L,0,8,-4,7,11,62,https://www.football-data.co.uk/mmz4281/2526/E0.csv,2026-05-25
2025-26,Leeds,8,2025-10-18,Burnley,A,0,2,L,0,8,-6,7,13,73,https://www.football-data.co.uk/mmz4281/2526/E0.csv,2026-05-25
2025-26,Leeds,9,2025-10-24,West Ham,H,2,1,W,3,11,-5,9,14,81,https://www.football-data.co.uk/mmz4281/2526/E0.csv,2026-05-25
2025-26,Leeds,10,2025-11-01,Brighton,A,0,3,L,0,11,-8,9,17,91,https://www.football-data.co.uk/mmz4281/2526/E0.csv,2026-05-25
2025-26,Leeds,11,2025-11-09,Nott'm Forest,A,1,3,L,0,11,-10,10,20,109,https://www.football-data.co.uk/mmz4281/2526/E0.csv,2026-05-25
2025-26,Leeds,12,2025-11-23,Aston Villa,H,1,2,L,0,11,-11,11,22,118,https://www.football-data.co.uk/mmz4281/2526/E0.csv,2026-05-25
2025-26,Leeds,13,2025-11-29,Man City,A,2,3,L,0,11,-12,13,25,122,https://www.football-data.co.uk/mmz4281/2526/E0.csv,2026-05-25
2025-26,Leeds,14,2025-12-03,Chelsea,H,3,1,W,3,14,-10,16,26,138,https://www.football-data.co.uk/mmz4281/2526/E0.csv,2026-05-25
2025-26,Leeds,15,2025-12-06,Liverpool,H,3,3,D,1,15,-10,19,29,147,https://www.football-data.co.uk/mmz4281/2526/E0.csv,2026-05-25
2025-26,Leeds,16,2025-12-14,Brentford,A,1,1,D,1,16,-10,20,30,159,https://www.football-data.co.uk/mmz4281/2526/E0.csv,2026-05-25
2025-26,Leeds,17,2025-12-20,Crystal Palace,H,4,1,W,3,19,-7,24,31,168,https://www.football-data.co.uk/mmz4281/2526/E0.csv,2026-05-25
2025-26,Leeds,18,2025-12-28,Sunderland,A,1,1,D,1,20,-7,25,32,179,https://www.football-data.co.uk/mmz4281/2526/E0.csv,2026-05-25
2025-26,Leeds,19,2026-01-01,Liverpool,A,0,0,D,1,21,-7,25,32,188,https://www.football-data.co.uk/mmz4281/2526/E0.csv,2026-05-25
2025-26,Leeds,20,2026-01-04,Man United,H,1,1,D,1,22,-7,26,33,195,https://www.football-data.co.uk/mmz4281/2526/E0.csv,2026-05-25
2025-26,Leeds,21,2026-01-07,Newcastle,A,3,4,L,0,22,-8,29,37,209,https://www.football-data.co.uk/mmz4281/2526/E0.csv,2026-05-25
2025-26,Leeds,22,2026-01-17,Fulham,H,1,0,W,3,25,-7,30,37,213,https://www.football-data.co.uk/mmz4281/2526/E0.csv,2026-05-25
2025-26,Leeds,23,2026-01-26,Everton,A,1,1,D,1,26,-7,31,38,230,https://www.football-data.co.uk/mmz4281/2526/E0.csv,2026-05-25
2025-26,Leeds,24,2026-01-31,Arsenal,H,0,4,L,0,26,-11,31,42,232,https://www.football-data.co.uk/mmz4281/2526/E0.csv,2026-05-25
2025-26,Leeds,25,2026-02-06,Nott'm Forest,H,3,1,W,3,29,-9,34,43,241,https://www.football-data.co.uk/mmz4281/2526/E0.csv,2026-05-25
2025-26,Leeds,26,2026-02-10,Chelsea,A,2,2,D,1,30,-9,36,45,251,https://www.football-data.co.uk/mmz4281/2526/E0.csv,2026-05-25
2025-26,Leeds,27,2026-02-21,Aston Villa,A,1,1,D,1,31,-9,37,46,262,https://www.football-data.co.uk/mmz4281/2526/E0.csv,2026-05-25
2025-26,Leeds,28,2026-02-28,Man City,H,0,1,L,0,31,-10,37,47,277,https://www.football-data.co.uk/mmz4281/2526/E0.csv,2026-05-25
2025-26,Leeds,29,2026-03-03,Sunderland,H,0,1,L,0,31,-11,37,48,284,https://www.football-data.co.uk/mmz4281/2526/E0.csv,2026-05-25
2025-26,Leeds,30,2026-03-15,Crystal Palace,A,0,0,D,1,32,-11,37,48,297,https://www.football-data.co.uk/mmz4281/2526/E0.csv,2026-05-25
2025-26,Leeds,31,2026-03-21,Brentford,H,0,0,D,1,33,-11,37,48,306,https://www.football-data.co.uk/mmz4281/2526/E0.csv,2026-05-25
2025-26,Leeds,32,2026-04-13,Man United,A,2,1,W,3,36,-10,39,49,319,https://www.football-data.co.uk/mmz4281/2526/E0.csv,2026-05-25
2025-26,Leeds,33,2026-04-18,Wolves,H,3,0,W,3,39,-7,42,49,321,https://www.football-data.co.uk/mmz4281/2526/E0.csv,2026-05-25
2025-26,Leeds,34,2026-04-22,Bournemouth,A,2,2,D,1,40,-7,44,51,331,https://www.football-data.co.uk/mmz4281/2526/E0.csv,2026-05-25
2025-26,Leeds,35,2026-05-01,Burnley,H,3,1,W,3,43,-5,47,52,340,https://www.football-data.co.uk/mmz4281/2526/E0.csv,2026-05-25
2025-26,Leeds,36,2026-05-11,Tottenham,A,1,1,D,1,44,-5,48,53,359,https://www.football-data.co.uk/mmz4281/2526/E0.csv,2026-05-25
2025-26,Leeds,37,2026-05-17,Brighton,H,1,0,W,3,47,-4,49,53,365,https://www.football-data.co.uk/mmz4281/2526/E0.csv,2026-05-25
2025-26,Leeds,38,2026-05-24,West Ham,A,0,3,L,0,47,-7,49,56,380,https://www.football-data.co.uk/mmz4281/2526/E0.csv,2026-05-25
2025-26,Liverpool,1,2025-08-15,Bournemouth,H,4,2,W,3,3,2,4,2,1,https://www.football-data.co.uk/mmz4281/2526/E0.csv,2026-05-25
2025-26,Liverpool,2,2025-08-25,Newcastle,A,3,2,W,3,6,3,7,4,20,https://www.football-data.co.uk/mmz4281/2526/E0.csv,2026-05-25
2025-26,Liverpool,3,2025-08-31,Arsenal,H,1,0,W,3,9,4,8,4,29,https://www.football-data.co.uk/mmz4281/2526/E0.csv,2026-05-25
2025-26,Liverpool,4,2025-09-14,Burnley,A,1,0,W,3,12,5,9,4,39,https://www.football-data.co.uk/mmz4281/2526/E0.csv,2026-05-25
2025-26,Liverpool,5,2025-09-20,Everton,H,2,1,W,3,15,6,11,5,41,https://www.football-data.co.uk/mmz4281/2526/E0.csv,2026-05-25
2025-26,Liverpool,6,2025-09-27,Crystal Palace,A,1,2,L,0,15,5,12,7,53,https://www.football-data.co.uk/mmz4281/2526/E0.csv,2026-05-25
2025-26,Liverpool,7,2025-10-04,Chelsea,A,1,2,L,0,15,4,13,9,65,https://www.football-data.co.uk/mmz4281/2526/E0.csv,2026-05-25
2025-26,Liverpool,8,2025-10-19,Man United,H,1,2,L,0,15,3,14,11,79,https://www.football-data.co.uk/mmz4281/2526/E0.csv,2026-05-25
2025-26,Liverpool,9,2025-10-25,Brentford,A,2,3,L,0,15,2,16,14,85,https://www.football-data.co.uk/mmz4281/2526/E0.csv,2026-05-25
2025-26,Liverpool,10,2025-11-01,Aston Villa,H,2,0,W,3,18,4,18,14,97,https://www.football-data.co.uk/mmz4281/2526/E0.csv,2026-05-25
2025-26,Liverpool,11,2025-11-09,Man City,A,0,3,L,0,18,1,18,17,110,https://www.football-data.co.uk/mmz4281/2526/E0.csv,2026-05-25
2025-26,Liverpool,12,2025-11-22,Nott'm Forest,H,0,3,L,0,18,-2,18,20,115,https://www.football-data.co.uk/mmz4281/2526/E0.csv,2026-05-25
2025-26,Liverpool,13,2025-11-30,West Ham,A,2,0,W,3,21,0,20,20,129,https://www.football-data.co.uk/mmz4281/2526/E0.csv,2026-05-25
2025-26,Liverpool,14,2025-12-03,Sunderland,H,1,1,D,1,22,0,21,21,139,https://www.football-data.co.uk/mmz4281/2526/E0.csv,2026-05-25
2025-26,Liverpool,15,2025-12-06,Leeds,A,3,3,D,1,23,0,24,24,147,https://www.football-data.co.uk/mmz4281/2526/E0.csv,2026-05-25
2025-26,Liverpool,16,2025-12-13,Brighton,H,2,0,W,3,26,2,26,24,152,https://www.football-data.co.uk/mmz4281/2526/E0.csv,2026-05-25
2025-26,Liverpool,17,2025-12-20,Tottenham,A,2,1,W,3,29,3,28,25,166,https://www.football-data.co.uk/mmz4281/2526/E0.csv,2026-05-25
2025-26,Liverpool,18,2025-12-27,Wolves,H,2,1,W,3,32,4,30,26,176,https://www.football-data.co.uk/mmz4281/2526/E0.csv,2026-05-25
2025-26,Liverpool,19,2026-01-01,Leeds,H,0,0,D,1,33,4,30,26,188,https://www.football-data.co.uk/mmz4281/2526/E0.csv,2026-05-25
2025-26,Liverpool,20,2026-01-04,Fulham,A,2,2,D,1,34,4,32,28,199,https://www.football-data.co.uk/mmz4281/2526/E0.csv,2026-05-25
2025-26,Liverpool,21,2026-01-08,Arsenal,A,0,0,D,1,35,4,32,28,210,https://www.football-data.co.uk/mmz4281/2526/E0.csv,2026-05-25
2025-26,Liverpool,22,2026-01-17,Burnley,H,1,1,D,1,36,4,33,29,214,https://www.football-data.co.uk/mmz4281/2526/E0.csv,2026-05-25
2025-26,Liverpool,23,2026-01-24,Bournemouth,A,2,3,L,0,36,3,35,32,225,https://www.football-data.co.uk/mmz4281/2526/E0.csv,2026-05-25
2025-26,Liverpool,24,2026-01-31,Newcastle,H,4,1,W,3,39,6,39,33,235,https://www.football-data.co.uk/mmz4281/2526/E0.csv,2026-05-25
2025-26,Liverpool,25,2026-02-08,Man City,H,1,2,L,0,39,5,40,35,250,https://www.football-data.co.uk/mmz4281/2526/E0.csv,2026-05-25
2025-26,Liverpool,26,2026-02-11,Sunderland,A,1,0,W,3,42,6,41,35,259,https://www.football-data.co.uk/mmz4281/2526/E0.csv,2026-05-25
2025-26,Liverpool,27,2026-02-22,Nott'm Forest,A,1,0,W,3,45,7,42,35,268,https://www.football-data.co.uk/mmz4281/2526/E0.csv,2026-05-25
2025-26,Liverpool,28,2026-02-28,West Ham,H,5,2,W,3,48,10,47,37,275,https://www.football-data.co.uk/mmz4281/2526/E0.csv,2026-05-25
2025-26,Liverpool,29,2026-03-03,Wolves,A,1,2,L,0,48,9,48,39,285,https://www.football-data.co.uk/mmz4281/2526/E0.csv,2026-05-25
2025-26,Liverpool,30,2026-03-15,Tottenham,H,1,1,D,1,49,9,49,40,300,https://www.football-data.co.uk/mmz4281/2526/E0.csv,2026-05-25
2025-26,Liverpool,31,2026-03-21,Brighton,A,1,2,L,0,49,8,50,42,303,https://www.football-data.co.uk/mmz4281/2526/E0.csv,2026-05-25
2025-26,Liverpool,32,2026-04-11,Fulham,H,2,0,W,3,52,10,52,42,314,https://www.football-data.co.uk/mmz4281/2526/E0.csv,2026-05-25
2025-26,Liverpool,33,2026-04-19,Everton,A,2,1,W,3,55,11,54,43,326,https://www.football-data.co.uk/mmz4281/2526/E0.csv,2026-05-25
2025-26,Liverpool,34,2026-04-25,Crystal Palace,H,3,1,W,3,58,13,57,44,335,https://www.football-data.co.uk/mmz4281/2526/E0.csv,2026-05-25
2025-26,Liverpool,35,2026-05-03,Man United,A,2,3,L,0,58,12,59,47,346,https://www.football-data.co.uk/mmz4281/2526/E0.csv,2026-05-25
2025-26,Liverpool,36,2026-05-09,Chelsea,H,1,1,D,1,59,12,60,48,350,https://www.football-data.co.uk/mmz4281/2526/E0.csv,2026-05-25
2025-26,Liverpool,37,2026-05-15,Aston Villa,A,2,4,L,0,59,10,62,52,361,https://www.football-data.co.uk/mmz4281/2526/E0.csv,2026-05-25
2025-26,Liverpool,38,2026-05-24,Brentford,H,1,1,D,1,60,10,63,53,375,https://www.football-data.co.uk/mmz4281/2526/E0.csv,2026-05-25
2025-26,Man City,1,2025-08-16,Wolves,A,4,0,W,3,3,4,4,0,6,https://www.football-data.co.uk/mmz4281/2526/E0.csv,2026-05-25
2025-26,Man City,2,2025-08-23,Tottenham,H,0,2,L,0,3,2,4,2,12,https://www.football-data.co.uk/mmz4281/2526/E0.csv,2026-05-25
2025-26,Man City,3,2025-08-31,Brighton,A,1,2,L,0,3,1,5,4,27,https://www.football-data.co.uk/mmz4281/2526/E0.csv,2026-05-25
2025-26,Man City,4,2025-09-14,Man United,H,3,0,W,3,6,4,8,4,40,https://www.football-data.co.uk/mmz4281/2526/E0.csv,2026-05-25
2025-26,Man City,5,2025-09-21,Arsenal,A,1,1,D,1,7,4,9,5,50,https://www.football-data.co.uk/mmz4281/2526/E0.csv,2026-05-25
2025-26,Man City,6,2025-09-27,Burnley,H,5,1,W,3,10,8,14,6,55,https://www.football-data.co.uk/mmz4281/2526/E0.csv,2026-05-25
2025-26,Man City,7,2025-10-05,Brentford,A,1,0,W,3,13,9,15,6,70,https://www.football-data.co.uk/mmz4281/2526/E0.csv,2026-05-25
2025-26,Man City,8,2025-10-18,Everton,H,2,0,W,3,16,11,17,6,75,https://www.football-data.co.uk/mmz4281/2526/E0.csv,2026-05-25
2025-26,Man City,9,2025-10-26,Aston Villa,A,0,1,L,0,16,10,17,7,87,https://www.football-data.co.uk/mmz4281/2526/E0.csv,2026-05-25
2025-26,Man City,10,2025-11-02,Bournemouth,H,3,1,W,3,19,12,20,8,99,https://www.football-data.co.uk/mmz4281/2526/E0.csv,2026-05-25
2025-26,Man City,11,2025-11-09,Liverpool,H,3,0,W,3,22,15,23,8,110,https://www.football-data.co.uk/mmz4281/2526/E0.csv,2026-05-25
2025-26,Man City,12,2025-11-22,Newcastle,A,1,2,L,0,22,14,24,10,117,https://www.football-data.co.uk/mmz4281/2526/E0.csv,2026-05-25
2025-26,Man City,13,2025-11-29,Leeds,H,3,2,W,3,25,15,27,12,122,https://www.football-data.co.uk/mmz4281/2526/E0.csv,2026-05-25
2025-26,Man City,14,2025-12-02,Fulham,A,5,4,W,3,28,16,32,16,132,https://www.football-data.co.uk/mmz4281/2526/E0.csv,2026-05-25
2025-26,Man City,15,2025-12-06,Sunderland,H,3,0,W,3,31,19,35,16,144,https://www.football-data.co.uk/mmz4281/2526/E0.csv,2026-05-25
2025-26,Man City,16,2025-12-14,Crystal Palace,A,3,0,W,3,34,22,38,16,155,https://www.football-data.co.uk/mmz4281/2526/E0.csv,2026-05-25
2025-26,Man City,17,2025-12-20,West Ham,H,3,0,W,3,37,25,41,16,164,https://www.football-data.co.uk/mmz4281/2526/E0.csv,2026-05-25
2025-26,Man City,18,2025-12-27,Nott'm Forest,A,2,1,W,3,40,26,43,17,172,https://www.football-data.co.uk/mmz4281/2526/E0.csv,2026-05-25
2025-26,Man City,19,2026-01-01,Sunderland,A,0,0,D,1,41,26,43,17,190,https://www.football-data.co.uk/mmz4281/2526/E0.csv,2026-05-25
2025-26,Man City,20,2026-01-04,Chelsea,H,1,1,D,1,42,26,44,18,200,https://www.football-data.co.uk/mmz4281/2526/E0.csv,2026-05-25
2025-26,Man City,21,2026-01-07,Brighton,H,1,1,D,1,43,26,45,19,207,https://www.football-data.co.uk/mmz4281/2526/E0.csv,2026-05-25
2025-26,Man City,22,2026-01-17,Man United,A,0,2,L,0,43,24,45,21,211,https://www.football-data.co.uk/mmz4281/2526/E0.csv,2026-05-25
2025-26,Man City,23,2026-01-24,Wolves,H,2,0,W,3,46,26,47,21,224,https://www.football-data.co.uk/mmz4281/2526/E0.csv,2026-05-25
2025-26,Man City,24,2026-02-01,Tottenham,A,2,2,D,1,47,26,49,23,239,https://www.football-data.co.uk/mmz4281/2526/E0.csv,2026-05-25
2025-26,Man City,25,2026-02-08,Liverpool,A,2,1,W,3,50,27,51,24,250,https://www.football-data.co.uk/mmz4281/2526/E0.csv,2026-05-25
2025-26,Man City,26,2026-02-11,Fulham,H,3,0,W,3,53,30,54,24,257,https://www.football-data.co.uk/mmz4281/2526/E0.csv,2026-05-25
2025-26,Man City,27,2026-02-21,Newcastle,H,2,1,W,3,56,31,56,25,266,https://www.football-data.co.uk/mmz4281/2526/E0.csv,2026-05-25
2025-26,Man City,28,2026-02-28,Leeds,A,1,0,W,3,59,32,57,25,277,https://www.football-data.co.uk/mmz4281/2526/E0.csv,2026-05-25
2025-26,Man City,29,2026-03-04,Nott'm Forest,H,2,2,D,1,60,32,59,27,289,https://www.football-data.co.uk/mmz4281/2526/E0.csv,2026-05-25
2025-26,Man City,30,2026-03-14,West Ham,A,1,1,D,1,61,32,60,28,296,https://www.football-data.co.uk/mmz4281/2526/E0.csv,2026-05-25
2025-26,Man City,31,2026-04-12,Chelsea,A,3,0,W,3,64,35,63,28,318,https://www.football-data.co.uk/mmz4281/2526/E0.csv,2026-05-25
2025-26,Man City,32,2026-04-19,Arsenal,H,2,1,W,3,67,36,65,29,328,https://www.football-data.co.uk/mmz4281/2526/E0.csv,2026-05-25
2025-26,Man City,33,2026-04-22,Burnley,A,1,0,W,3,70,37,66,29,332,https://www.football-data.co.uk/mmz4281/2526/E0.csv,2026-05-25
2025-26,Man City,34,2026-05-04,Everton,A,3,3,D,1,71,37,69,32,349,https://www.football-data.co.uk/mmz4281/2526/E0.csv,2026-05-25
2025-26,Man City,35,2026-05-09,Brentford,H,3,0,W,3,74,40,72,32,354,https://www.football-data.co.uk/mmz4281/2526/E0.csv,2026-05-25
2025-26,Man City,36,2026-05-13,Crystal Palace,H,3,0,W,3,77,43,75,32,360,https://www.football-data.co.uk/mmz4281/2526/E0.csv,2026-05-25
2025-26,Man City,37,2026-05-19,Bournemouth,A,1,1,D,1,78,43,76,33,369,https://www.football-data.co.uk/mmz4281/2526/E0.csv,2026-05-25
2025-26,Man City,38,2026-05-24,Aston Villa,H,1,2,L,0,78,42,77,35,376,https://www.football-data.co.uk/mmz4281/2526/E0.csv,2026-05-25
2025-26,Man United,1,2025-08-17,Arsenal,H,0,1,L,0,0,-1,0,1,9,https://www.football-data.co.uk/mmz4281/2526/E0.csv,2026-05-25
2025-26,Man United,2,2025-08-24,Fulham,A,1,1,D,1,1,-1,1,2,19,https://www.football-data.co.uk/mmz4281/2526/E0.csv,2026-05-25
2025-26,Man United,3,2025-08-30,Burnley,H,3,2,W,3,4,0,4,4,22,https://www.football-data.co.uk/mmz4281/2526/E0.csv,2026-05-25
2025-26,Man United,4,2025-09-14,Man City,A,0,3,L,0,4,-3,4,7,40,https://www.football-data.co.uk/mmz4281/2526/E0.csv,2026-05-25
2025-26,Man United,5,2025-09-20,Chelsea,H,2,1,W,3,7,-2,6,8,46,https://www.football-data.co.uk/mmz4281/2526/E0.csv,2026-05-25
2025-26,Man United,6,2025-09-27,Brentford,A,1,3,L,0,7,-4,7,11,51,https://www.football-data.co.uk/mmz4281/2526/E0.csv,2026-05-25
2025-26,Man United,7,2025-10-04,Sunderland,H,2,0,W,3,10,-2,9,11,64,https://www.football-data.co.uk/mmz4281/2526/E0.csv,2026-05-25
2025-26,Man United,8,2025-10-19,Liverpool,A,2,1,W,3,13,-1,11,12,79,https://www.football-data.co.uk/mmz4281/2526/E0.csv,2026-05-25
2025-26,Man United,9,2025-10-25,Brighton,H,4,2,W,3,16,1,15,14,84,https://www.football-data.co.uk/mmz4281/2526/E0.csv,2026-05-25
2025-26,Man United,10,2025-11-01,Nott'm Forest,A,2,2,D,1,17,1,17,16,95,https://www.football-data.co.uk/mmz4281/2526/E0.csv,2026-05-25
2025-26,Man United,11,2025-11-08,Tottenham,A,2,2,D,1,18,1,19,18,101,https://www.football-data.co.uk/mmz4281/2526/E0.csv,2026-05-25
2025-26,Man United,12,2025-11-24,Everton,H,0,1,L,0,18,0,19,19,120,https://www.football-data.co.uk/mmz4281/2526/E0.csv,2026-05-25
2025-26,Man United,13,2025-11-30,Crystal Palace,A,2,1,W,3,21,1,21,20,126,https://www.football-data.co.uk/mmz4281/2526/E0.csv,2026-05-25
2025-26,Man United,14,2025-12-04,West Ham,H,1,1,D,1,22,1,22,21,140,https://www.football-data.co.uk/mmz4281/2526/E0.csv,2026-05-25
2025-26,Man United,15,2025-12-08,Wolves,A,4,1,W,3,25,4,26,22,150,https://www.football-data.co.uk/mmz4281/2526/E0.csv,2026-05-25
2025-26,Man United,16,2025-12-15,Bournemouth,H,4,4,D,1,26,4,30,26,160,https://www.football-data.co.uk/mmz4281/2526/E0.csv,2026-05-25
2025-26,Man United,17,2025-12-21,Aston Villa,A,1,2,L,0,26,3,31,28,169,https://www.football-data.co.uk/mmz4281/2526/E0.csv,2026-05-25
2025-26,Man United,18,2025-12-26,Newcastle,H,1,0,W,3,29,4,32,28,171,https://www.football-data.co.uk/mmz4281/2526/E0.csv,2026-05-25
2025-26,Man United,19,2025-12-30,Wolves,H,1,1,D,1,30,4,33,29,186,https://www.football-data.co.uk/mmz4281/2526/E0.csv,2026-05-25
2025-26,Man United,20,2026-01-04,Leeds,A,1,1,D,1,31,4,34,30,195,https://www.football-data.co.uk/mmz4281/2526/E0.csv,2026-05-25
2025-26,Man United,21,2026-01-07,Burnley,A,2,2,D,1,32,4,36,32,208,https://www.football-data.co.uk/mmz4281/2526/E0.csv,2026-05-25
2025-26,Man United,22,2026-01-17,Man City,H,2,0,W,3,35,6,38,32,211,https://www.football-data.co.uk/mmz4281/2526/E0.csv,2026-05-25
2025-26,Man United,23,2026-01-25,Arsenal,A,3,2,W,3,38,7,41,34,229,https://www.football-data.co.uk/mmz4281/2526/E0.csv,2026-05-25
2025-26,Man United,24,2026-02-01,Fulham,H,3,2,W,3,41,8,44,36,237,https://www.football-data.co.uk/mmz4281/2526/E0.csv,2026-05-25
2025-26,Man United,25,2026-02-07,Tottenham,H,2,0,W,3,44,10,46,36,242,https://www.football-data.co.uk/mmz4281/2526/E0.csv,2026-05-25
2025-26,Man United,26,2026-02-10,West Ham,A,1,1,D,1,45,10,47,37,254,https://www.football-data.co.uk/mmz4281/2526/E0.csv,2026-05-25
2025-26,Man United,27,2026-02-23,Everton,A,1,0,W,3,48,11,48,37,271,https://www.football-data.co.uk/mmz4281/2526/E0.csv,2026-05-25
2025-26,Man United,28,2026-03-01,Crystal Palace,H,2,1,W,3,51,12,50,38,280,https://www.football-data.co.uk/mmz4281/2526/E0.csv,2026-05-25
2025-26,Man United,29,2026-03-04,Newcastle,A,1,2,L,0,51,11,51,40,290,https://www.football-data.co.uk/mmz4281/2526/E0.csv,2026-05-25
2025-26,Man United,30,2026-03-15,Aston Villa,H,3,1,W,3,54,13,54,41,298,https://www.football-data.co.uk/mmz4281/2526/E0.csv,2026-05-25
2025-26,Man United,31,2026-03-20,Bournemouth,A,2,2,D,1,55,13,56,43,302,https://www.football-data.co.uk/mmz4281/2526/E0.csv,2026-05-25
2025-26,Man United,32,2026-04-13,Leeds,H,1,2,L,0,55,12,57,45,319,https://www.football-data.co.uk/mmz4281/2526/E0.csv,2026-05-25
2025-26,Man United,33,2026-04-18,Chelsea,A,1,0,W,3,58,13,58,45,324,https://www.football-data.co.uk/mmz4281/2526/E0.csv,2026-05-25
2025-26,Man United,34,2026-04-27,Brentford,H,2,1,W,3,61,14,60,46,339,https://www.football-data.co.uk/mmz4281/2526/E0.csv,2026-05-25
2025-26,Man United,35,2026-05-03,Liverpool,H,3,2,W,3,64,15,63,48,346,https://www.football-data.co.uk/mmz4281/2526/E0.csv,2026-05-25
2025-26,Man United,36,2026-05-09,Sunderland,A,0,0,D,1,65,15,63,48,353,https://www.football-data.co.uk/mmz4281/2526/E0.csv,2026-05-25
2025-26,Man United,37,2026-05-17,Nott'm Forest,H,3,2,W,3,68,16,66,50,362,https://www.football-data.co.uk/mmz4281/2526/E0.csv,2026-05-25
2025-26,Man United,38,2026-05-24,Brighton,A,3,0,W,3,71,19,69,50,371,https://www.football-data.co.uk/mmz4281/2526/E0.csv,2026-05-25
2025-26,Newcastle,1,2025-08-16,Aston Villa,A,0,0,D,1,1,0,0,0,2,https://www.football-data.co.uk/mmz4281/2526/E0.csv,2026-05-25
2025-26,Newcastle,2,2025-08-25,Liverpool,H,2,3,L,0,1,-1,2,3,20,https://www.football-data.co.uk/mmz4281/2526/E0.csv,2026-05-25
2025-26,Newcastle,3,2025-08-30,Leeds,A,0,0,D,1,2,-1,2,3,26,https://www.football-data.co.uk/mmz4281/2526/E0.csv,2026-05-25
2025-26,Newcastle,4,2025-09-13,Wolves,H,1,0,W,3,5,0,3,3,36,https://www.football-data.co.uk/mmz4281/2526/E0.csv,2026-05-25
2025-26,Newcastle,5,2025-09-21,Bournemouth,A,0,0,D,1,6,0,3,3,48,https://www.football-data.co.uk/mmz4281/2526/E0.csv,2026-05-25
2025-26,Newcastle,6,2025-09-28,Arsenal,H,1,2,L,0,6,-1,4,5,59,https://www.football-data.co.uk/mmz4281/2526/E0.csv,2026-05-25
2025-26,Newcastle,7,2025-10-05,Nott'm Forest,H,2,0,W,3,9,1,6,5,68,https://www.football-data.co.uk/mmz4281/2526/E0.csv,2026-05-25
2025-26,Newcastle,8,2025-10-18,Brighton,A,1,2,L,0,9,0,7,7,72,https://www.football-data.co.uk/mmz4281/2526/E0.csv,2026-05-25
2025-26,Newcastle,9,2025-10-25,Fulham,H,2,1,W,3,12,1,9,8,83,https://www.football-data.co.uk/mmz4281/2526/E0.csv,2026-05-25
2025-26,Newcastle,10,2025-11-02,West Ham,A,1,3,L,0,12,-1,10,11,98,https://www.football-data.co.uk/mmz4281/2526/E0.csv,2026-05-25
2025-26,Newcastle,11,2025-11-09,Brentford,A,1,3,L,0,12,-3,11,14,107,https://www.football-data.co.uk/mmz4281/2526/E0.csv,2026-05-25
2025-26,Newcastle,12,2025-11-22,Man City,H,2,1,W,3,15,-2,13,15,117,https://www.football-data.co.uk/mmz4281/2526/E0.csv,2026-05-25
2025-26,Newcastle,13,2025-11-29,Everton,A,4,1,W,3,18,1,17,16,124,https://www.football-data.co.uk/mmz4281/2526/E0.csv,2026-05-25
2025-26,Newcastle,14,2025-12-02,Tottenham,H,2,2,D,1,19,1,19,18,133,https://www.football-data.co.uk/mmz4281/2526/E0.csv,2026-05-25
2025-26,Newcastle,15,2025-12-06,Burnley,H,2,1,W,3,22,2,21,19,145,https://www.football-data.co.uk/mmz4281/2526/E0.csv,2026-05-25
2025-26,Newcastle,16,2025-12-14,Sunderland,A,0,1,L,0,22,1,21,20,157,https://www.football-data.co.uk/mmz4281/2526/E0.csv,2026-05-25
2025-26,Newcastle,17,2025-12-20,Chelsea,H,2,2,D,1,23,1,23,22,161,https://www.football-data.co.uk/mmz4281/2526/E0.csv,2026-05-25
2025-26,Newcastle,18,2025-12-26,Man United,A,0,1,L,0,23,0,23,23,171,https://www.football-data.co.uk/mmz4281/2526/E0.csv,2026-05-25
2025-26,Newcastle,19,2025-12-30,Burnley,A,3,1,W,3,26,2,26,24,181,https://www.football-data.co.uk/mmz4281/2526/E0.csv,2026-05-25
2025-26,Newcastle,20,2026-01-04,Crystal Palace,H,2,0,W,3,29,4,28,24,197,https://www.football-data.co.uk/mmz4281/2526/E0.csv,2026-05-25
2025-26,Newcastle,21,2026-01-07,Leeds,H,4,3,W,3,32,5,32,27,209,https://www.football-data.co.uk/mmz4281/2526/E0.csv,2026-05-25
2025-26,Newcastle,22,2026-01-18,Wolves,A,0,0,D,1,33,5,32,27,218,https://www.football-data.co.uk/mmz4281/2526/E0.csv,2026-05-25
2025-26,Newcastle,23,2026-01-25,Aston Villa,H,0,2,L,0,33,3,32,29,228,https://www.football-data.co.uk/mmz4281/2526/E0.csv,2026-05-25
2025-26,Newcastle,24,2026-01-31,Liverpool,A,1,4,L,0,33,0,33,33,235,https://www.football-data.co.uk/mmz4281/2526/E0.csv,2026-05-25
2025-26,Newcastle,25,2026-02-07,Brentford,H,2,3,L,0,33,-1,35,36,248,https://www.football-data.co.uk/mmz4281/2526/E0.csv,2026-05-25
2025-26,Newcastle,26,2026-02-10,Tottenham,A,2,1,W,3,36,0,37,37,253,https://www.football-data.co.uk/mmz4281/2526/E0.csv,2026-05-25
2025-26,Newcastle,27,2026-02-21,Man City,A,1,2,L,0,36,-1,38,39,266,https://www.football-data.co.uk/mmz4281/2526/E0.csv,2026-05-25
2025-26,Newcastle,28,2026-02-28,Everton,H,2,3,L,0,36,-2,40,42,276,https://www.football-data.co.uk/mmz4281/2526/E0.csv,2026-05-25
2025-26,Newcastle,29,2026-03-04,Man United,H,2,1,W,3,39,-1,42,43,290,https://www.football-data.co.uk/mmz4281/2526/E0.csv,2026-05-25
2025-26,Newcastle,30,2026-03-14,Chelsea,A,1,0,W,3,42,0,43,43,295,https://www.football-data.co.uk/mmz4281/2526/E0.csv,2026-05-25
2025-26,Newcastle,31,2026-03-22,Sunderland,H,1,2,L,0,42,-1,44,45,307,https://www.football-data.co.uk/mmz4281/2526/E0.csv,2026-05-25
2025-26,Newcastle,32,2026-04-12,Crystal Palace,A,1,2,L,0,42,-2,45,47,315,https://www.football-data.co.uk/mmz4281/2526/E0.csv,2026-05-25
2025-26,Newcastle,33,2026-04-18,Bournemouth,H,1,2,L,0,42,-3,46,49,322,https://www.football-data.co.uk/mmz4281/2526/E0.csv,2026-05-25
2025-26,Newcastle,34,2026-04-25,Arsenal,A,0,1,L,0,42,-4,46,50,338,https://www.football-data.co.uk/mmz4281/2526/E0.csv,2026-05-25
2025-26,Newcastle,35,2026-05-02,Brighton,H,3,1,W,3,45,-2,49,51,342,https://www.football-data.co.uk/mmz4281/2526/E0.csv,2026-05-25
2025-26,Newcastle,36,2026-05-10,Nott'm Forest,A,1,1,D,1,46,-2,50,52,357,https://www.football-data.co.uk/mmz4281/2526/E0.csv,2026-05-25
2025-26,Newcastle,37,2026-05-17,West Ham,H,3,1,W,3,49,0,53,53,367,https://www.football-data.co.uk/mmz4281/2526/E0.csv,2026-05-25
2025-26,Newcastle,38,2026-05-24,Fulham,A,0,2,L,0,49,-2,53,55,374,https://www.football-data.co.uk/mmz4281/2526/E0.csv,2026-05-25
2025-26,Nott'm Forest,1,2025-08-17,Brentford,H,3,1,W,3,3,2,3,1,8,https://www.football-data.co.uk/mmz4281/2526/E0.csv,2026-05-25
2025-26,Nott'm Forest,2,2025-08-24,Crystal Palace,A,1,1,D,1,4,2,4,2,17,https://www.football-data.co.uk/mmz4281/2526/E0.csv,2026-05-25
2025-26,Nott'm Forest,3,2025-08-31,West Ham,H,0,3,L,0,4,-1,4,5,28,https://www.football-data.co.uk/mmz4281/2526/E0.csv,2026-05-25
2025-26,Nott'm Forest,4,2025-09-13,Arsenal,A,0,3,L,0,4,-4,4,8,31,https://www.football-data.co.uk/mmz4281/2526/E0.csv,2026-05-25
2025-26,Nott'm Forest,5,2025-09-20,Burnley,A,1,1,D,1,5,-4,5,9,43,https://www.football-data.co.uk/mmz4281/2526/E0.csv,2026-05-25
2025-26,Nott'm Forest,6,2025-09-27,Sunderland,H,0,1,L,0,5,-5,5,10,56,https://www.football-data.co.uk/mmz4281/2526/E0.csv,2026-05-25
2025-26,Nott'm Forest,7,2025-10-05,Newcastle,A,0,2,L,0,5,-7,5,12,68,https://www.football-data.co.uk/mmz4281/2526/E0.csv,2026-05-25
2025-26,Nott'm Forest,8,2025-10-18,Chelsea,H,0,3,L,0,5,-10,5,15,71,https://www.football-data.co.uk/mmz4281/2526/E0.csv,2026-05-25
2025-26,Nott'm Forest,9,2025-10-26,Bournemouth,A,0,2,L,0,5,-12,5,17,88,https://www.football-data.co.uk/mmz4281/2526/E0.csv,2026-05-25
2025-26,Nott'm Forest,10,2025-11-01,Man United,H,2,2,D,1,6,-12,7,19,95,https://www.football-data.co.uk/mmz4281/2526/E0.csv,2026-05-25
2025-26,Nott'm Forest,11,2025-11-09,Leeds,H,3,1,W,3,9,-10,10,20,109,https://www.football-data.co.uk/mmz4281/2526/E0.csv,2026-05-25
2025-26,Nott'm Forest,12,2025-11-22,Liverpool,A,3,0,W,3,12,-7,13,20,115,https://www.football-data.co.uk/mmz4281/2526/E0.csv,2026-05-25
2025-26,Nott'm Forest,13,2025-11-30,Brighton,H,0,2,L,0,12,-9,13,22,128,https://www.football-data.co.uk/mmz4281/2526/E0.csv,2026-05-25
2025-26,Nott'm Forest,14,2025-12-03,Wolves,A,1,0,W,3,15,-8,14,22,137,https://www.football-data.co.uk/mmz4281/2526/E0.csv,2026-05-25
2025-26,Nott'm Forest,15,2025-12-06,Everton,A,0,3,L,0,15,-11,14,25,143,https://www.football-data.co.uk/mmz4281/2526/E0.csv,2026-05-25
2025-26,Nott'm Forest,16,2025-12-14,Tottenham,H,3,0,W,3,18,-8,17,25,156,https://www.football-data.co.uk/mmz4281/2526/E0.csv,2026-05-25
2025-26,Nott'm Forest,17,2025-12-22,Fulham,A,0,1,L,0,18,-9,17,26,170,https://www.football-data.co.uk/mmz4281/2526/E0.csv,2026-05-25
2025-26,Nott'm Forest,18,2025-12-27,Man City,H,1,2,L,0,18,-10,18,28,172,https://www.football-data.co.uk/mmz4281/2526/E0.csv,2026-05-25
2025-26,Nott'm Forest,19,2025-12-30,Everton,H,0,2,L,0,18,-12,18,30,183,https://www.football-data.co.uk/mmz4281/2526/E0.csv,2026-05-25
2025-26,Nott'm Forest,20,2026-01-03,Aston Villa,A,1,3,L,0,18,-14,19,33,191,https://www.football-data.co.uk/mmz4281/2526/E0.csv,2026-05-25
2025-26,Nott'm Forest,21,2026-01-06,West Ham,A,2,1,W,3,21,-13,21,34,201,https://www.football-data.co.uk/mmz4281/2526/E0.csv,2026-05-25
2025-26,Nott'm Forest,22,2026-01-17,Arsenal,H,0,0,D,1,22,-13,21,34,217,https://www.football-data.co.uk/mmz4281/2526/E0.csv,2026-05-25
2025-26,Nott'm Forest,23,2026-01-25,Brentford,A,2,0,W,3,25,-11,23,34,226,https://www.football-data.co.uk/mmz4281/2526/E0.csv,2026-05-25
2025-26,Nott'm Forest,24,2026-02-01,Crystal Palace,H,1,1,D,1,26,-11,24,35,238,https://www.football-data.co.uk/mmz4281/2526/E0.csv,2026-05-25
2025-26,Nott'm Forest,25,2026-02-06,Leeds,A,1,3,L,0,26,-13,25,38,241,https://www.football-data.co.uk/mmz4281/2526/E0.csv,2026-05-25
2025-26,Nott'm Forest,26,2026-02-11,Wolves,H,0,0,D,1,27,-13,25,38,258,https://www.football-data.co.uk/mmz4281/2526/E0.csv,2026-05-25
2025-26,Nott'm Forest,27,2026-02-22,Liverpool,H,0,1,L,0,27,-14,25,39,268,https://www.football-data.co.uk/mmz4281/2526/E0.csv,2026-05-25
2025-26,Nott'm Forest,28,2026-03-01,Brighton,A,1,2,L,0,27,-15,26,41,278,https://www.football-data.co.uk/mmz4281/2526/E0.csv,2026-05-25
2025-26,Nott'm Forest,29,2026-03-04,Man City,A,2,2,D,1,28,-15,28,43,289,https://www.football-data.co.uk/mmz4281/2526/E0.csv,2026-05-25
2025-26,Nott'm Forest,30,2026-03-15,Fulham,H,0,0,D,1,29,-15,28,43,299,https://www.football-data.co.uk/mmz4281/2526/E0.csv,2026-05-25
2025-26,Nott'm Forest,31,2026-03-22,Tottenham,A,3,0,W,3,32,-12,31,43,309,https://www.football-data.co.uk/mmz4281/2526/E0.csv,2026-05-25
2025-26,Nott'm Forest,32,2026-04-12,Aston Villa,H,1,1,D,1,33,-12,32,44,316,https://www.football-data.co.uk/mmz4281/2526/E0.csv,2026-05-25
2025-26,Nott'm Forest,33,2026-04-19,Burnley,H,4,1,W,3,36,-9,36,45,327,https://www.football-data.co.uk/mmz4281/2526/E0.csv,2026-05-25
2025-26,Nott'm Forest,34,2026-04-24,Sunderland,A,5,0,W,3,39,-4,41,45,333,https://www.football-data.co.uk/mmz4281/2526/E0.csv,2026-05-25
2025-26,Nott'm Forest,35,2026-05-04,Chelsea,A,3,1,W,3,42,-2,44,46,348,https://www.football-data.co.uk/mmz4281/2526/E0.csv,2026-05-25
2025-26,Nott'm Forest,36,2026-05-10,Newcastle,H,1,1,D,1,43,-2,45,47,357,https://www.football-data.co.uk/mmz4281/2526/E0.csv,2026-05-25
2025-26,Nott'm Forest,37,2026-05-17,Man United,A,2,3,L,0,43,-3,47,50,362,https://www.football-data.co.uk/mmz4281/2526/E0.csv,2026-05-25
2025-26,Nott'm Forest,38,2026-05-24,Bournemouth,H,1,1,D,1,44,-3,48,51,377,https://www.football-data.co.uk/mmz4281/2526/E0.csv,2026-05-25
2025-26,Sunderland,1,2025-08-16,West Ham,H,3,0,W,3,3,3,3,0,4,https://www.football-data.co.uk/mmz4281/2526/E0.csv,2026-05-25
2025-26,Sunderland,2,2025-08-23,Burnley,A,0,2,L,0,3,1,3,2,15,https://www.football-data.co.uk/mmz4281/2526/E0.csv,2026-05-25
2025-26,Sunderland,3,2025-08-30,Brentford,H,2,1,W,3,6,2,5,3,23,https://www.football-data.co.uk/mmz4281/2526/E0.csv,2026-05-25
2025-26,Sunderland,4,2025-09-13,Crystal Palace,A,0,0,D,1,7,2,5,3,33,https://www.football-data.co.uk/mmz4281/2526/E0.csv,2026-05-25
2025-26,Sunderland,5,2025-09-21,Aston Villa,H,1,1,D,1,8,2,6,4,49,https://www.football-data.co.uk/mmz4281/2526/E0.csv,2026-05-25
2025-26,Sunderland,6,2025-09-27,Nott'm Forest,A,1,0,W,3,11,3,7,4,56,https://www.football-data.co.uk/mmz4281/2526/E0.csv,2026-05-25
2025-26,Sunderland,7,2025-10-04,Man United,A,0,2,L,0,11,1,7,6,64,https://www.football-data.co.uk/mmz4281/2526/E0.csv,2026-05-25
2025-26,Sunderland,8,2025-10-18,Wolves,H,2,0,W,3,14,3,9,6,76,https://www.football-data.co.uk/mmz4281/2526/E0.csv,2026-05-25
2025-26,Sunderland,9,2025-10-25,Chelsea,A,2,1,W,3,17,4,11,7,82,https://www.football-data.co.uk/mmz4281/2526/E0.csv,2026-05-25
2025-26,Sunderland,10,2025-11-03,Everton,H,1,1,D,1,18,4,12,8,100,https://www.football-data.co.uk/mmz4281/2526/E0.csv,2026-05-25
2025-26,Sunderland,11,2025-11-08,Arsenal,H,2,2,D,1,19,4,14,10,104,https://www.football-data.co.uk/mmz4281/2526/E0.csv,2026-05-25
2025-26,Sunderland,12,2025-11-22,Fulham,A,0,1,L,0,19,3,14,11,114,https://www.football-data.co.uk/mmz4281/2526/E0.csv,2026-05-25
2025-26,Sunderland,13,2025-11-29,Bournemouth,H,3,2,W,3,22,4,17,13,123,https://www.football-data.co.uk/mmz4281/2526/E0.csv,2026-05-25
2025-26,Sunderland,14,2025-12-03,Liverpool,A,1,1,D,1,23,4,18,14,139,https://www.football-data.co.uk/mmz4281/2526/E0.csv,2026-05-25
2025-26,Sunderland,15,2025-12-06,Man City,A,0,3,L,0,23,1,18,17,144,https://www.football-data.co.uk/mmz4281/2526/E0.csv,2026-05-25
2025-26,Sunderland,16,2025-12-14,Newcastle,H,1,0,W,3,26,2,19,17,157,https://www.football-data.co.uk/mmz4281/2526/E0.csv,2026-05-25
2025-26,Sunderland,17,2025-12-20,Brighton,A,0,0,D,1,27,2,19,17,163,https://www.football-data.co.uk/mmz4281/2526/E0.csv,2026-05-25
2025-26,Sunderland,18,2025-12-28,Leeds,H,1,1,D,1,28,2,20,18,179,https://www.football-data.co.uk/mmz4281/2526/E0.csv,2026-05-25
2025-26,Sunderland,19,2026-01-01,Man City,H,0,0,D,1,29,2,20,18,190,https://www.football-data.co.uk/mmz4281/2526/E0.csv,2026-05-25
2025-26,Sunderland,20,2026-01-04,Tottenham,A,1,1,D,1,30,2,21,19,198,https://www.football-data.co.uk/mmz4281/2526/E0.csv,2026-05-25
2025-26,Sunderland,21,2026-01-07,Brentford,A,0,3,L,0,30,-1,21,22,203,https://www.football-data.co.uk/mmz4281/2526/E0.csv,2026-05-25
2025-26,Sunderland,22,2026-01-17,Crystal Palace,H,2,1,W,3,33,0,23,23,215,https://www.football-data.co.uk/mmz4281/2526/E0.csv,2026-05-25
2025-26,Sunderland,23,2026-01-24,West Ham,A,1,3,L,0,33,-2,24,26,221,https://www.football-data.co.uk/mmz4281/2526/E0.csv,2026-05-25
2025-26,Sunderland,24,2026-02-02,Burnley,H,3,0,W,3,36,1,27,26,240,https://www.football-data.co.uk/mmz4281/2526/E0.csv,2026-05-25
2025-26,Sunderland,25,2026-02-07,Arsenal,A,0,3,L,0,36,-2,27,29,243,https://www.football-data.co.uk/mmz4281/2526/E0.csv,2026-05-25
2025-26,Sunderland,26,2026-02-11,Liverpool,H,0,1,L,0,36,-3,27,30,259,https://www.football-data.co.uk/mmz4281/2526/E0.csv,2026-05-25
2025-26,Sunderland,27,2026-02-22,Fulham,H,1,3,L,0,36,-5,28,33,269,https://www.football-data.co.uk/mmz4281/2526/E0.csv,2026-05-25
2025-26,Sunderland,28,2026-02-28,Bournemouth,A,1,1,D,1,37,-5,29,34,273,https://www.football-data.co.uk/mmz4281/2526/E0.csv,2026-05-25
2025-26,Sunderland,29,2026-03-03,Leeds,A,1,0,W,3,40,-4,30,34,284,https://www.football-data.co.uk/mmz4281/2526/E0.csv,2026-05-25
2025-26,Sunderland,30,2026-03-14,Brighton,H,0,1,L,0,40,-5,30,35,293,https://www.football-data.co.uk/mmz4281/2526/E0.csv,2026-05-25
2025-26,Sunderland,31,2026-03-22,Newcastle,A,2,1,W,3,43,-4,32,36,307,https://www.football-data.co.uk/mmz4281/2526/E0.csv,2026-05-25
2025-26,Sunderland,32,2026-04-12,Tottenham,H,1,0,W,3,46,-3,33,36,317,https://www.football-data.co.uk/mmz4281/2526/E0.csv,2026-05-25
2025-26,Sunderland,33,2026-04-19,Aston Villa,A,3,4,L,0,46,-4,36,40,325,https://www.football-data.co.uk/mmz4281/2526/E0.csv,2026-05-25
2025-26,Sunderland,34,2026-04-24,Nott'm Forest,H,0,5,L,0,46,-9,36,45,333,https://www.football-data.co.uk/mmz4281/2526/E0.csv,2026-05-25
2025-26,Sunderland,35,2026-05-02,Wolves,A,1,1,D,1,47,-9,37,46,343,https://www.football-data.co.uk/mmz4281/2526/E0.csv,2026-05-25
2025-26,Sunderland,36,2026-05-09,Man United,H,0,0,D,1,48,-9,37,46,353,https://www.football-data.co.uk/mmz4281/2526/E0.csv,2026-05-25
2025-26,Sunderland,37,2026-05-17,Everton,A,3,1,W,3,51,-7,40,47,364,https://www.football-data.co.uk/mmz4281/2526/E0.csv,2026-05-25
2025-26,Sunderland,38,2026-05-24,Chelsea,H,2,1,W,3,54,-6,42,48,378,https://www.football-data.co.uk/mmz4281/2526/E0.csv,2026-05-25
2025-26,Tottenham,1,2025-08-16,Burnley,H,3,0,W,3,3,3,3,0,5,https://www.football-data.co.uk/mmz4281/2526/E0.csv,2026-05-25
2025-26,Tottenham,2,2025-08-23,Man City,A,2,0,W,3,6,5,5,0,12,https://www.football-data.co.uk/mmz4281/2526/E0.csv,2026-05-25
2025-26,Tottenham,3,2025-08-30,Bournemouth,H,0,1,L,0,6,4,5,1,24,https://www.football-data.co.uk/mmz4281/2526/E0.csv,2026-05-25
2025-26,Tottenham,4,2025-09-13,West Ham,A,3,0,W,3,9,7,8,1,37,https://www.football-data.co.uk/mmz4281/2526/E0.csv,2026-05-25
2025-26,Tottenham,5,2025-09-20,Brighton,A,2,2,D,1,10,7,10,3,42,https://www.football-data.co.uk/mmz4281/2526/E0.csv,2026-05-25
2025-26,Tottenham,6,2025-09-27,Wolves,H,1,1,D,1,11,7,11,4,57,https://www.football-data.co.uk/mmz4281/2526/E0.csv,2026-05-25
2025-26,Tottenham,7,2025-10-04,Leeds,A,2,1,W,3,14,8,13,5,62,https://www.football-data.co.uk/mmz4281/2526/E0.csv,2026-05-25
2025-26,Tottenham,8,2025-10-19,Aston Villa,H,1,2,L,0,14,7,14,7,78,https://www.football-data.co.uk/mmz4281/2526/E0.csv,2026-05-25
2025-26,Tottenham,9,2025-10-26,Everton,A,3,0,W,3,17,10,17,7,90,https://www.football-data.co.uk/mmz4281/2526/E0.csv,2026-05-25
2025-26,Tottenham,10,2025-11-01,Chelsea,H,0,1,L,0,17,9,17,8,96,https://www.football-data.co.uk/mmz4281/2526/E0.csv,2026-05-25
2025-26,Tottenham,11,2025-11-08,Man United,H,2,2,D,1,18,9,19,10,101,https://www.football-data.co.uk/mmz4281/2526/E0.csv,2026-05-25
2025-26,Tottenham,12,2025-11-23,Arsenal,A,1,4,L,0,18,6,20,14,119,https://www.football-data.co.uk/mmz4281/2526/E0.csv,2026-05-25
2025-26,Tottenham,13,2025-11-29,Fulham,H,1,2,L,0,18,5,21,16,125,https://www.football-data.co.uk/mmz4281/2526/E0.csv,2026-05-25
2025-26,Tottenham,14,2025-12-02,Newcastle,A,2,2,D,1,19,5,23,18,133,https://www.football-data.co.uk/mmz4281/2526/E0.csv,2026-05-25
2025-26,Tottenham,15,2025-12-06,Brentford,H,2,0,W,3,22,7,25,18,146,https://www.football-data.co.uk/mmz4281/2526/E0.csv,2026-05-25
2025-26,Tottenham,16,2025-12-14,Nott'm Forest,A,0,3,L,0,22,4,25,21,156,https://www.football-data.co.uk/mmz4281/2526/E0.csv,2026-05-25
2025-26,Tottenham,17,2025-12-20,Liverpool,H,1,2,L,0,22,3,26,23,166,https://www.football-data.co.uk/mmz4281/2526/E0.csv,2026-05-25
2025-26,Tottenham,18,2025-12-28,Crystal Palace,A,1,0,W,3,25,4,27,23,180,https://www.football-data.co.uk/mmz4281/2526/E0.csv,2026-05-25
2025-26,Tottenham,19,2026-01-01,Brentford,A,0,0,D,1,26,4,27,23,189,https://www.football-data.co.uk/mmz4281/2526/E0.csv,2026-05-25
2025-26,Tottenham,20,2026-01-04,Sunderland,H,1,1,D,1,27,4,28,24,198,https://www.football-data.co.uk/mmz4281/2526/E0.csv,2026-05-25
2025-26,Tottenham,21,2026-01-07,Bournemouth,A,2,3,L,0,27,3,30,27,202,https://www.football-data.co.uk/mmz4281/2526/E0.csv,2026-05-25
2025-26,Tottenham,22,2026-01-17,West Ham,H,1,2,L,0,27,2,31,29,216,https://www.football-data.co.uk/mmz4281/2526/E0.csv,2026-05-25
2025-26,Tottenham,23,2026-01-24,Burnley,A,2,2,D,1,28,2,33,31,222,https://www.football-data.co.uk/mmz4281/2526/E0.csv,2026-05-25
2025-26,Tottenham,24,2026-02-01,Man City,H,2,2,D,1,29,2,35,33,239,https://www.football-data.co.uk/mmz4281/2526/E0.csv,2026-05-25
2025-26,Tottenham,25,2026-02-07,Man United,A,0,2,L,0,29,0,35,35,242,https://www.football-data.co.uk/mmz4281/2526/E0.csv,2026-05-25
2025-26,Tottenham,26,2026-02-10,Newcastle,H,1,2,L,0,29,-1,36,37,253,https://www.football-data.co.uk/mmz4281/2526/E0.csv,2026-05-25
2025-26,Tottenham,27,2026-02-22,Arsenal,H,1,4,L,0,29,-4,37,41,270,https://www.football-data.co.uk/mmz4281/2526/E0.csv,2026-05-25
2025-26,Tottenham,28,2026-03-01,Fulham,A,1,2,L,0,29,-5,38,43,279,https://www.football-data.co.uk/mmz4281/2526/E0.csv,2026-05-25
2025-26,Tottenham,29,2026-03-05,Crystal Palace,H,1,3,L,0,29,-7,39,46,291,https://www.football-data.co.uk/mmz4281/2526/E0.csv,2026-05-25
2025-26,Tottenham,30,2026-03-15,Liverpool,A,1,1,D,1,30,-7,40,47,300,https://www.football-data.co.uk/mmz4281/2526/E0.csv,2026-05-25
2025-26,Tottenham,31,2026-03-22,Nott'm Forest,H,0,3,L,0,30,-10,40,50,309,https://www.football-data.co.uk/mmz4281/2526/E0.csv,2026-05-25
2025-26,Tottenham,32,2026-04-12,Sunderland,A,0,1,L,0,30,-11,40,51,317,https://www.football-data.co.uk/mmz4281/2526/E0.csv,2026-05-25
2025-26,Tottenham,33,2026-04-18,Brighton,H,2,2,D,1,31,-11,42,53,323,https://www.football-data.co.uk/mmz4281/2526/E0.csv,2026-05-25
2025-26,Tottenham,34,2026-04-25,Wolves,A,1,0,W,3,34,-10,43,53,337,https://www.football-data.co.uk/mmz4281/2526/E0.csv,2026-05-25
2025-26,Tottenham,35,2026-05-03,Aston Villa,A,2,1,W,3,37,-9,45,54,347,https://www.football-data.co.uk/mmz4281/2526/E0.csv,2026-05-25
2025-26,Tottenham,36,2026-05-11,Leeds,H,1,1,D,1,38,-9,46,55,359,https://www.football-data.co.uk/mmz4281/2526/E0.csv,2026-05-25
2025-26,Tottenham,37,2026-05-19,Chelsea,A,1,2,L,0,38,-10,47,57,370,https://www.football-data.co.uk/mmz4281/2526/E0.csv,2026-05-25
2025-26,Tottenham,38,2026-05-24,Everton,H,1,0,W,3,41,-9,48,57,379,https://www.football-data.co.uk/mmz4281/2526/E0.csv,2026-05-25
2025-26,West Ham,1,2025-08-16,Sunderland,A,0,3,L,0,0,-3,0,3,4,https://www.football-data.co.uk/mmz4281/2526/E0.csv,2026-05-25
2025-26,West Ham,2,2025-08-22,Chelsea,H,1,5,L,0,0,-7,1,8,11,https://www.football-data.co.uk/mmz4281/2526/E0.csv,2026-05-25
2025-26,West Ham,3,2025-08-31,Nott'm Forest,A,3,0,W,3,3,-4,4,8,28,https://www.football-data.co.uk/mmz4281/2526/E0.csv,2026-05-25
2025-26,West Ham,4,2025-09-13,Tottenham,H,0,3,L,0,3,-7,4,11,37,https://www.football-data.co.uk/mmz4281/2526/E0.csv,2026-05-25
2025-26,West Ham,5,2025-09-20,Crystal Palace,H,1,2,L,0,3,-8,5,13,44,https://www.football-data.co.uk/mmz4281/2526/E0.csv,2026-05-25
2025-26,West Ham,6,2025-09-29,Everton,A,1,1,D,1,4,-8,6,14,60,https://www.football-data.co.uk/mmz4281/2526/E0.csv,2026-05-25
2025-26,West Ham,7,2025-10-04,Arsenal,A,0,2,L,0,4,-10,6,16,63,https://www.football-data.co.uk/mmz4281/2526/E0.csv,2026-05-25
2025-26,West Ham,8,2025-10-20,Brentford,H,0,2,L,0,4,-12,6,18,80,https://www.football-data.co.uk/mmz4281/2526/E0.csv,2026-05-25
2025-26,West Ham,9,2025-10-24,Leeds,A,1,2,L,0,4,-13,7,20,81,https://www.football-data.co.uk/mmz4281/2526/E0.csv,2026-05-25
2025-26,West Ham,10,2025-11-02,Newcastle,H,3,1,W,3,7,-11,10,21,98,https://www.football-data.co.uk/mmz4281/2526/E0.csv,2026-05-25
2025-26,West Ham,11,2025-11-08,Burnley,H,3,2,W,3,10,-10,13,23,103,https://www.football-data.co.uk/mmz4281/2526/E0.csv,2026-05-25
2025-26,West Ham,12,2025-11-22,Bournemouth,A,2,2,D,1,11,-10,15,25,112,https://www.football-data.co.uk/mmz4281/2526/E0.csv,2026-05-25
2025-26,West Ham,13,2025-11-30,Liverpool,H,0,2,L,0,11,-12,15,27,129,https://www.football-data.co.uk/mmz4281/2526/E0.csv,2026-05-25
2025-26,West Ham,14,2025-12-04,Man United,A,1,1,D,1,12,-12,16,28,140,https://www.football-data.co.uk/mmz4281/2526/E0.csv,2026-05-25
2025-26,West Ham,15,2025-12-07,Brighton,A,1,1,D,1,13,-12,17,29,148,https://www.football-data.co.uk/mmz4281/2526/E0.csv,2026-05-25
2025-26,West Ham,16,2025-12-14,Aston Villa,H,2,3,L,0,13,-13,19,32,158,https://www.football-data.co.uk/mmz4281/2526/E0.csv,2026-05-25
2025-26,West Ham,17,2025-12-20,Man City,A,0,3,L,0,13,-16,19,35,164,https://www.football-data.co.uk/mmz4281/2526/E0.csv,2026-05-25
2025-26,West Ham,18,2025-12-27,Fulham,H,0,1,L,0,13,-17,19,36,177,https://www.football-data.co.uk/mmz4281/2526/E0.csv,2026-05-25
2025-26,West Ham,19,2025-12-30,Brighton,H,2,2,D,1,14,-17,21,38,184,https://www.football-data.co.uk/mmz4281/2526/E0.csv,2026-05-25
2025-26,West Ham,20,2026-01-03,Wolves,A,0,3,L,0,14,-20,21,41,193,https://www.football-data.co.uk/mmz4281/2526/E0.csv,2026-05-25
2025-26,West Ham,21,2026-01-06,Nott'm Forest,H,1,2,L,0,14,-21,22,43,201,https://www.football-data.co.uk/mmz4281/2526/E0.csv,2026-05-25
2025-26,West Ham,22,2026-01-17,Tottenham,A,2,1,W,3,17,-20,24,44,216,https://www.football-data.co.uk/mmz4281/2526/E0.csv,2026-05-25
2025-26,West Ham,23,2026-01-24,Sunderland,H,3,1,W,3,20,-18,27,45,221,https://www.football-data.co.uk/mmz4281/2526/E0.csv,2026-05-25
2025-26,West Ham,24,2026-01-31,Chelsea,A,2,3,L,0,20,-19,29,48,234,https://www.football-data.co.uk/mmz4281/2526/E0.csv,2026-05-25
2025-26,West Ham,25,2026-02-07,Burnley,A,2,0,W,3,23,-17,31,48,245,https://www.football-data.co.uk/mmz4281/2526/E0.csv,2026-05-25
2025-26,West Ham,26,2026-02-10,Man United,H,1,1,D,1,24,-17,32,49,254,https://www.football-data.co.uk/mmz4281/2526/E0.csv,2026-05-25
2025-26,West Ham,27,2026-02-21,Bournemouth,H,0,0,D,1,25,-17,32,49,265,https://www.football-data.co.uk/mmz4281/2526/E0.csv,2026-05-25
2025-26,West Ham,28,2026-02-28,Liverpool,A,2,5,L,0,25,-20,34,54,275,https://www.football-data.co.uk/mmz4281/2526/E0.csv,2026-05-25
2025-26,West Ham,29,2026-03-04,Fulham,A,1,0,W,3,28,-19,35,54,288,https://www.football-data.co.uk/mmz4281/2526/E0.csv,2026-05-25
2025-26,West Ham,30,2026-03-14,Man City,H,1,1,D,1,29,-19,36,55,296,https://www.football-data.co.uk/mmz4281/2526/E0.csv,2026-05-25
2025-26,West Ham,31,2026-03-22,Aston Villa,A,0,2,L,0,29,-21,36,57,308,https://www.football-data.co.uk/mmz4281/2526/E0.csv,2026-05-25
2025-26,West Ham,32,2026-04-10,Wolves,H,4,0,W,3,32,-17,40,57,310,https://www.football-data.co.uk/mmz4281/2526/E0.csv,2026-05-25
2025-26,West Ham,33,2026-04-20,Crystal Palace,A,0,0,D,1,33,-17,40,57,329,https://www.football-data.co.uk/mmz4281/2526/E0.csv,2026-05-25
2025-26,West Ham,34,2026-04-25,Everton,H,2,1,W,3,36,-16,42,58,336,https://www.football-data.co.uk/mmz4281/2526/E0.csv,2026-05-25
2025-26,West Ham,35,2026-05-02,Brentford,A,0,3,L,0,36,-19,42,61,341,https://www.football-data.co.uk/mmz4281/2526/E0.csv,2026-05-25
2025-26,West Ham,36,2026-05-10,Arsenal,H,0,1,L,0,36,-20,42,62,358,https://www.football-data.co.uk/mmz4281/2526/E0.csv,2026-05-25
2025-26,West Ham,37,2026-05-17,Newcastle,A,1,3,L,0,36,-22,43,65,367,https://www.football-data.co.uk/mmz4281/2526/E0.csv,2026-05-25
2025-26,West Ham,38,2026-05-24,Leeds,H,3,0,W,3,39,-19,46,65,380,https://www.football-data.co.uk/mmz4281/2526/E0.csv,2026-05-25
2025-26,Wolves,1,2025-08-16,Man City,H,0,4,L,0,0,-4,0,4,6,https://www.football-data.co.uk/mmz4281/2526/E0.csv,2026-05-25
2025-26,Wolves,2,2025-08-23,Bournemouth,A,0,1,L,0,0,-5,0,5,13,https://www.football-data.co.uk/mmz4281/2526/E0.csv,2026-05-25
2025-26,Wolves,3,2025-08-30,Everton,H,2,3,L,0,0,-6,2,8,25,https://www.football-data.co.uk/mmz4281/2526/E0.csv,2026-05-25
2025-26,Wolves,4,2025-09-13,Newcastle,A,0,1,L,0,0,-7,2,9,36,https://www.football-data.co.uk/mmz4281/2526/E0.csv,2026-05-25
2025-26,Wolves,5,2025-09-20,Leeds,H,1,3,L,0,0,-9,3,12,45,https://www.football-data.co.uk/mmz4281/2526/E0.csv,2026-05-25
2025-26,Wolves,6,2025-09-27,Tottenham,A,1,1,D,1,1,-9,4,13,57,https://www.football-data.co.uk/mmz4281/2526/E0.csv,2026-05-25
2025-26,Wolves,7,2025-10-05,Brighton,H,1,1,D,1,2,-9,5,14,69,https://www.football-data.co.uk/mmz4281/2526/E0.csv,2026-05-25
2025-26,Wolves,8,2025-10-18,Sunderland,A,0,2,L,0,2,-11,5,16,76,https://www.football-data.co.uk/mmz4281/2526/E0.csv,2026-05-25
2025-26,Wolves,9,2025-10-26,Burnley,H,2,3,L,0,2,-12,7,19,89,https://www.football-data.co.uk/mmz4281/2526/E0.csv,2026-05-25
2025-26,Wolves,10,2025-11-01,Fulham,A,0,3,L,0,2,-15,7,22,94,https://www.football-data.co.uk/mmz4281/2526/E0.csv,2026-05-25
2025-26,Wolves,11,2025-11-08,Chelsea,A,0,3,L,0,2,-18,7,25,105,https://www.football-data.co.uk/mmz4281/2526/E0.csv,2026-05-25
2025-26,Wolves,12,2025-11-22,Crystal Palace,H,0,2,L,0,2,-20,7,27,116,https://www.football-data.co.uk/mmz4281/2526/E0.csv,2026-05-25
2025-26,Wolves,13,2025-11-30,Aston Villa,A,0,1,L,0,2,-21,7,28,127,https://www.football-data.co.uk/mmz4281/2526/E0.csv,2026-05-25
2025-26,Wolves,14,2025-12-03,Nott'm Forest,H,0,1,L,0,2,-22,7,29,137,https://www.football-data.co.uk/mmz4281/2526/E0.csv,2026-05-25
2025-26,Wolves,15,2025-12-08,Man United,H,1,4,L,0,2,-25,8,33,150,https://www.football-data.co.uk/mmz4281/2526/E0.csv,2026-05-25
2025-26,Wolves,16,2025-12-13,Arsenal,A,1,2,L,0,2,-26,9,35,154,https://www.football-data.co.uk/mmz4281/2526/E0.csv,2026-05-25
2025-26,Wolves,17,2025-12-20,Brentford,H,0,2,L,0,2,-28,9,37,165,https://www.football-data.co.uk/mmz4281/2526/E0.csv,2026-05-25
2025-26,Wolves,18,2025-12-27,Liverpool,A,1,2,L,0,2,-29,10,39,176,https://www.football-data.co.uk/mmz4281/2526/E0.csv,2026-05-25
2025-26,Wolves,19,2025-12-30,Man United,A,1,1,D,1,3,-29,11,40,186,https://www.football-data.co.uk/mmz4281/2526/E0.csv,2026-05-25
2025-26,Wolves,20,2026-01-03,West Ham,H,3,0,W,3,6,-26,14,40,193,https://www.football-data.co.uk/mmz4281/2526/E0.csv,2026-05-25
2025-26,Wolves,21,2026-01-07,Everton,A,1,1,D,1,7,-26,15,41,205,https://www.football-data.co.uk/mmz4281/2526/E0.csv,2026-05-25
2025-26,Wolves,22,2026-01-18,Newcastle,H,0,0,D,1,8,-26,15,41,218,https://www.football-data.co.uk/mmz4281/2526/E0.csv,2026-05-25
2025-26,Wolves,23,2026-01-24,Man City,A,0,2,L,0,8,-28,15,43,224,https://www.football-data.co.uk/mmz4281/2526/E0.csv,2026-05-25
2025-26,Wolves,24,2026-01-31,Bournemouth,H,0,2,L,0,8,-30,15,45,233,https://www.football-data.co.uk/mmz4281/2526/E0.csv,2026-05-25
2025-26,Wolves,25,2026-02-07,Chelsea,H,1,3,L,0,8,-32,16,48,247,https://www.football-data.co.uk/mmz4281/2526/E0.csv,2026-05-25
2025-26,Wolves,26,2026-02-11,Nott'm Forest,A,0,0,D,1,9,-32,16,48,258,https://www.football-data.co.uk/mmz4281/2526/E0.csv,2026-05-25
2025-26,Wolves,27,2026-02-18,Arsenal,H,2,2,D,1,10,-32,18,50,261,https://www.football-data.co.uk/mmz4281/2526/E0.csv,2026-05-25
2025-26,Wolves,28,2026-02-22,Crystal Palace,A,0,1,L,0,10,-33,18,51,267,https://www.football-data.co.uk/mmz4281/2526/E0.csv,2026-05-25
2025-26,Wolves,29,2026-02-27,Aston Villa,H,2,0,W,3,13,-31,20,51,272,https://www.football-data.co.uk/mmz4281/2526/E0.csv,2026-05-25
2025-26,Wolves,30,2026-03-03,Liverpool,H,2,1,W,3,16,-30,22,52,285,https://www.football-data.co.uk/mmz4281/2526/E0.csv,2026-05-25
2025-26,Wolves,31,2026-03-16,Brentford,A,2,2,D,1,17,-30,24,54,301,https://www.football-data.co.uk/mmz4281/2526/E0.csv,2026-05-25
2025-26,Wolves,32,2026-04-10,West Ham,A,0,4,L,0,17,-34,24,58,310,https://www.football-data.co.uk/mmz4281/2526/E0.csv,2026-05-25
2025-26,Wolves,33,2026-04-18,Leeds,A,0,3,L,0,17,-37,24,61,321,https://www.football-data.co.uk/mmz4281/2526/E0.csv,2026-05-25
2025-26,Wolves,34,2026-04-25,Tottenham,H,0,1,L,0,17,-38,24,62,337,https://www.football-data.co.uk/mmz4281/2526/E0.csv,2026-05-25
2025-26,Wolves,35,2026-05-02,Sunderland,H,1,1,D,1,18,-38,25,63,343,https://www.football-data.co.uk/mmz4281/2526/E0.csv,2026-05-25
2025-26,Wolves,36,2026-05-09,Brighton,A,0,3,L,0,18,-41,25,66,351,https://www.football-data.co.uk/mmz4281/2526/E0.csv,2026-05-25
2025-26,Wolves,37,2026-05-17,Fulham,H,1,1,D,1,19,-41,26,67,366,https://www.football-data.co.uk/mmz4281/2526/E0.csv,2026-05-25
2025-26,Wolves,38,2026-05-24,Burnley,A,1,1,D,1,20,-41,27,68,372,https://www.football-data.co.uk/mmz4281/2526/E0.csv,2026-05-25
